"Date","RegionName","State","SizeRank","Zri","MoM","QoQ","YoY","ZriRecordCnt"
2016-02-29,"United States",,0,1383,0.00144822592324403,0.00217391304347826,0.0259643916913947,99948404
2016-02-29,"New York, NY","NY",1,2401,0.00292397660818713,0.0122259696458685,0.0430060816681147,4976694
2016-02-29,"Los Angeles-Long Beach-Anaheim, CA","CA",2,2507,0.00360288230584468,0.0084473049074819,0.0359504132231405,2947930
2016-02-29,"Chicago, IL","IL",3,1631,0,-0.00305623471882641,0.00431034482758621,3122801
2016-02-29,"Dallas-Fort Worth, TX","TX",4,1506,0.00132978723404255,0.00735785953177258,0.0393374741200828,1869061
2016-02-29,"Philadelphia, PA","PA",5,1554,-0.0012853470437018,-0.00192678227360308,0.0170157068062827,2023306
2016-02-29,"Houston, TX","TX",6,1575,-0.000634517766497462,-0.000634517766497462,0.038233355306526,1761543
2016-02-29,"Washington, DC","DC",7,2110,0.00142382534409112,0.000474158368895211,0.0100526567735759,1885084
2016-02-29,"Miami-Fort Lauderdale, FL","FL",8,1838,0.00382304751501912,0.011001100110011,0.043725156161272,2390295
2016-02-29,"Atlanta, GA","GA",9,1280,0.00313479623824451,0.00470957613814757,0.0355987055016181,1838983
2016-02-29,"Boston, MA","MA",10,2250,0.00178094390026714,0.00312082032991529,0.0543580131208997,1476954
2016-02-29,"San Francisco, CA","CA",11,3350,0.00179425837320574,0.00842865743527995,0.104881266490765,1232572
2016-02-29,"Detroit, MI","MI",12,1143,0.00527704485488127,0.0115044247787611,0.0214477211796247,1658445
2016-02-29,"Riverside, CA","CA",13,1695,0.00177304964539007,0.00355239786856128,0.0303951367781155,1188176
2016-02-29,"Phoenix, AZ","AZ",14,1257,0.00319233838786911,0.00721153846153846,0.0337171052631579,1457649
2016-02-29,"Seattle, WA","WA",15,1946,0.0036101083032491,0.0119604784191368,0.0721763085399449,1155925
2016-02-29,"Minneapolis-St Paul, MN","MN",16,1501,0.00200267022696929,-0.00133067198935462,0.0169376693766938,1138896
2016-02-29,"San Diego, CA","CA",17,2338,0.00515907136715391,0.0116832540025963,0.034971226206286,821358
2016-02-29,"St. Louis, MO","MO",18,1123,0,0.00267857142857143,0.00807899461400359,1036506
2016-02-29,"Tampa, FL","FL",19,1301,0.00153964588144727,0.00696594427244582,0.0366533864541833,1078896
2016-02-29,"Baltimore, MD","MD",20,1713,0.00058411214953271,-0.00116618075801749,0.00646298472385429,980095
2016-02-29,"Denver, CO","CO",21,1959,0.00255885363357216,0.00513083632632119,0.0722495894909688,872925
2016-02-29,"Pittsburgh, PA","PA",22,1098,0.00549450549450549,0.00641613198900092,0.0185528756957328,861624
2016-02-29,"Portland, OR","OR",23,1699,0.00354400472533963,0.0101070154577883,0.0870121561100448,715023
2016-02-29,"Charlotte, NC","NC",24,1220,0,-0.000819000819000819,0.0217755443886097,862451
2016-02-29,"Sacramento, CA","CA",25,1608,0.00374531835205993,0.00625782227784731,0.0414507772020725,655647
2016-02-29,"San Antonio, TX","TX",26,1297,0,-0.00460475825019187,0.0220646178092987,645693
2016-02-29,"Orlando, FL","FL",27,1345,0.000744047619047619,0.00298284862043251,0.0394126738794436,764067
2016-02-29,"Cincinnati, OH","OH",28,1221,-0.00163532297628782,-0.00407830342577488,0.0175,700034
2016-02-29,"Cleveland, OH","OH",29,1114,-0.0026857654431513,-0.0106571936056838,-0.0124113475177305,726136
2016-02-29,"Kansas City, MO","MO",30,1212,0.00497512437810945,0.0159262363788768,0.0350128095644748,690983
2016-02-29,"Las Vegas, NV","NV",31,1210,-0.000825763831544178,-0.00165016501650165,0.0125523012552301,673685
2016-02-29,"Columbus, OH","OH",32,1270,0,-0.000786782061369001,0.0258481421647819,640997
2016-02-29,"Indianapolis, IN","IN",33,1181,0.000847457627118644,-0.00169061707523246,0.00254668930390492,708279
2016-02-29,"San Jose, CA","CA",34,3453,0.0031958163858222,0.0120164126611958,0.0804130162703379,465894
2016-02-29,"Austin, TX","TX",35,1686,0.0017825311942959,0.00237812128418549,0.0305623471882641,535231
2016-02-29,"Virginia Beach, VA","VA",36,1406,0.000711743772241993,-0.00283687943262411,-0.00424929178470255,561208
2016-02-29,"Nashville, TN","TN",37,1407,0.00213675213675214,0.00571837026447462,0.0547226386806597,633495
2016-02-29,"Providence, RI","RI",38,1555,0.0032258064516129,0.00843060959792477,0.0373582388258839,498204
2016-02-29,"Milwaukee, WI","WI",39,1346,0.00823970037453184,0.0227963525835866,0.0189250567751703,408332
2016-02-29,"Jacksonville, FL","FL",40,1255,0.000797448165869219,-0.000796178343949045,0.00641539695268645,487908
2016-02-29,"Memphis, TN","TN",41,1048,-0.0019047619047619,-0.00945179584120983,-0.00569259962049336,444986
2016-02-29,"Oklahoma City, OK","OK",42,1150,-0.00173611111111111,-0.0145672664952871,-0.0103270223752151,471728
2016-02-29,"Louisville-Jefferson County, KY","KY",43,1099,0.00365296803652968,0.00273722627737226,0.0397350993377483,552610
2016-02-29,"Hartford, CT","CT",44,1590,-0.000628535512256443,0.000629326620516048,0.00760456273764258,397662
2016-02-29,"Richmond, VA","VA",45,1331,0.00150489089541008,0.00075187969924812,0.00833333333333333,452507
2016-02-29,"New Orleans, LA","LA",46,1432,-0.00693481276005548,-0.0191780821917808,-0.0110497237569061,395326
2016-02-29,"Buffalo, NY","NY",47,1207,0.00249169435215947,0.0254885301614274,0.134398496240602,360928
2016-02-29,"Raleigh, NC","NC",48,1370,0.00073046018991965,0,0.0170749814402376,411252
2016-02-29,"Birmingham, AL","AL",49,1070,-0.00186567164179104,-0.00186567164179104,0.0219675262655205,410212
2016-02-29,"Salt Lake City, UT","UT",50,1435,0.00419874037788663,0.00490196078431373,0.028673835125448,343820
2016-02-29,"Rochester, NY","NY",51,1314,0.00152439024390244,-0.0105421686746988,-0.0295420974889217,328961
2016-02-29,"Grand Rapids, MI","MI",52,1251,0.0137763371150729,0.0399002493765586,0.0539174389216512,350591
2016-02-29,"Tucson, AZ","AZ",53,1090,-0.000916590284142988,-0.000916590284142988,-0.00183150183150183,311102
2016-02-29,"Urban Honolulu, HI","HI",54,2447,0.00286885245901639,0.00204750204750205,0.0255658005029338,279677
2016-02-29,"Tulsa, OK","OK",55,1055,-0.00189214758751183,-0.0158582089552239,0.00285171102661597,341459
2016-02-29,"Fresno, CA","CA",56,1236,0.0024330900243309,0.00733496332518337,0.0291423813488759,224845
2016-02-29,"Worcester, MA","MA",57,1487,0.00540906017579446,0.00950441276306857,0.0157103825136612,286745
2016-02-29,"Stamford, CT","CT",58,2374,0.000421407501053519,-0.00335852225020991,0.00295732995352767,295070
2016-02-29,"Albuquerque, NM","NM",59,1187,-0.000841750841750842,0.000843170320404722,0.00678541136556404,297913
2016-02-29,"Albany, NY","NY",60,1499,0.00334672021419009,-0.00199733688415446,0.0135226504394861,261594
2016-02-29,"Omaha, NE","NE",61,1250,0.000800640512409928,-0.00477707006369427,0.0016025641025641,448130
2016-02-29,"New Haven, CT","CT",62,1577,0.000634517766497462,0.00126984126984127,0.00960307298335467,272408
2016-02-29,"Bakersfield, CA","CA",63,1223,-0.00163265306122449,-0.00244698205546493,-0.0032599837000815,214386
2016-02-29,"Knoxville, TN","TN",64,1079,0,0.0121951219512195,0.0355086372360845,345616
2016-02-29,"Greenville, SC","SC",65,1187,0.00508044030482642,0.0127986348122867,0.0403155127081507,275188
2016-02-29,"Ventura, CA","CA",66,2514,0.00279218189070602,0.00923323966278603,0.0422885572139304,221165
2016-02-29,"Allentown, PA","PA",67,1407,0.00428265524625268,0.00860215053763441,0.0166184971098266,277231
2016-02-29,"El Paso, TX","TX",68,1033,-0.00673076923076923,-0.0143129770992366,0.00388726919339164,211707
2016-02-29,"Baton Rouge, LA","LA",69,1356,0.00147710487444609,0.000738007380073801,0.00147710487444609,251252
2016-02-29,"Dayton, OH","OH",70,942,0.00533617929562433,0.00533617929562433,0.0295081967213115,285563
2016-02-29,"McAllen, TX","TX",71,1024,-0.000975609756097561,-0.0058252427184466,0.0078740157480315,184406
2016-02-29,"Columbia, SC","SC",72,1099,0.00365296803652968,-0.00272232304900181,-0.00272232304900181,274404
2016-02-29,"Greensboro, NC","NC",73,939,0.00106609808102345,-0.00106382978723404,-0.0105374077976818,262896
2016-02-29,"Akron, OH","OH",74,1073,-0.00186046511627907,-0.0254314259763851,0.0367149758454106,246293
2016-02-29,"North Port-Sarasota-Bradenton, FL","FL",75,1695,-0.00117855038302887,-0.00935125657510228,-0.0614617940199335,350195
2016-02-29,"Little Rock, AR","AR",76,1017,0,0,0.00394866732477789,244761
2016-02-29,"Stockton, CA","CA",77,1429,0.00492264416315049,0.0163584637268848,0.0445906432748538,174548
2016-02-29,"Charleston, SC","SC",78,1527,0,0.0112582781456954,0.0574792243767313,246948
2016-02-29,"Syracuse, NY","NY",79,1317,0.00228310502283105,0.0045766590389016,0.0107444359171144,198186
2016-02-29,"Colorado Springs, CO","CO",80,1353,0.00148038490007402,0.00594795539033457,0.0281155015197568,223350
2016-02-29,"Winston-Salem, NC","NC",81,1016,0.00693756194251734,0.0109452736318408,0.016,242610
2016-02-29,"Wichita, KS","KS",82,1027,0.00391006842619746,0.00785083415112856,0.0342396777442095,215162
2016-02-29,"Springfield, MA","MA",83,1468,-0.00203942895989123,-0.00743745774171738,0.0145127850725639,181659
2016-02-29,"Fort Myers, FL","FL",84,1561,0.00579896907216495,0.0202614379084967,0.0626276378488768,339162
2016-02-29,"Boise City, ID","ID",85,1106,0.000904977375565611,-0.0045004500450045,0.0355805243445693,207355
2016-02-29,"Toledo, OH","OH",86,962,-0.00103842159916926,-0.00310880829015544,0.00732984293193717,213734
2016-02-29,"Madison, WI","WI",87,1435,-0.00277970813064628,-0.0164496230294722,0.0206258890469417,219404
2016-02-29,"Lakeland, FL","FL",88,1149,0.001743679163034,0.00437062937062937,0.0398190045248869,190535
2016-02-29,"Ogden, UT","UT",89,1296,0.00309597523219814,0.0101325019485581,0.0302066772655008,184520
2016-02-29,"Daytona Beach, FL","FL",90,1249,0.00401929260450161,0.0064464141821112,0.0399666944213156,252382
2016-02-29,"Des Moines, IA","IA",91,1294,0.00310077519379845,0.00232378001549187,0.0376904570970329,208908
2016-02-29,"Jackson, MS","MS",92,1183,0.0137103684661525,0.0295909486510009,0.040457343887423,178814
2016-02-29,"Youngstown, OH","OH",93,767,0.00130548302872063,-0.00260078023407022,0.0521262002743484,209499
2016-02-29,"Augusta, GA","GA",94,881,-0.00113378684807256,-0.0123318385650224,-0.0254424778761062,230510
2016-02-29,"Scranton, PA","PA",95,1061,-0.00281954887218045,0.045320197044335,0.129925452609159,203365
2016-02-29,"Harrisburg, PA","PA",96,1249,-0.00319233838786911,-0.0110847189231987,0.0129764801297648,183155
2016-02-29,"Melbourne, FL","FL",97,1262,0.00397772474144789,0.0144694533762058,0.0613961312026913,237632
2016-02-29,"Chattanooga, TN","TN",98,1117,0.00630630630630631,0.00994575045207957,-0.0115044247787611,201010
2016-02-29,"Spokane, WA","WA",99,1165,0.00171969045571797,-0.00171379605826907,0.0246262093227792,176007
2016-02-29,"Provo, UT","UT",100,1350,0.00446428571428571,0.00746268656716418,0.0305343511450382,146682
2016-02-29,"Lancaster, PA","PA",101,1139,0.0106477373558119,0.028906955736224,0.0517082179132041,150896
2016-02-29,"Modesto, CA","CA",102,1255,0.0023961661341853,0.0023961661341853,0.042358803986711,131988
2016-02-29,"Portland, ME","ME",103,1547,-0.000645994832041344,-0.0012911555842479,0.0299600532623169,229169
2016-02-29,"Durham, NC","NC",104,1322,0.00303490136570561,0.0060882800608828,0.0177059276366436,160260
2016-02-29,"Santa Rosa, CA","CA",105,2439,0.00701899256812552,0.0209292591042277,0.0922525750111957,144741
2016-02-29,"Lexington, KY","KY",106,1119,0.00448833034111311,0.00629496402877698,0.0351526364477336,168407
2016-02-29,"Lafayette, LA","LA",107,1275,-0.00700934579439252,-0.0289413556740289,-0.0296803652968037,135834
2016-02-29,"Lansing, MI","MI",108,1087,0,0.00462107208872458,0.0646425073457395,144292
2016-02-29,"Fayetteville, AR","AR",109,1116,0.00540540540540541,0.00904159132007233,0.0145454545454545,149165
2016-02-29,"Pensacola, FL","FL",110,1099,0.00273722627737226,0.00641025641025641,0.0185356811862836,168657
2016-02-29,"Visalia, CA","CA",111,1133,0.00354295837023915,0,0.00443262411347518,112417
2016-02-29,"Shreveport, LA","LA",112,1104,0.00546448087431694,0.0119156736938588,-0.0063006300630063,145892
2016-02-29,"Springfield, MO","MO",113,807,-0.00493218249075216,-0.0134474327628362,0.0138190954773869,125830
2016-02-29,"York, PA","PA",114,1272,-0.00469483568075117,-0.00625,0.00315457413249211,145946
2016-02-29,"Corpus Christi, TX","TX",115,1407,-0.0014194464158978,-0.011243851018974,0.0107758620689655,141817
2016-02-29,"Flint, MI","MI",116,736,0.0366197183098592,0.0807635829662261,0.0559540889526542,156157
2016-02-29,"Reno, NV","NV",117,1447,0.0013840830449827,0.00416377515614157,0.0432588320115357,140148
2016-02-29,"Asheville, NC","NC",118,1281,0.00234741784037559,0.00391849529780564,0.0578034682080925,160719
2016-02-29,"Port St. Lucie, FL","FL",119,1424,0.0028169014084507,0.0120824449182658,0.0470588235294118,196596
2016-02-29,"Santa Maria-Santa Barbara, CA","CA",120,2511,0.0112766814337495,0.041908713692946,0.0423412204234122,95634
2016-02-29,"Huntsville, AL","AL",121,1113,-0.00713648528099911,-0.031331592689295,0.0296022201665125,133685
2016-02-29,"Fort Wayne, IN","IN",122,975,-0.00510204081632653,-0.0279162512462612,0.0114107883817427,142007
2016-02-29,"Salinas, CA","CA",123,2152,0.00938086303939963,0.0170132325141777,0.0653465346534653,88719
2016-02-29,"Vallejo, CA","CA",124,1873,0.000534188034188034,0.00536768652710682,0.0678449258836944,124548
2016-02-29,"Mobile, AL","AL",125,956,0.00104712041884817,0.0105708245243129,0.0645879732739421,139685
2016-02-29,"Reading, PA","PA",126,1297,0,-0.00307455803228286,0.0367705835331735,115340
2016-02-29,"Brownsville, TX","TX",127,906,0.00443458980044346,0.00666666666666667,0.0145576707726764,129509
2016-02-29,"Killeen, TX","TX",128,994,0.00100704934541793,0,-0.00400801603206413,126550
2016-02-29,"Canton, OH","OH",129,917,0.00438116100766703,-0.0160944206008584,0.016629711751663,143579
2016-02-29,"Beaumont, TX","TX",130,1132,0.00354609929078014,0.0116175156389634,0.0116175156389634,131861
2016-02-29,"Manchester, NH","NH",131,1754,0.00573394495412844,0.0162224797219003,0.0656136087484812,150372
2016-02-29,"Salem, OR","OR",132,1343,0.00223880597014925,0,0.0533333333333333,104588
2016-02-29,"Anchorage, AK","AK",133,1880,0.00642398286937901,0.0032017075773746,-0.00843881856540084,107983
2016-02-29,"Davenport, IL","IL",134,976,0.00514933058702369,-0.0131445904954499,-0.00813008130081301,140981
2016-02-29,"Peoria, IL","IL",135,1086,-0.0154125113327289,-0.0482033304119194,0.0168539325842697,139518
2016-02-29,"Myrtle Beach, SC","SC",136,1187,0.00508044030482642,0.00935374149659864,0.0485865724381625,245989
2016-02-29,"Montgomery, AL","AL",137,908,-0.00765027322404372,-0.0226049515608181,-0.0442105263157895,147720
2016-02-29,"Salisbury, MD","MD",138,1267,0.00475812846946868,-0.0147744945567652,-0.0558867362146051,199731
2016-02-29,"Gulfport, MS","MS",139,1026,-0.00677637947725073,0,0.024975024975025,121643
2016-02-29,"Tallahassee, FL","FL",140,1153,-0.00345721694036301,-0.00517687661777394,-0.0136869118905047,103255
2016-02-29,"Trenton, NJ","NJ",141,1817,0.00553403431101273,0.00331308669243512,0.0282965478211658,114801
2016-02-29,"Fayetteville, NC","NC",142,888,-0.00224719101123596,-0.00336700336700337,-0.00336700336700337,116422
2016-02-29,"Hickory, NC","NC",143,891,0.0102040816326531,0.0136518771331058,0.0264976958525346,166258
2016-02-29,"Huntington, WV","WV",144,945,-0.015625,-0.0287769784172662,0.0305343511450382,120331
2016-02-29,"Eugene, OR","OR",145,1207,0.00583333333333333,0.00583333333333333,0.00499583680266445,94905
2016-02-29,"Rockford, IL","IL",146,1102,0.00364298724954463,0.0110091743119266,0.0545454545454545,114655
2016-02-29,"Savannah, GA","GA",147,1249,0,-0.0047808764940239,0.0195918367346939,126598
2016-02-29,"Ann Arbor, MI","MI",148,1675,-0.00711321873147599,-0.0301100173711639,-0.0210403272939801,113829
2016-02-29,"Ocala, FL","FL",149,996,0.00201207243460765,-0.00100300902708124,-0.003003003003003,121300
2016-02-29,"Kalamazoo, MI","MI",150,1117,0.00179372197309417,0.0333024976873266,0.0419776119402985,121130
2016-02-29,"Naples, FL","FL",151,2726,0.00701884004432952,-0.000366703337000367,-0.069941999317639,202257
2016-02-29,"South Bend, IN","IN",152,881,-0.00113378684807256,-0.013437849944009,0.0103211009174312,127522
2016-02-29,"Spartanburg, SC","SC",153,1037,-0.00192492781520693,-0.00288461538461538,0.0527918781725888,103683
2016-02-29,"Evansville, IN","IN",154,949,0.00529661016949152,-0.0114583333333333,0.0182403433476395,115852
2016-02-29,"Kingsport, TN","TN",155,934,0.00107181136120043,0.00538213132400431,0.0163220892274211,113029
2016-02-29,"Roanoke, VA","VA",156,1084,0.00931098696461825,0.000923361034164358,-0.00823421774931381,130145
2016-02-29,"Green Bay, WI","WI",157,1054,0.0105465004793864,0.0242954324586978,0.14192849404117,107645
2016-02-29,"Lincoln, NE","NE",158,1248,0,-0.00239808153477218,0.0513900589721988,93628
2016-02-29,"Fort Collins, CO","CO",159,1704,0.00590318772136954,0.0112759643916914,0.071024512884978,116253
2016-02-29,"Utica, NY","NY",160,1149,0.001743679163034,0,0.0370036101083032,89080
2016-02-29,"Columbus, GA","GA",161,897,-0.00111358574610245,-0.00554323725055432,-0.0175246440306681,91865
2016-02-29,"Boulder, CO","CO",162,2248,-0.00133274100399822,-0.00442869796279894,0.0628841607565012,106903
2016-02-29,"Lubbock, TX","TX",163,1178,-0.00590717299578059,-0.0100840336134454,0.0076988879384089,87370
2016-02-29,"Erie, PA","PA",164,1001,0.001,0.002002002002002,-0.0430210325047801,83064
2016-02-29,"Fort Smith, AR","AR",165,858,0.00350877192982456,0.0106007067137809,0.0476190476190476,78801
2016-02-29,"Duluth, MN","MN",166,1085,-0.00549954170485793,-0.026032315978456,0.0235849056603774,117320
2016-02-29,"Atlantic City, NJ","NJ",167,1545,-0.00193798449612403,-0.0115163147792706,0.0313751668891856,112858
2016-02-29,"New London, CT","CT",168,1492,-0.000669792364367046,0.00606877950101146,0.0254295532646048,94255
2016-02-29,"San Luis Obispo, CA","CA",169,2256,0.0112057373375168,0.0263876251137398,0.0747975226298237,87791
2016-02-29,"Gainesville, FL","FL",170,1201,0,0.00166805671392827,0.0309012875536481,74498
2016-02-29,"Santa Cruz, CA","CA",171,2866,0.00667369160519845,0.025035765379113,0.106563706563707,64124
2016-02-29,"Clarksville, TN","TN",172,990,-0.00100908173562059,-0.00302114803625378,0.0122699386503067,91943
2016-02-29,"Cedar Rapids, IA","IA",173,1175,0.00599315068493151,0.0173160173160173,0.0740402193784278,94053
2016-02-29,"Merced, CA","CA",174,1090,0.00832562442183164,0.0234741784037559,0.0592808551992225,60843
2016-02-29,"Wilmington, NC","NC",175,1274,-0.0046875,-0.00778816199376947,0.0324149108589951,116817
2016-02-29,"Kennewick, WA","WA",176,1400,0.00430416068866571,0.0115606936416185,0.0869565217391304,76860
2016-02-29,"Greeley, CO","CO",177,1509,0.00532978014656895,0.00734312416555407,0.0342700479780672,92808
2016-02-29,"Waco, TX","TX",178,1090,0.000918273645546373,0.00460829493087558,0.0380952380952381,74642
2016-02-29,"Lynchburg, VA","VA",179,1069,-0.00372786579683131,-0.0138376383763838,0.0259117082533589,82907
2016-02-29,"Olympia, WA","WA",180,1446,0.00207900207900208,0.00766550522648084,0.0321199143468951,91697
2016-02-29,"Amarillo, TX","TX",181,1216,0.00829187396351575,0.032258064516129,0.00495867768595041,79588
2016-02-29,"Binghamton, NY","NY",182,1132,0.00176991150442478,-0.013077593722755,-0.0324786324786325,73138
2016-02-29,"Hagerstown, MD","MD",183,1195,0.00251677852348993,0.00167644593461861,0.00589225589225589,89284
2016-02-29,"Bremerton, WA","WA",184,1553,0.00193548387096774,0.0117263843648208,0.0429818670248489,85563
2016-02-29,"Laredo, TX","TX",185,1180,0.00511073253833049,0.016365202411714,-0.0304026294165982,57332
2016-02-29,"Yakima, WA","WA",186,1059,-0.000943396226415094,-0.0185356811862836,0.0124282982791587,66371
2016-02-29,"Crestview-Fort Walton Beach-Destin, FL","FL",187,1395,0.000717360114777619,-0.00143163922691482,0.0212298682284041,127015
2016-02-29,"Topeka, KS","KS",188,955,0.00738396624472574,0.00844772967265047,0.00844772967265047,80280
2016-02-29,"Macon, GA","GA",189,924,-0.00108108108108108,-0.00645161290322581,-0.028391167192429,64276
2016-02-29,"Champaign-Urbana, IL","IL",190,1087,0.00741427247451344,0.0149393090569561,0.0149393090569561,72345
2016-02-29,"Tuscaloosa, AL","AL",191,1153,0.00523103748910201,0.00874890638670166,0.0510483135824977,102097
2016-02-29,"College Station, TX","TX",192,1501,0.0135043889264011,0.0301990391214825,0.0940233236151603,56964
2016-02-29,"Sioux Falls, SD","SD",193,1117,-0.000894454382826476,-0.00711111111111111,0.0257116620752984,62163
2016-02-29,"Charleston, WV","WV",194,924,-0.0170212765957447,-0.0542476970317298,-0.0180658873538789,119504
2016-02-29,"Appleton, WI","WI",195,1040,-0.00287631831255992,0.00192678227360308,-0.0510948905109489,77793
2016-02-29,"Chico, CA","CA",196,1292,0.0031055900621118,-0.00308641975308642,-0.00615384615384615,61206
2016-02-29,"Charlottesville, VA","VA",197,1428,0.00280898876404494,0.00280898876404494,0.00210526315789474,80787
2016-02-29,"Claremont, NH","NH",198,1376,-0.00289855072463768,0.0021849963583394,0.0132547864506627,101759
2016-02-29,"Cape Cod, MA","MA",199,1868,0.00214592274678112,-0.00426439232409382,-0.0240334378265413,151673
2016-02-29,"Longview, TX","TX",200,1205,0.00249584026622296,0.00668337510442774,-0.0211210398050366,54845
2016-02-29,"Burlington, VT","VT",201,1755,0.00746268656716418,0,0.0233236151603499,83357
2016-02-29,"Prescott, AZ","AZ",202,1384,0.00144717800289436,0.0124359912216533,0.0863422291993721,80065
2016-02-29,"Springfield, IL","IL",203,1230,0.00408163265306122,0.0406091370558376,0.431897555296857,99650
2016-02-29,"Tyler, TX","TX",204,1213,-0.00246710526315789,-0.0146222583265638,0.00165152766308836,61047
2016-02-29,"Las Cruces, NM","NM",205,964,-0.00515995872033024,-0.00618556701030928,-0.00103626943005181,55545
2016-02-29,"Fargo, ND","ND",206,1342,-0.00739644970414201,-0.0125091979396615,0.0427350427350427,54461
2016-02-29,"Houma, LA","LA",207,1258,0.0145161290322581,0.00720576461168935,-0.0202492211838006,57445
2016-02-29,"Rochester, MN","MN",208,1355,0.0022189349112426,0.0165041260315079,0.0831334932054357,80016
2016-02-29,"Florence, SC","SC",209,918,0.00109051254089422,-0.0275423728813559,0.0256983240223464,75026
2016-02-29,"Medford, OR","OR",210,1347,0.0143072289156627,0.0353574173712529,0.113223140495868,51435
2016-02-29,"Lafayette-West Lafayette, IN","IN",211,1044,0.00384615384615385,-0.00286532951289398,0.0408773678963111,57472
2016-02-29,"Bellingham, WA","WA",212,1454,0.00275862068965517,0.0132404181184669,0.0513376717281273,72149
2016-02-29,"Lake Havasu City, AZ","AZ",213,988,0.0367261280167891,0.0432946145723337,-0.0246791707798618,73887
2016-02-29,"Saginaw, MI","MI",214,726,0.00137931034482759,-0.00954979536152797,0.0196629213483146,76900
2016-02-29,"Lake Charles, LA","LA",215,1434,0.00631578947368421,0.00349895031490553,0.0474799123447772,51446
2016-02-29,"Johnson City, TN","TN",216,895,-0.00222965440356745,-0.0271739130434783,-0.0313852813852814,87517
2016-02-29,"Elkhart, IN","IN",217,1010,0.00198412698412698,-0.0371782650142993,0.0553814002089864,56490
2016-02-29,"Yuma, AZ","AZ",218,904,0,0.00556173526140156,-0.0403397027600849,44435
2016-02-29,"Racine, WI","WI",219,1207,0.000829187396351575,0.000829187396351575,0.0776785714285714,63496
2016-02-29,"Athens, GA","GA",220,1145,0.00174978127734033,0.00703605980650836,0.0333935018050542,59586
2016-02-29,"Torrington, CT","CT",221,1547,-0.0115015974440895,-0.0159033078880407,0.01977587343441,73566
2016-02-29,"St. Cloud, MN","MN",222,1140,0.000877963125548727,0.0106382978723404,-0.0678659035159444,61944
2016-02-29,"Hilton Head Island, SC","SC",223,1686,0.00357142857142857,0.000593471810089021,0.110671936758893,92911
2016-02-29,"Bloomington, IL","IL",224,1233,0.0156507413509061,0.0343959731543624,-0.018312101910828,61342
2016-02-29,"Hilo, HI","HI",225,1444,0.00208188757807078,0.0255681818181818,0,68071
2016-02-29,"Panama City, FL","FL",226,1258,0.00159235668789809,-0.00553359683794466,0.0483333333333333,87330
2016-02-29,"Kingston, NY","NY",227,1503,-0.000664893617021277,-0.00397614314115308,0.0379834254143646,58169
2016-02-29,"Daphne, AL","AL",228,1383,0.00581818181818182,0.00362844702467344,0.0993640699523052,90468
2016-02-29,"Gainesville, GA","GA",229,1239,-0.00241545893719807,-0.00401929260450161,0.0580700256191289,55653
2016-02-29,"Warner Robins, GA","GA",230,953,0.00105042016806723,-0.00313807531380753,-0.0344478216818642,58516
2016-02-29,"Blacksburg, VA","VA",231,1191,0,-0.000838926174496644,0.0284974093264249,51352
2016-02-29,"Jacksonville, NC","NC",232,907,-0.00548245614035088,-0.0205183585313175,-0.0268240343347639,62730
2016-02-29,"Redding, CA","CA",233,1256,-0.00396510705789056,-0.00868192580899763,0.0219690805532954,50959
2016-02-29,"Monroe, LA","LA",234,953,0.0258342303552207,-0.0265577119509704,0.117233294255569,52490
2016-02-29,"Joplin, MO","MO",235,821,-0.00364077669902913,-0.00845410628019324,0.0314070351758794,38959
2016-02-29,"El Centro, CA","CA",236,1099,-0.00990990990990991,-0.0143497757847534,-0.0702199661590524,35217
2016-02-29,"Terre Haute, IN","IN",237,757,0.014745308310992,0.0257452574525745,-0.0130378096479791,59995
2016-02-29,"Muskegon, MI","MI",238,876,-0.00904977375565611,-0.00904977375565611,0.0991217063989962,62691
2016-02-29,"East Stroudsburg, PA","PA",239,1210,0.00248550124275062,0,-0.0194489465153971,76292
2016-02-29,"Sioux City, IA","IA",240,942,-0.00737618545837724,-0.0377936670071502,0.0306345733041575,54303
2016-02-29,"Greenville, NC","NC",241,987,-0.00101214574898785,0.0112704918032787,0.0367647058823529,55463
2016-02-29,"Waterloo, IA","IA",242,1038,0.00972762645914397,0.039039039039039,0.0734229576008273,66307
2016-02-29,"Oshkosh, WI","WI",243,906,0.00554938956714761,-0.00983606557377049,-0.0876132930513595,34990
2016-02-29,"Yuba City, CA","CA",244,1296,0.00387296669248644,0.00543056633048875,0.00777604976671851,42986
2016-02-29,"Abilene, TX","TX",245,1051,0.000952380952380952,-0.00849056603773585,0.0375123395853899,50291
2016-02-29,"Columbia, MO","MO",246,1079,-0.00552995391705069,-0.0383244206773619,-0.0128087831655993,48269
2016-02-29,"Dover, DE","DE",247,1294,0.00310077519379845,0.00778816199376947,0.0286168521462639,48954
2016-02-29,"Eau Claire, WI","WI",248,1008,0.0233502538071066,0.0621707060063224,-0.0260869565217391,50260
2016-02-29,"Janesville, WI","WI",249,838,0.00842358604091456,0,0.00359281437125748,64863
2016-02-29,"Jackson, MI","MI",250,949,-0.00105263157894737,-0.0206398348813209,0.0138888888888889,62132
2016-02-29,"Punta Gorda, FL","FL",251,1550,-0.00449582530507386,0.00323624595469256,-0.0378646803227809,91322
2016-02-29,"Bloomington, IN","IN",252,1171,0.00171086398631309,0.00515021459227468,-0.0151387720773759,55760
2016-02-29,"Pueblo, CO","CO",253,1025,0.0128458498023715,0.0448521916411825,0.10571736785329,56758
2016-02-29,"Billings, MT","MT",254,1242,-0.00877893056664006,0.00242130750605327,-0.00400962309542903,54324
2016-02-29,"Bowling Green, KY","KY",255,1107,0.00544959128065395,0.0155963302752294,0.0453257790368272,40360
2016-02-29,"Bend, OR","OR",256,1573,-0.00190355329949239,-0.0125549278091651,0.0657181571815718,64874
2016-02-29,"Albany, GA","GA",257,849,-0.00701754385964912,-0.0374149659863946,-0.031927023945268,38484
2016-02-29,"Vineland, NJ","NJ",258,1204,0.00584795321637427,0.0168918918918919,-0.0274636510500808,44024
2016-02-29,"Niles, MI","MI",259,1071,0.0161290322580645,0.00374882849109653,-0.0605263157894737,79557
2016-02-29,"Kahului, HI","HI",260,2588,0.00700389105058366,0.0372745490981964,0.0970750317931327,59653
2016-02-29,"Ottawa, IL","IL",261,1095,0.00366636113657195,-0.00454545454545455,0.00921658986175115,58035
2016-02-29,"State College, PA","PA",262,1534,0.0059016393442623,0.0165672630881378,0.0825688073394495,31590
2016-02-29,"Bangor, ME","ME",263,1160,0.00432900432900433,0.0166520595968449,-0.0202702702702703,52673
2016-02-29,"Alexandria, LA","LA",264,1083,-0.00914913083257091,-0.0286995515695067,-0.0407440212577502,37489
2016-02-29,"Decatur, AL","AL",265,890,-0.0154867256637168,-0.0367965367965368,0.00792751981879955,56525
2016-02-29,"Hanford, CA","CA",266,1091,0.00552995391705069,0.00275735294117647,-0.040457343887423,28688
2016-02-29,"Iowa City, IA","IA",267,1433,0.0098661028893587,0.0301941049604601,0.0513573000733676,53681
2016-02-29,"Rocky Mount, NC","NC",268,662,0.0216049382716049,0.034375,-0.0264705882352941,44617
2016-02-29,"Monroe, MI","MI",269,1163,0.0228671943711522,0.0699172033118675,0.0393208221626452,55439
2016-02-29,"Wichita Falls, TX","TX",270,943,0.00106157112526539,0.00212539851222104,0.0227765726681128,45134
2016-02-29,"Burlington, NC","NC",271,888,-0.00782122905027933,-0.0316248636859324,-0.00892857142857143,50351
2016-02-29,"Madera, CA","CA",272,1156,-0.00430663221360896,-0.0170068027210884,-0.0244725738396625,38149
2016-02-29,"Jefferson City, MO","MO",273,800,-0.00249376558603491,-0.0135635018495684,-0.00497512437810945,41821
2016-02-29,"Chambersburg, PA","PA",274,1087,0.00184331797235023,-0.0100182149362477,-0.0380530973451327,43941
2016-02-29,"Texarkana, TX","TX",275,903,0.00221975582685905,0.0078125,0.0111982082866741,37527
2016-02-29,"Elizabethtown, KY","KY",276,999,-0.0049800796812749,-0.00597014925373134,0,39811
2016-02-29,"Pottsville, PA","PA",277,741,-0.0288335517693316,-0.131301289566237,0.0291666666666667,59207
2016-02-29,"Wheeling, OH","OH",278,1103,0.0128558310376492,0.0888450148075025,0.17590618336887,51830
2016-02-29,"Florence, AL","AL",279,880,0.0103329506314581,0.00113765642775882,0,54373
2016-02-29,"Grand Junction, CO","CO",280,1155,0.00434782608695652,0.00522193211488251,0.0349462365591398,52871
2016-02-29,"Concord, NH","NH",281,1476,-0.00939597315436242,-0.016655562958028,0.0416372618207481,54325
2016-02-29,"Dothan, AL","AL",282,915,-0.0043525571273123,-0.0108108108108108,0.017797552836485,42542
2016-02-29,"Santa Fe, NM","NM",283,1784,0.00847936687394008,0.0147895335608646,0.0884685784014643,57316
2016-02-29,"Johnstown, PA","PA",284,688,0.0147492625368732,0.0345864661654135,0.154362416107383,46611
2016-02-29,"Traverse City, MI","MI",285,1166,0.00517241379310345,0.00952380952380952,0.0228070175438597,88682
2016-02-29,"Hattiesburg, MS","MS",286,1123,-0.00795053003533569,-0.00354924578527063,-0.0327304048234281,42724
2016-02-29,"Dalton, GA","GA",287,957,0.00842992623814542,0.0148462354188759,0.0752808988764045,37073
2016-02-29,"Midland, TX","TX",288,1911,-0.0259938837920489,-0.0741279069767442,-0.216160787530763,42205
2016-02-29,"Homosassa Springs, FL","FL",289,1011,0.0140421263791374,0.0358606557377049,0.0150602409638554,59806
2016-02-29,"Auburn, AL","AL",290,1184,0,-0.00504201680672269,-0.0108604845446951,38512
2016-02-29,"Valdosta, GA","GA",291,939,-0.00739957716701903,-0.0208550573514077,-0.0289555325749741,37269
2016-02-29,"Coeur d'Alene, ID","ID",292,1250,-0.00398406374501992,-0.00950871632329636,0.0593220338983051,66630
2016-02-29,"Springfield, OH","OH",293,744,-0.00401606425702811,0.0333333333333333,-0.0287206266318538,48174
2016-02-29,"St. George, UT","UT",294,1296,0,0.00543056633048875,-0.0106870229007634,57871
2016-02-29,"Vero Beach, FL","FL",295,1324,0,-0.00749625187406297,0.0295489891135303,69270
2016-02-29,"Odessa, TX","TX",296,1563,-0.0126342387871131,-0.058433734939759,-0.205792682926829,36239
2016-02-29,"Napa, CA","CA",297,2612,0.00810497877267464,0.0112272551296942,0.0928870292887029,32487
2016-02-29,"Tupelo, MS","MS",298,1001,0.00704225352112676,0.002002002002002,-0.060093896713615,37385
2016-02-29,"Battle Creek, MI","MI",299,910,-0.0256959314775161,-0.0380549682875264,0.0520231213872832,44386
2016-02-29,"Jamestown, NY","NY",300,788,0.0300653594771242,0.0341207349081365,0.0395778364116095,43261
2016-02-29,"Eureka, CA","CA",301,1386,-0.00929235167977126,-0.0441379310344828,-0.0260014054813774,30403
2016-02-29,"Rapid City, SD","SD",302,1276,0.003933910306845,-0.0192159877017679,0.0167330677290837,32839
2016-02-29,"Flagstaff, AZ","AZ",303,1551,0.00845253576072822,-0.0152380952380952,-0.0263653483992467,36837
2016-02-29,"Lumberton, NC","NC",304,801,0,-0.0024906600249066,-0.0171779141104294,17551
2016-02-29,"Wausau, WI","WI",305,924,0.03125,0.0382022471910112,-0.0503597122302158,52238
2016-02-29,"La Crosse, WI","WI",306,1068,0.00187617260787992,0.0181124880838894,0.0348837209302326,29343
2016-02-29,"Lebanon, PA","PA",307,1059,0.0114613180515759,0.0301556420233463,0.0241779497098646,39457
2016-02-29,"Idaho Falls, ID","ID",308,1027,-0.0029126213592233,-0.00194363459669582,0.0533333333333333,43432
2016-02-29,"Sierra Vista, AZ","AZ",309,880,0.00113765642775882,-0.00789177001127396,-0.0308370044052863,36302
2016-02-29,"Pittsfield, MA","MA",310,1496,0.00537634408602151,0.0260631001371742,0.0809248554913295,51282
2016-02-29,"Lawton, OK","OK",311,737,-0.00539811066126856,-0.00807537012113055,-0.018641810918775,41394
2016-02-29,"Farmington, NM","NM",312,1185,-0.00336417157275021,-0.0149625935162095,-0.0705882352941176,27231
2016-02-29,"Jackson, TN","TN",313,858,0.00116686114352392,0.0106007067137809,-0.0205479452054795,55747
2016-02-29,"Morgantown, WV","WV",314,1057,-0.00844277673545966,-0.046028880866426,-0.0302752293577982,51565
2016-02-29,"Glens Falls, NY","NY",315,1614,0.00875,0,-0.0489098408956983,44971
2016-02-29,"Winchester, VA","VA",316,1328,-0.00225394440270473,-0.00375093773443361,0.0106544901065449,43478
2016-02-29,"St. Joseph, MO","MO",317,830,0.00728155339805825,-0.00479616306954436,0.135430916552668,35307
2016-02-29,"Altoona, PA","PA",318,863,0.00116009280742459,-0.0639913232104121,-0.202402957486137,29805
2016-02-29,"New Bern, NC","NC",319,1008,0.00298507462686567,-0.00591715976331361,-0.0078740157480315,42177
2016-02-29,"Carbondale, IL","IL",320,980,0.00102145045965271,-0.062200956937799,-0.135039717563989,38785
2016-02-29,"London, KY","KY",321,854,0.00707547169811321,0.0142517814726841,0.00234741784037559,20963
2016-02-29,"Logan, ID","ID",322,1054,0.0134615384615385,0.0262901655306719,0.0233009708737864,10869
2016-02-29,"Harrisonburg, VA","VA",323,1085,0.00370027752081406,0.00836431226765799,0.0303893637226971,33457
2016-02-29,"Beckley, WV","WV",324,847,0,-0.00470035252643948,-0.089247311827957,41628
2016-02-29,"Mansfield, OH","OH",325,742,-0.00802139037433155,0.0465444287729196,0.0509915014164306,42578
2016-02-29,"Weirton, OH","OH",326,706,-0.00423131170662906,-0.0235131396957123,-0.124069478908189,45853
2016-02-29,"Goldsboro, NC","NC",327,896,-0.0153846153846154,-0.0558482613277134,-0.0627615062761506,13044
2016-02-29,"Augusta, ME","ME",328,985,-0.0130260521042084,-0.0492277992277992,0.0207253886010363,50758
2016-02-29,"Hammond, LA","LA",329,1211,-0.0138436482084691,-0.0487038491751767,0.0448662640207075,31416
2016-02-29,"Jonesboro, AR","AR",330,944,0.00212314225053079,0.0107066381156317,-0.00631578947368421,38233
2016-02-29,"Sherman, TX","TX",331,1052,0.00862895493767977,0.00285986653956149,-0.0891774891774892,43017
2016-02-29,"Anniston, AL","AL",332,753,-0.0131061598951507,-0.0143979057591623,-0.0419847328244275,45591
2016-02-29,"Staunton, VA","VA",333,1192,0.00760777683854607,-0.000838222967309304,-0.0165016501650165,42320
2016-02-29,"Muncie, IN","IN",334,750,0.00267379679144385,-0.0144546649145861,0.0714285714285714,44477
2016-02-29,"Mount Vernon, WA","WA",335,1434,0.00702247191011236,0.0091484869809993,0.114219114219114,51643
2016-02-29,"Albany, OR","OR",336,1151,0.00876424189307625,0.0231111111111111,0.0569329660238751,32574
2016-02-29,"Watertown, NY","NY",337,1215,-0.000822368421052632,-0.00328137817883511,-0.0395256916996047,28810
2016-02-29,"Williamsport, PA","PA",338,1008,-0.00591715976331361,-0.0029673590504451,-0.112676056338028,34773
2016-02-29,"Cleveland, TN","TN",339,967,0.00624349635796046,0.0157563025210084,0.032017075773746,51214
2016-02-29,"Sheboygan, WI","WI",340,1047,-0.00285714285714286,0.00576368876080692,0.045954045954046,37433
2016-02-29,"Bismarck, ND","ND",341,1521,0.00329815303430079,-0.00912052117263844,0.000657894736842105,28099
2016-02-29,"Owensboro, KY","KY",342,899,0.00111358574610245,-0.00332594235033259,0.0146726862302483,35549
2016-02-29,"Dunn, NC","NC",343,1130,-0.0087719298245614,-0.0199479618386817,0.00444444444444444,25126
2016-02-29,"Wooster, OH","OH",344,1143,0.000875656742556918,0.00175284837861525,0.0178094390026714,32867
2016-02-29,"Morristown, TN","TN",345,904,-0.0055005500550055,-0.0141766630316249,-0.0321199143468951,46524
2016-02-29,"Kankakee, IL","IL",346,1107,-0.0018034265103697,-0.016,-0.0888888888888889,35128
2016-02-29,"Brunswick, GA","GA",347,1199,-0.00415282392026578,-0.0236156351791531,0.0101095197978096,40353
2016-02-29,"Ogdensburg, NY","NY",348,1218,-0.00327332242225859,-0.0248198558847078,-0.0793650793650794,28801
2016-02-29,"San Angelo, TX","TX",349,1231,0.0016273393002441,0.00489795918367347,0.0713664055700609,31212
2016-02-29,"Michigan City, IN","IN",350,917,0.0121412803532009,-0.00108932461873638,-0.118269230769231,70954
2016-02-29,"Holland, MI","MI",351,1059,0.00857142857142857,0.0202312138728324,-0.00656660412757974,48226
2016-02-29,"Wenatchee, WA","WA",352,1447,0.0118881118881119,0.0226148409893993,0.0624082232011747,42629
2016-02-29,"Lawrence, KS","KS",353,1290,-0.00769230769230769,-0.0152671755725191,0.0504885993485342,28134
2016-02-29,"Decatur, IL","IL",354,916,-0.0075839653304442,-0.0546955624355005,-0.0408376963350785,41443
2016-02-29,"Missoula, MT","MT",355,1225,-0.00809716599190283,-0.0168539325842697,0.00989282769991756,37784
2016-02-29,"Salem, OH","OH",356,863,-0.00576036866359447,-0.0137142857142857,0.0105386416861827,34132
2016-02-29,"Bay City, MI","MI",357,813,0.0037037037037037,-0.0133495145631068,0.018796992481203,40191
2016-02-29,"Lewiston, ME","ME",358,1063,-0.0166512488436633,-0.0414788097385031,-0.0129990714948932,37267
2016-02-29,"Roseburg, OR","OR",359,870,-0.00911161731207289,-0.018058690744921,0.00115074798619102,32704
2016-02-29,"Sumter, SC","SC",360,797,-0.00250312891113892,-0.03743961352657,-0.0710955710955711,50175
2016-02-29,"Meridian, MS","MS",361,944,0.00318809776833156,-0.0135841170323929,-0.0541082164328657,31225
2016-02-29,"Show Low, AZ","AZ",362,1133,0.0161434977578475,0.0432780847145488,0.0800762631077216,28113
2016-02-29,"Bluefield, WV","WV",363,786,0.0466045272969374,0.0621621621621622,-0.00253807106598985,30066
2016-02-29,"Danville, VA","VA",364,931,-0.00107296137339056,-0.0116772823779193,0.00976138828633406,37697
2016-02-29,"Lima, OH","OH",365,871,-0.0034324942791762,-0.0102272727272727,0.00461361014994233,34834
2016-02-29,"Cookeville, TN","TN",366,921,-0.00967741935483871,-0.0386221294363257,0.0199335548172757,43389
2016-02-29,"California-Lexington Park, MD","MD",367,1554,0.00843608046722907,0.00452488687782805,0.0203545633617859,46130
2016-02-29,"Gadsden, AL","AL",368,722,0.019774011299435,-0.0411686586985392,-0.142517814726841,31884
2016-02-29,"Cumberland, MD","MD",369,1068,-0.00743494423791822,-0.042152466367713,-0.021978021978022,45090
2016-02-29,"Longview, WA","WA",370,1275,0.0119047619047619,0.0493827160493827,0.100086281276963,32143
2016-02-29,"Whitewater, WI","WI",371,1424,-0.00280112044817927,-0.00140252454417952,-0.0365358592692828,55665
2016-02-29,"Fond du Lac, WI","WI",372,804,0.00249376558603491,-0.0451306413301663,-0.249299719887955,38247
2016-02-29,"Ithaca, NY","NY",373,1575,-0.00568181818181818,-0.0477629987908102,-0.0125391849529781,21044
2016-02-29,"Ashtabula, OH","OH",374,927,-0.00536480686695279,-0.00961538461538462,0.00980392156862745,34651
2016-02-29,"Gettysburg, PA","PA",375,1249,0.00160384923817161,0.0121555915721232,0.0513468013468013,47682
2016-02-29,"Pine Bluff, AR","AR",376,761,0.00131578947368421,-0.0142487046632124,0.0106241699867198,22851
2016-02-29,"Tullahoma, TN","TN",377,1028,0.000973709834469328,0.00292682926829268,0.0188305252725471,38302
2016-02-29,"Richmond, KY","KY",378,962,0.00838574423480084,0.017989417989418,0.0355220667384284,29300
2016-02-29,"Adrian, MI","MI",379,999,-0.00892857142857143,-0.00597014925373134,0.0811688311688312,38633
2016-02-29,"Twin Falls, ID","ID",380,1033,0.0177339901477833,0.0278606965174129,0.0562372188139059,29822
2016-02-29,"Corning, NY","NY",381,1313,-0.0053030303030303,-0.0150037509377344,-0.0856545961002785,27881
2016-02-29,"Sebring, FL","FL",382,876,0.0103806228373702,0.0233644859813084,0.0186046511627907,40853
2016-02-29,"Truckee, CA","CA",383,1781,0.00507900677200903,0.0159726183685111,0.0919681177191907,45052
2016-02-29,"Paducah, KY","KY",384,997,0.0040281973816717,0.00100401606425703,-0.0215897939156035,23561
2016-02-29,"Grand Forks, MN","MN",385,1203,0.0050125313283208,-0.00742574257425743,-0.0329581993569132,16423
2016-02-29,"Shelby, NC","NC",386,760,-0.0281329923273657,-0.0754257907542579,-0.109026963657679,30762
2016-02-29,"Fairbanks, AK","AK",387,1708,-0.000585137507314219,-0.00813008130081301,0.0172721858248958,20162
2016-02-29,"Ocean City, NJ","NJ",388,1787,-0.00390189520624303,-0.0224288840262582,0.090964590964591,100174
2016-02-29,"Mankato, MN","MN",389,1347,0.0196820590461771,0.0361538461538462,0.0827974276527331,24875
2016-02-29,"Rome, GA","GA",390,946,0.00211864406779661,-0.00105596620908131,0.107728337236534,25251
2016-02-29,"Cape Girardeau, MO","MO",391,928,-0.00322234156820623,-0.00535905680600214,0.0186608122941822,39744
2016-02-29,"Hot Springs, AR","AR",392,953,-0.0114107883817427,-0.0441323971915747,-0.082771896053898,33834
2016-02-29,"Greenwood, SC","SC",393,1038,0,-0.00954198473282443,0.0166503428011753,7252
2016-02-29,"Sunbury, PA","PA",394,988,0.00304568527918782,-0.00803212851405622,-0.0266009852216749,39577
2016-02-29,"Clarksburg, WV","WV",395,981,-0.00808897876643074,0.0229405630865485,0.0359028511087645,30914
2016-02-29,"Victoria, TX","TX",396,1395,-0.00285918513223731,-0.0203651685393258,0.0433807030665669,20913
2016-02-29,"Talladega, AL","AL",397,991,0,-0.009,0.0101936799184506,24236
2016-02-29,"Dubuque, IA","IA",398,1092,-0.00273972602739726,-0.0319148936170213,-0.0353356890459364,35294
2016-02-29,"The Villages, FL","FL",399,2387,0.014018691588785,0.00717299578059072,-0.15234375,51281
2016-02-29,"Albertville, AL","AL",400,938,-0.00845665961945032,-0.0147058823529412,0.0341786108048512,33948
2016-02-29,"Manhattan, KS","KS",401,1259,0.00559105431309904,0.00800640512409928,-0.0102201257861635,23815
2016-02-29,"Parkersburg, WV","WV",402,918,0.00109051254089422,-0.0139634801288937,-0.0107758620689655,32177
2016-02-29,"New Philadelphia, OH","OH",403,993,0.00100806451612903,-0.00401203610832497,0.0376175548589342,30001
2016-02-29,"Orangeburg, SC","SC",404,930,-0.00747065101387407,-0.03125,0.0242290748898678,24421
2016-02-29,"Cheyenne, WY","WY",405,1377,0.00218340611353712,-0.0143163922691482,0.0690993788819876,32239
2016-02-29,"New Castle, PA","PA",406,797,-0.00499375780274657,-0.0839080459770115,0.163503649635036,36848
2016-02-29,"Brainerd, MN","MN",407,1217,-0.00245901639344262,-0.0129764801297648,0.00661703887510339,46177
2016-02-29,"Kalispell, MT","MT",408,1266,0.0152365677626303,0.0411184210526316,0.104712041884817,24732
2016-02-29,"Sevierville, TN","TN",409,1141,0.00795053003533569,0.0214861235452104,0.0950095969289827,50421
2016-02-29,"Ames, IA","IA",410,1241,-0.0072,-0.0349922239502333,0.0772569444444444,30941
2016-02-29,"Bozeman, MT","MT",411,1505,0.0148347943358058,0.0357880247763248,0.0576247364722417,28380
2016-02-29,"Moses Lake, WA","WA",412,874,0.0104046242774566,0.0127462340672074,-0.0581896551724138,25694
2016-02-29,"Indiana, PA","PA",413,1026,0.000975609756097561,0.0480081716036772,0.00489715964740451,24913
2016-02-29,"Elmira, NY","NY",414,1170,-0.00763358778625954,-0.0209205020920502,-0.115646258503401,26976
2016-02-29,"Meadville, PA","PA",415,1035,-0.00671785028790787,-0.0235849056603774,-0.0556569343065693,23815
2016-02-29,"Beaver Dam, WI","WI",416,1023,0.0271084337349398,0.0813953488372093,0.0894568690095847,30566
2016-02-29,"Pinehurst-Southern Pines, NC","NC",417,1488,0.0088135593220339,0.029757785467128,-0.0178217821782178,29952
2016-02-29,"Ukiah, CA","CA",418,1250,-0.0428790199081164,-0.0987743330930065,-0.288154897494305,21339
2016-02-29,"Hermiston-Pendleton, OR","OR",419,1099,0.0157116451016636,0.049665711556829,0.0397350993377483,21170
2016-02-29,"Lufkin, TX","TX",420,981,-0.018018018018018,-0.0754005655042413,-0.0908248378127896,19224
2016-02-29,"Zanesville, OH","OH",421,823,-0.00483675937122128,0.00488400488400488,-0.0647727272727273,29946
2016-02-29,"Corvallis, OR","OR",422,1568,0.00255754475703325,0.00191693290734824,0.060893098782138,25419
2016-02-29,"Bloomsburg, PA","PA",423,1136,-0.00175746924428822,-0.00786026200873362,-0.0138888888888889,24436
2016-02-29,"Laurel, MS","MS",424,938,0.00643776824034335,0.011866235167206,-0.0563380281690141,17839
2016-02-29,"Russellville, AR","AR",425,868,0.00930232558139535,0.00462962962962963,-0.00229885057471264,25410
2016-02-29,"Branson, MO","MO",426,942,0.00426439232409382,-0.00422832980972516,0.0716723549488055,29276
2016-02-29,"Watertown, WI","WI",427,1222,0,0.00991735537190083,0.00328407224958949,30379
2016-02-29,"Midland, MI","MI",428,1080,-0.00735294117647059,0.0227272727272727,0.0344827586206897,30322
2016-02-29,"Opelousas, LA","LA",429,1150,0.00700525394045534,0.0249554367201426,-0.00776531492666091,16301
2016-02-29,"Pocatello, ID","ID",430,922,-0.00539374325782093,-0.0170575692963753,0.0313199105145414,23593
2016-02-29,"Kokomo, IN","IN",431,808,0.0202020202020202,0.038560411311054,0.139633286318759,32340
2016-02-29,"Grants Pass, OR","OR",432,1166,0.00257953568357696,-0.00596760443307758,0.0513976555455365,14554
2016-02-29,"Huntsville, TX","TX",433,1213,-0.00573770491803279,-0.0388272583201268,-0.0303756994404476,11856
2016-02-29,"Plattsburgh, NY","NY",434,1570,-0.00254129606099111,-0.0284653465346535,-0.0961427748992516,21639
2016-02-29,"Grand Island, NE","NE",435,1144,-0.00608166811468288,-0.0154905335628227,0.0159857904085258,22664
2016-02-29,"DuBois, PA","PA",436,1037,-0.000963391136801541,0.000965250965250965,0.00387221684414327,23078
2016-02-29,"Danville, IL","IL",437,1012,0.0630252100840336,0.0846730975348339,-0.152428810720268,25499
2016-02-29,"Manitowoc, WI","WI",438,909,0.0156424581005587,0.0190582959641256,-0.00438116100766703,33757
2016-02-29,"Great Falls, MT","MT",439,1152,-0.0025974025974026,-0.00603968938740293,0.0686456400742115,26575
2016-02-29,"Wilson, NC","NC",440,977,-0.00912778904665314,-0.0458984375,-0.00306122448979592,17442
2016-02-29,"Cullman, AL","AL",441,959,0.00313807531380753,0.00208986415882968,0.00524109014675052,30330
2016-02-29,"Olean, NY","NY",442,1291,-0.00920951650038373,-0.0234493192133132,-0.0946704067321178,25250
2016-02-29,"Auburn, NY","NY",443,1352,-0.00147710487444609,-0.0152949745083758,-0.0883344571813891,22575
2016-02-29,"Portsmouth, OH","OH",444,882,-0.00338983050847458,-0.0078740157480315,0.00684931506849315,17142
2016-02-29,"Athens, TX","TX",445,1255,-0.00396825396825397,-0.0648286140089419,-0.00159108989657916,19691
2016-02-29,"Oak Harbor, WA","WA",446,1436,0.00630693763139454,0.0264474624731951,0.114041892940264,40029
2016-02-29,"Chillicothe, OH","OH",447,980,0.00204498977505112,0,0.0503751339764201,20031
2016-02-29,"Hinesville, GA","GA",448,1025,-0.00966183574879227,-0.0181992337164751,-0.0429505135387488,18178
2016-02-29,"Somerset, PA","PA",449,978,-0.00609756097560976,-0.0111223458038423,-0.0151057401812689,17999
2016-02-29,"Warsaw, IN","IN",450,1100,-0.0116801437556155,-0.0525409130060293,0.0912698412698413,29701
2016-02-29,"Stillwater, OK","OK",451,1054,0.00285442435775452,-0.0131086142322097,0.0105465004793864,15420
2016-02-29,"Quincy, IL","IL",452,1186,0.0162810625535561,0.0440140845070423,-0.0246710526315789,22950
2016-02-29,"Keene, NH","NH",453,1350,0.00446428571428571,-0.00074019245003701,0.077414205905826,21725
2016-02-29,"Sandusky, OH","OH",454,1110,-0.00448430493273543,-0.0133333333333333,-0.0124555160142349,30627
2016-02-29,"Searcy, AR","AR",455,881,-0.00113378684807256,-0.0189309576837416,-0.0392584514721919,24218
2016-02-29,"Columbus, IN","IN",456,1149,0.011443661971831,0.00966608084358524,0.005249343832021,29530
2016-02-29,"Roanoke Rapids, NC","NC",457,836,-0.001194743130227,-0.00712589073634204,-0.00594530321046373,15694
2016-02-29,"Centralia, WA","WA",458,1003,0.00804020100502513,0.00601805416248746,0.0255623721881391,24833
2016-02-29,"Casper, WY","WY",459,1347,-0.00663716814159292,0,-0.0645833333333333,25907
2016-02-29,"Helena, MT","MT",460,1238,-0.00482315112540193,0.00814332247557003,0.0617495711835334,15747
2016-02-29,"Findlay, OH","OH",461,1101,0.000909090909090909,0.00639853747714808,0.0185013876040703,27848
2016-02-29,"Wisconsin Rapids-Marshfield, WI","WI",462,902,0.00222222222222222,0.00894854586129754,-0.0643153526970954,24060
2016-02-29,"Palatka, FL","FL",463,1037,-0.0216981132075472,-0.0253759398496241,0.140814081408141,17800
2016-02-29,"Seneca, SC","SC",464,1064,0.0280193236714976,0.0824008138351984,0.0191570881226054,31733
2016-02-29,"Mount Airy, NC","NC",465,986,-0.00101317122593718,0.0102459016393443,0.0175438596491228,13157
2016-02-29,"Glenwood Springs, CO","CO",466,2204,0.0606352261790183,0.164289487585843,0.275462962962963,32959
2016-02-29,"Key West, FL","FL",467,3296,0.0172839506172839,0.0550576184379001,0.0407325544679507,44705
2016-02-29,"Aberdeen, WA","WA",468,842,-0.00355029585798817,-0.0209302325581395,-0.00824499411071849,32093
2016-02-29,"Gallup, NM","NM",469,1062,0,-0.00654817586529467,0.00378071833648393,3563
2016-02-29,"Port Angeles, WA","WA",470,1316,0.00765696784073507,0.0170015455950541,0.0289288506645817,29942
2016-02-29,"Greenfield Town, MA","MA",471,1677,0.00419161676646707,0.00299043062200957,0.0175970873786408,25259
2016-02-29,"Muskogee, OK","OK",472,767,-0.00518806744487678,-0.00518806744487678,0.0281501340482574,32555
2016-02-29,"Frankfort, KY","KY",473,924,0.00873362445414847,-0.00108108108108108,0.0973871733966746,26413
2016-02-29,"Owosso, MI","MI",474,950,0.00635593220338983,0.0281385281385281,0.116333725029377,28023
2016-02-29,"Mount Pleasant, MI","MI",475,906,-0.0119956379498364,-0.039236479321315,-0.119533527696793,19083
2016-02-29,"Statesboro, GA","GA",476,1057,0.00284629981024668,-0.0284926470588235,-0.054561717352415,17448
2016-02-29,"Marion, IN","IN",477,745,0,-0.00401069518716578,-0.0106241699867198,25970
2016-02-29,"Stevens Point, WI","WI",478,623,0.0853658536585366,-0.0356037151702786,-0.415023474178404,24121
2016-02-29,"Minot, ND","ND",479,1468,-0.0271703114645461,-0.116726835138387,-0.283552952659834,17997
2016-02-29,"Shawnee, OK","OK",480,860,-0.00232018561484919,-0.0148911798396334,0.00702576112412178,30998
2016-02-29,"North Wilkesboro, NC","NC",481,987,0.00101419878296146,0,0.028125,18136
2016-02-29,"Richmond, IN","IN",482,761,0,-0.0180645161290323,-0.0268542199488491,27657
2016-02-29,"Greeneville, TN","TN",483,725,0.00834492350486787,-0.0535248041775457,-0.0242261103633917,41798
2016-02-29,"Martinsville, VA","VA",484,974,0.00205761316872428,-0.00915564598168871,0.0167014613778706,23905
2016-02-29,"Forest City, NC","NC",485,851,0,0.00235571260306243,-0.0184544405997693,44390
2016-02-29,"Lake City, FL","FL",486,1171,0.00256849315068493,0.0112262521588946,0.0218150087260035,14704
2016-02-29,"Kapaa, HI","HI",487,2312,0.0127025843188787,0.03584229390681,0.223280423280423,28947
2016-02-29,"Marquette, MI","MI",488,1044,0.0235294117647059,0.0481927710843374,0.0126091173617847,25702
2016-02-29,"LaGrange, GA","GA",489,880,0.0161662817551963,0.0352941176470588,-0.0101237345331834,22292
2016-02-29,"Marion, OH","OH",490,822,-0.00363636363636364,-0.00844390832328106,-0.0108303249097473,24006
2016-02-29,"Morehead City, NC","NC",491,1212,-0.00328947368421053,-0.00164744645799012,-0.0272873194221509,39344
2016-02-29,"Klamath Falls, OR","OR",492,856,0.00943396226415094,0.0166270783847981,0.0660024906600249,24328
2016-02-29,"Marinette, MI","MI",493,861,-0.00347222222222222,-0.0204778156996587,-0.0215909090909091,28989
2016-02-29,"Roswell, NM","NM",494,942,-0.00317460317460317,-0.0436548223350254,-0.058,17110
2016-02-29,"Marshall, TX","TX",495,1197,0.00419463087248322,-0.0025,-0.015625,21018
2016-02-29,"Farmington, MO","MO",496,817,-0.00849514563106796,-0.02389486260454,-0.0410798122065728,22098
2016-02-29,"Charleston, IL","IL",497,1233,0.0139802631578947,0.0361344537815126,0.0275,20864
2016-02-29,"Athens, OH","OH",498,1135,0.00442477876106195,0.0197663971248877,0.119329388560158,9921
2016-02-29,"Hobbs, NM","NM",499,1022,0.000979431929480901,0.0159045725646123,0.0138888888888889,24596
2016-02-29,"Clearlake, CA","CA",500,1240,0.00161550888529887,0.00323624595469256,0.0472972972972973,22427
2016-02-29,"Nacogdoches, TX","TX",501,1253,0.016220600162206,0.0262080262080262,-0.0690936106983655,14809
2016-02-29,"Hutchinson, KS","KS",502,717,-0.012396694214876,-0.0590551181102362,-0.114814814814815,22754
2016-02-29,"Faribault, MN","MN",503,1235,-0.00803212851405622,-0.0244865718799368,-0.0336463223787167,36765
2016-02-29,"Elizabeth City, NC","NC",504,1112,0.0018018018018018,0.0036101083032491,-0.0133096716947649,21455
2016-02-29,"Ionia, MI","MI",505,1021,0,0.01998001998002,0.0736067297581493,18992
2016-02-29,"Alamogordo, NM","NM",506,922,0.0120746432491767,0.0313199105145414,-0.0345549738219895,14672
2016-02-29,"Red Bluff, CA","CA",507,1081,-0.00368663594470046,-0.0154826958105647,0.00278293135435993,12630
2016-02-29,"Hudson, NY","NY",508,1617,-0.00614628149969268,0.0221238938053097,0.0751329787234043,21765
2016-02-29,"Somerset, KY","KY",509,910,0.00330760749724366,0,0.0201793721973094,19939
2016-02-29,"Coos Bay, OR","OR",510,1073,0.0103578154425612,0.0287631831255992,0.0762286860581745,22365
2016-02-29,"Walla Walla, WA","WA",511,1248,-0.00794912559618442,-0.0227094753328113,0.0179445350734095,16407
2016-02-29,"Sayre, PA","PA",512,1049,-0.0150234741784038,-0.0667259786476868,-0.134488448844884,21276
2016-02-29,"Oneonta, NY","NY",513,1399,0.00358680057388809,0.00937950937950938,0.214409722222222,18781
2016-02-29,"Fort Madison, IA","IA",514,1040,0,0.00289296046287367,-0.036144578313253,20355
2016-02-29,"Baraboo, WI","WI",515,1148,0.00967458223394899,0.0177304964539007,-0.0344827586206897,22427
2016-02-29,"Marietta, OH","OH",516,1062,-0.0018796992481203,-0.00468603561387067,0.0432220039292731,15409
2016-02-29,"Salina, KS","KS",517,831,0.0310173697270471,0.0505689001264223,-0.0459242250287026,22127
2016-02-29,"Rutland, VT","VT",518,1469,0.0208478109798471,0.0229805013927577,0.0761904761904762,23537
2016-02-29,"Big Stone Gap, VA","VA",519,955,0.00738396624472574,0.0138004246284501,0.0494505494505495,6267
2016-02-29,"Sturgis, MI","MI",520,978,0.00102354145342886,0.0113753877973113,0.00824742268041237,23110
2016-02-29,"Rio Grande City, TX","TX",521,1125,-0.00177462289263532,-0.019180470793374,0.0378228782287823,11708
2016-02-29,"Fremont, OH","OH",522,975,-0.00306748466257669,-0.0191146881287726,-0.0101522842639594,18209
2016-02-29,"Mount Vernon, OH","OH",523,1069,-0.00650557620817844,-0.00834879406307978,0.0161596958174905,16932
2016-02-29,"Lewiston, ID","ID",524,1113,0.0018001800180018,0.00815217391304348,0.0701923076923077,20975
2016-02-29,"Shelton, WA","WA",525,1071,-0.0129032258064516,-0.050531914893617,-0.0662598081952921,23473
2016-02-29,"Albemarle, NC","NC",526,981,-0.0050709939148073,-0.01998001998002,0.0559741657696448,21486
2016-02-29,"Enid, OK","OK",527,1058,-0.0084348641049672,-0.0203703703703704,0.0601202404809619,17661
2016-02-29,"Jefferson, GA","GA",528,1267,-0.0117004680187207,-0.00705329153605016,0.0376740376740377,20586
2016-02-29,"Georgetown, SC","SC",529,1316,-0.00151745068285281,-0.00828937452901281,0.0544871794871795,27298
2016-02-29,"Laconia, NH","NH",530,1211,0.00916666666666667,-0.00164880461665293,-0.0464566929133858,35219
2016-02-29,"Batavia, NY","NY",531,1341,-0.0044543429844098,-0.0261437908496732,-0.0648535564853557,16690
2016-02-29,"Oxford, NC","NC",532,1095,0.00366636113657195,0.00828729281767956,0.0339943342776204,16384
2016-02-29,"Columbus, MS","MS",533,1027,0.00587659157688541,0.0118226600985222,-0.0586617781851512,15406
2016-02-29,"Norwalk, OH","OH",534,884,0.0303030303030303,0.202721088435374,1.35106382978723,18194
2016-02-29,"Barre, VT","VT",535,1369,-0.0101229211858279,-0.0818242790073776,-0.0186379928315412,19108
2016-02-29,"Kinston, NC","NC",536,850,0,-0.0127758420441347,-0.0252293577981651,11572
2016-02-29,"Sterling, IL","IL",537,1114,0.00723327305605787,0.0027002700270027,-0.0202286719437115,21961
2016-02-29,"Palestine, TX","TX",538,1124,0.00897666068222621,0.0171945701357466,0.0171945701357466,9294
2016-02-29,"Dublin, GA","GA",539,898,-0.00111234705228031,-0.0142700329308452,-0.0426439232409382,14917
2016-02-29,"Vicksburg, MS","MS",540,1045,0.0125968992248062,0.00191754554170662,-0.00759734093067426,13638
2016-02-29,"Point Pleasant, WV","WV",541,941,-0.0177453027139875,-0.0397959183673469,0.0140086206896552,15637
2016-02-29,"Sanford, NC","NC",542,962,0.00312825860271116,0.00104058272632674,-0.0020746887966805,21807
2016-02-29,"Fergus Falls, MN","MN",543,1258,0.00159235668789809,-0.0086682427107959,0.00559552358113509,30516
2016-02-29,"Tiffin, OH","OH",544,907,-0.0032967032967033,-0.0173347778981582,0.010022271714922,18158
2016-02-29,"Fairmont, WV","WV",545,904,0,-0.0184581976112921,-0.0173913043478261,20608
2016-02-29,"Crossville, TN","TN",546,1097,0,0.0148011100832562,0.248009101251422,23440
2016-02-29,"Picayune, MS","MS",547,1133,0.00443262411347518,0.00890471950133571,0.0549348230912477,10227
2016-02-29,"Gloversville, NY","NY",548,1330,0.000752445447705041,-0.0140845070422535,-0.0560681334279631,18270
2016-02-29,"Sonora, CA","CA",549,1310,-0.0007627765064836,-0.0179910044977511,0.029874213836478,21383
2016-02-29,"Gaffney, SC","SC",550,882,-0.00226244343891403,-0.0221729490022173,0.0220162224797219,19122
2016-02-29,"Carson City, NV","NV",551,1261,0.00158856235107228,0.0112269446672013,0.0641350210970464,14941
2016-02-29,"Calhoun, GA","GA",552,993,0.00303030303030303,0.00812182741116751,0.0311526479750779,16848
2016-02-29,"Milledgeville, GA","GA",553,1006,0.0254841997961264,0.0307377049180328,-0.0117878192534381,11751
2016-02-29,"Waycross, GA","GA",554,886,-0.00449438202247191,-0.0209944751381215,-0.0544290288153682,13090
2016-02-29,"Oil City, PA","PA",555,953,0.00315789473684211,0.0106044538706257,-0.00313807531380753,14444
2016-02-29,"Jasper, IN","IN",556,969,-0.00103092783505155,-0.0221997981836529,-0.0132382892057026,22086
2016-02-29,"Morgan City, LA","LA",557,1277,-0.010844306738962,-0.0526706231454006,-0.0994358251057828,11669
2016-02-29,"Eagle Pass, TX","TX",558,1147,0.00525854513584575,0.00790861159929701,0.0342651036970243,11834
2016-02-29,"Ontario, OR","OR",559,996,0.0111675126903553,0.0142566191446029,0.0268041237113402,14734
2016-02-29,"Carlsbad, NM","NM",560,1087,0.00741427247451344,0.0225776105362183,0.100202429149798,14566
2016-02-29,"Payson, AZ","AZ",561,1144,0.0079295154185022,0.0106007067137809,0.0371713508612874,20250
2016-02-29,"McComb, MS","MS",562,912,0.00551267916207277,0.00440528634361234,-0.0539419087136929,9421
2016-02-29,"Rochelle, IL","IL",563,1316,0.00920245398773006,0.00842911877394636,-0.0259067357512953,18184
2016-02-29,"Scottsboro, AL","AL",564,954,-0.00521376433785193,0.00104931794333683,0.0324675324675325,9345
2016-02-29,"Danville, KY","KY",565,873,0.00344827586206897,0.00344827586206897,-0.0124434389140272,14596
2016-02-29,"Ashland, OH","OH",566,809,0.0801068090787717,0.133053221288515,0.128312412831241,16876
2016-02-29,"Natchez, MS","MS",567,1003,0.0070281124497992,-0.0185909980430528,-0.0243190661478599,12284
2016-02-29,"Greenville, OH","OH",568,1076,0,0.00186219739292365,0.0590551181102362,15558
2016-02-29,"Galesburg, IL","IL",569,1126,0.0162454873646209,0.0493942218080149,0.00267141585040071,21043
2016-02-29,"Warrensburg, MO","MO",570,998,0.00100300902708124,0.00910010111223458,-0.100900900900901,13327
2016-02-29,"Kearney, NE","NE",571,1243,-0.00480384307445957,-0.0181674565560821,0.00647773279352227,14566
2016-02-29,"Fort Polk South, LA","LA",572,1060,-0.000942507068803016,0.0182516810758886,-0.013953488372093,10592
2016-02-29,"Fort Leonard Wood, MO","MO",573,983,-0.00606673407482305,-0.017982017982018,-0.0428432327166504,10243
2016-02-29,"Glasgow, KY","KY",574,869,0.00230680507497117,-0.0125,-0.0355160932297447,13627
2016-02-29,"Athens, TN","TN",575,969,-0.00205973223480947,0,0,18366
2016-02-29,"Edwards, CO","CO",576,3347,0.0069193742478941,0.0276327909118821,0.161749392572024,29005
2016-02-29,"Fernley, NV","NV",577,1055,0.00285171102661597,0.023278370514064,0.0754332313965341,15056
2016-02-29,"Mason City, IA","IA",578,952,-0.0165289256198347,-0.0499001996007984,0.00740740740740741,22555
2016-02-29,"Malone, NY","NY",579,1302,-0.0348406226834692,-0.0895104895104895,-0.0843881856540084,12913
2016-02-29,"Winona, MN","MN",580,1241,0.0040453074433657,0.0163800163800164,0.0213991769547325,17122
2016-02-29,"Durango, CO","CO",581,1598,-0.012970969734404,-0.00560049782202863,0.0819228165199729,27195
2016-02-29,"Platteville, WI","WI",582,1053,0.000950570342205323,0,-0.0556053811659193,12369
2016-02-29,"Greenville, MS","MS",583,787,-0.00253485424588086,-0.031980319803198,-0.0552220888355342,14298
2016-02-29,"Boone, NC","NC",584,1246,-0.0111111111111111,-0.0288386593920499,-0.020440251572327,26078
2016-02-29,"Bartlesville, OK","OK",585,968,-0.00717948717948718,-0.016260162601626,0.0556161395856052,22158
2016-02-29,"Jacksonville, TX","TX",586,1147,0.00349956255468067,0.00790861159929701,0.00790861159929701,8624
2016-02-29,"Elko, NV","NV",587,1471,0.0258019525801953,0.0272346368715084,0.0265177948360084,9188
2016-02-29,"Rexburg, ID","ID",588,981,0.0102986611740474,0.016580310880829,0.0326315789473684,15325
2016-02-29,"St. Marys, GA","GA",589,1076,-0.00278035217794254,-0.0101195952161913,0.00373134328358209,16243
2016-02-29,"Ozark, AL","AL",590,866,-0.00574052812858783,-0.0091533180778032,-0.00345224395857307,14626
2016-02-29,"Amsterdam, NY","NY",591,1335,-0.00224215246636771,-0.014760147601476,-0.0722724113968033,14345
2016-02-29,"Enterprise, AL","AL",592,870,-0.0124858115777526,-0.032258064516129,-0.0279329608938547,21802
2016-02-29,"Paris, TX","TX",593,1083,0.0121495327102804,0.0121495327102804,0.0433526011560694,14416
2016-02-29,"Kerrville, TX","TX",594,1374,0.00733137829912024,0.0192878338278932,0.0338600451467269,12493
2016-02-29,"New Castle, IN","IN",595,751,0.00267022696929239,-0.00661375661375661,-0.0170157068062827,18273
2016-02-29,"Sidney, OH","OH",596,1093,0.00275229357798165,0.00367309458218549,0.040952380952381,13378
2016-02-29,"Cortland, NY","NY",597,1349,0.000741839762611276,-0.0051622418879056,-0.0791808873720136,12219
2016-02-29,"Clinton, IA","IA",598,1010,-0.00296150049358342,-0.0241545893719807,0.0306122448979592,18434
2016-02-29,"Del Rio, TX","TX",599,1163,0.00692640692640693,0.00605536332179931,0.0572727272727273,10270
2016-02-29,"Clovis, NM","NM",600,1151,0.02493321460374,0.0463636363636364,0.0716945996275605,4526
2016-02-29,"Norfolk, NE","NE",601,1151,-0.0111683848797251,-0.0137103684661525,0.0726933830382106,13811
2016-02-29,"Washington, NC","NC",602,1109,-0.0018001800180018,0.0072661217075386,0.0164986251145738,5862
2016-02-29,"Corsicana, TX","TX",603,1076,0.0228136882129278,0.0590551181102362,0.0979591836734694,12037
2016-02-29,"Freeport, IL","IL",604,620,-0.0266875981161695,-0.0432098765432099,-0.242053789731051,15855
2016-02-29,"Starkville, MS","MS",605,1068,0.010406811731315,0.0712136409227683,0.0897959183673469,9895
2016-02-29,"Burlington, IA","IA",606,949,-0.00105263157894737,-0.016580310880829,-0.0246659815005139,16556
2016-02-29,"Cadillac, MI","MI",607,892,-0.00335195530726257,0.0045045045045045,0.00904977375565611,20750
2016-02-29,"Ardmore, OK","OK",608,910,-0.00437636761487965,-0.0151515151515152,0.0340909090909091,20481
2016-02-29,"Kendallville, IN","IN",609,983,0.00203873598369011,-0.00807265388496468,0.0524625267665953,14715
2016-02-29,"Nogales, AZ","AZ",610,978,0,-0.0121212121212121,0.0915178571428571,13543
2016-02-29,"Oxford, MS","MS",611,1325,0.00226928895612708,0.00226928895612708,0.0625501202886929,13582
2016-02-29,"Bogalusa, LA","LA",612,1168,-0.00764655904842821,-0.00848896434634975,-0.0242272347535505,10691
2016-02-29,"Plymouth, IN","IN",613,1058,-0.010289990645463,-0.044263775971093,0.0028436018957346,14755
2016-02-29,"Gardnerville Ranchos, NV","NV",614,1568,0.00127713920817369,0.00965872504829363,-0.0236612702366127,20539
2016-02-29,"Tahlequah, OK","OK",615,922,-0.012847965738758,-0.0385818561001043,0.00985761226725082,15475
2016-02-29,"Madisonville, KY","KY",616,826,0.00854700854700855,-0.00481927710843374,-0.0178359096313912,14118
2016-02-29,"Canon City, CO","CO",617,1048,0.0204479065238559,0.0396825396825397,0.0417495029821074,15738
2016-02-29,"Ruston, LA","LA",618,1323,-0.00898876404494382,-0.0207253886010363,0.0870994248151191,8590
2016-02-29,"Hillsdale, MI","MI",619,982,-0.00101729399796541,0.0134158926728586,0.0293501048218029,15032
2016-02-29,"Lewistown, PA","PA",620,1003,0.001998001998002,0.012108980827447,0.001998001998002,9073
2016-02-29,"Rockingham, NC","NC",621,820,-0.00121802679658952,0,0.0110974106041924,2345
2016-02-29,"Ponca City, OK","OK",622,797,0.00886075949367089,0.0139949109414758,0.0445609436435125,17064
2016-02-29,"Blytheville, AR","AR",623,793,0.00379746835443038,-0.0185643564356436,-0.0221948212083847,8589
2016-02-29,"Red Wing, MN","MN",624,1339,0,0.00752445447705041,0.0395962732919255,17041
2016-02-29,"Shawano, WI","WI",625,847,-0.0116686114352392,-0.032,-0.117708333333333,21858
2016-02-29,"Cedar City, UT","UT",626,998,-0.025390625,-0.0611476952022578,-0.0215686274509804,12183
2016-02-29,"Bedford, IN","IN",627,835,0,-0.0176470588235294,-0.022248243559719,16699
2016-02-29,"Gillette, WY","WY",628,1238,0.0299500831946755,0.0403361344537815,-0.0950292397660819,9932
2016-02-29,"Newport, OR","OR",629,1297,-0.00153964588144727,-0.00613026819923372,0.0342902711323764,23315
2016-02-29,"Wapakoneta, OH","OH",630,1054,0.00190114068441065,0.00380952380952381,0.0353634577603143,15847
2016-02-29,"Huntingdon, PA","PA",631,1180,0,0.00511073253833049,0.0305676855895197,6186
2016-02-29,"Bellefontaine, OH","OH",632,1013,-0.00197044334975369,-0.00295275590551181,0.011988011988012,17356
2016-02-29,"McAlester, OK","OK",633,890,-0.00780379041248606,-0.00780379041248606,0.141025641025641,15413
2016-02-29,"Blackfoot, ID","ID",634,928,0,-0.0106609808102345,-0.0127659574468085,13130
2016-02-29,"Moultrie, GA","GA",635,893,-0.00334821428571429,-0.0154355016538037,-0.0609884332281809,9780
2016-02-29,"Henderson, NC","NC",636,881,0.00570776255707762,0.0114810562571757,0.0232288037166086,7064
2016-02-29,"Coldwater, MI","MI",637,952,-0.00418410041841004,-0.00209643605870021,0.0269687162891046,17860
2016-02-29,"Harrison, AR","AR",638,860,0,-0.020501138952164,-0.0103567318757192,14374
2016-02-29,"Rolla, MO","MO",639,888,0.00338983050847458,0.0313588850174216,0.206521739130435,10971
2016-02-29,"Shelbyville, TN","TN",640,1007,0.00398803589232303,0.00599400599400599,0.0100300902708124,15107
2016-02-29,"Duncan, OK","OK",641,837,-0.00119331742243437,0.00239520958083832,0.087012987012987,18297
2016-02-29,"Marion, NC","NC",642,947,-0.00420609884332282,-0.00941422594142259,0.0652418447694038,23727
2016-02-29,"Lewisburg, PA","PA",643,1262,-0.00158227848101266,-0.0117462803445576,-0.0062992125984252,2368
2016-02-29,"Pullman, WA","WA",644,1256,0.00159489633173844,0.0286650286650287,0.0855661192739844,8778
2016-02-29,"Thomasville, GA","GA",645,933,0.0032258064516129,0.0032258064516129,-0.0209863588667366,13800
2016-02-29,"Bemidji, MN","MN",646,1264,0.0039714058776807,0.0112,0.0612930310663308,10408
2016-02-29,"Mount Sterling, KY","KY",647,871,0.0139697322467986,0.0175233644859813,0.0163360560093349,9699
2016-02-29,"Ottumwa, IA","IA",648,891,0.00112359550561798,-0.0208791208791209,-0.0591341077085533,13698
2016-02-29,"Pahrump, NV","NV",649,1154,0.00786026200873362,0.0303571428571429,0.106423777564717,9736
2016-02-29,"Menomonie, WI","WI",650,1057,0.0153698366954851,0.0252182347235693,-0.0231053604436229,13869
2016-02-29,"Selma, AL","AL",651,852,0.00117508813160987,0.00590318772136954,0.00590318772136954,13334
2016-02-29,"Rock Springs, WY","WY",652,1431,0.0302375809935205,0.0783722682743029,0.0475841874084919,12185
2016-02-29,"Bucyrus, OH","OH",653,805,-0.00124069478908189,-0.00862068965517241,-0.0134803921568627,15884
2016-02-29,"Bradford, PA","PA",654,981,0.00718685831622177,0.0144777662874871,-0.0150602409638554,13351
2016-02-29,"Bardstown, KY","KY",655,976,-0.00204498977505112,-0.00408163265306122,-0.00813008130081301,15107
2016-02-29,"Cornelia, GA","GA",656,1009,0.00398009950248756,-0.00493096646942801,0.000992063492063492,21413
2016-02-29,"Burley, ID","ID",657,993,0.00914634146341463,0.00914634146341463,0.0365344467640919,11986
2016-02-29,"Greenwood, MS","MS",658,875,-0.00114155251141553,-0.00793650793650794,0.016260162601626,11142
2016-02-29,"Big Rapids, MI","MI",659,902,0.0044543429844098,0.00894854586129754,-0.0120481927710843,19054
2016-02-29,"Poplar Bluff, MO","MO",660,37810,0.0258288566932552,0.0814908040387861,11.9486301369863,2778
2016-02-29,"Muscatine, IA","IA",661,1110,-0.00179856115107914,-0.0254609306409131,-0.031413612565445,12483
2016-02-29,"Alma, MI","MI",662,822,-0.0060459492140266,-0.00363636363636364,0.0160692212608158,13247
2016-02-29,"Durant, OK","OK",663,878,0.00114025085518814,0.00114025085518814,0.0281030444964871,11197
2016-02-29,"Seymour, IN","IN",664,944,-0.00736067297581493,-0.0455005055611729,-0.0531594784353059,13862
2016-02-29,"Douglas, GA","GA",665,866,-0.00115340253748558,-0.018140589569161,-0.0777422790202343,10133
2016-02-29,"Willmar, MN","MN",666,1244,0.00565885206143896,0.0089213300892133,0.0113821138211382,14222
2016-02-29,"Auburn, IN","IN",667,997,0.00100401606425703,-0.0148221343873518,0.0494736842105263,11475
2016-02-29,"Sedalia, MO","MO",668,799,-0.00249687890137328,-0.0049813200498132,-0.0135802469135802,3586
2016-02-29,"Paragould, AR","AR",669,846,0.00475059382422803,0.00714285714285714,0.0266990291262136,13952
2016-02-29,"Wilmington, OH","OH",670,998,0,-0.00498504486540379,0.00808080808080808,20728
2016-02-29,"Lawrenceburg, TN","TN",671,938,0.00428265524625268,0.00643776824034335,0.0229007633587786,14734
2016-02-29,"Warren, PA","PA",672,996,0.00504540867810293,-0.00598802395209581,-0.0532319391634981,12243
2016-02-29,"El Dorado, AR","AR",673,817,0.00368550368550369,-0.0192076830732293,-0.0376914016489988,9390
2016-02-29,"Mountain Home, AR","AR",674,917,0,-0.0171489817792069,-0.0417972831765935,14749
2016-02-29,"Cedartown, GA","GA",675,903,0.00221975582685905,0,-0.0174102285092492,14832
2016-02-29,"Port Clinton, OH","OH",676,1184,-0.00587741393786734,-0.00671140939597316,0.0102389078498294,23800
2016-02-29,"El Campo, TX","TX",677,1265,0.00396825396825397,0.00556438791732909,0.0420098846787479,12264
2016-02-29,"Montrose, CO","CO",678,1199,0.0169635284139101,0.0508326029798422,0.116387337057728,13574
2016-02-29,"Ellensburg, WA","WA",679,1303,-0.00987841945288754,-0.0276119402985075,0.0259842519685039,16454
2016-02-29,"Jacksonville, IL","IL",680,1091,0.0111214087117702,0.0490384615384615,0.0244131455399061,13287
2016-02-29,"Sandpoint, ID","ID",681,1205,-0.0033085194375517,-0.00904605263157895,0.0432900432900433,18551
2016-02-29,"Alice, TX","TX",682,1103,0.00272727272727273,-0.0142984807864164,-0.0116487455197133,5785
2016-02-29,"Celina, OH","OH",683,1165,-0.00256849315068493,-0.0110356536502547,0.0383244206773619,11557
2016-02-29,"Garden City, KS","KS",684,1051,0.00670498084291188,-0.00567644276253548,-0.0565529622980251,9720
2016-02-29,"Marshalltown, IA","IA",685,943,0.00106157112526539,-0.0217842323651452,-0.0436105476673428,16326
2016-02-29,"West Plains, MO","MO",686,860,-0.00116144018583043,-0.00347624565469293,0.0287081339712919,11273
2016-02-29,"Cullowhee, NC","NC",687,1184,0.00254022015241321,0.00509337860780985,0.0744101633393829,18235
2016-02-29,"Espanola, NM","NM",688,1182,0.00681431005110733,0.0180878552971576,0.0423280423280423,1047
2016-02-29,"Riverton, WY","WY",689,1207,0.0117351215423303,0.0289855072463768,-0.0138888888888889,11294
2016-02-29,"Tifton, GA","GA",690,1000,0.001001001001001,-0.0128331688055281,-0.0262901655306719,8889
2016-02-29,"Urbana, OH","OH",691,1037,0,0.00193236714975845,0.0464177598385469,12063
2016-02-29,"Cambridge, OH","OH",692,1032,0.0127576054955839,0.0606372045220966,-0.411965811965812,9744
2016-02-29,"Okeechobee, FL","FL",693,1188,0.00934579439252336,0.0197424892703863,0.027681660899654,8176
2016-02-29,"McMinnville, TN","TN",694,795,-0.0293040293040293,-0.0580568720379147,-0.0558194774346793,19996
2016-02-29,"Selinsgrove, PA","PA",695,1178,-0.00674536256323777,-0.0142259414225941,-0.0224066390041494,9439
2016-02-29,"Natchitoches, LA","LA",696,1198,0.0033500837520938,0.0152542372881356,0.00672268907563025,7638
2016-02-29,"Centralia, IL","IL",697,1034,0.0127326150832517,0.031936127744511,-0.00767754318618042,13293
2016-02-29,"Berlin, NH","NH",698,1124,0.00536672629695885,0.0227479526842584,-0.000888888888888889,18742
2016-02-29,"Lock Haven, PA","PA",699,920,0.0121012101210121,0.0165745856353591,-0.0753768844221105,10481
2016-02-29,"Sikeston, MO","MO",700,817,0.0061576354679803,0.0161691542288557,0.0302648171500631,1673
2016-02-29,"Austin, MN","MN",701,961,0.0137130801687764,0.0223404255319149,0.00945378151260504,14393
2016-02-29,"Clewiston, FL","FL",702,1164,0.00344827586206897,0.00779220779220779,0.0310008857395926,6659
2016-02-29,"Pittsburg, KS","KS",703,684,-0.0284090909090909,-0.109375,-0.125319693094629,13234
2016-02-29,"Defiance, OH","OH",704,926,0.00108108108108108,-0.00962566844919786,-0.00537056928034372,9757
2016-02-29,"Scottsbluff, NE","NE",705,1096,-0.017921146953405,-0.0343612334801762,0.0300751879699248,10184
2016-02-29,"Logansport, IN","IN",706,731,0.00136986301369863,-0.00948509485094851,-0.0121621621621622,13205
2016-02-29,"Pontiac, IL","IL",707,1144,-0.00174520069808028,-0.00521739130434783,0.00970873786407767,12668
2016-02-29,"Hannibal, MO","MO",708,804,-0.00495049504950495,-0.0218978102189781,-0.0254545454545455,3186
2016-02-29,"Mount Vernon, IL","IL",709,1104,0.00914076782449726,0.0327408793264733,-0.0151650312221231,11939
2016-02-29,"Houghton, MI","MI",710,896,0.0078740157480315,0.0251716247139588,0.094017094017094,18925
2016-02-29,"Union City, TN","TN",711,797,0,-0.00993788819875776,-0.0244798041615667,18078
2016-02-29,"Sault Ste. Marie, MI","MI",712,873,-0.00569476082004556,-0.023489932885906,0.0442583732057416,15503
2016-02-29,"Vincennes, IN","IN",713,758,0.00397350993377483,-0.0143042912873862,-0.025706940874036,15540
2016-02-29,"Gainesville, TX","TX",714,1255,0.00319744204636291,0.000797448165869219,0.0397680198840099,11534
2016-02-29,"Dyersburg, TN","TN",715,613,-0.0176282051282051,-0.0809595202398801,-0.0891530460624071,18021
2016-02-29,"Kill Devil Hills, NC","NC",716,1379,-0.00862688713156003,-0.0164051355206847,0.0109970674486804,15240
2016-02-29,"Crawfordsville, IN","IN",717,948,0.00105596620908131,-0.0135275754422477,0,17415
2016-02-29,"Brownwood, TX","TX",718,918,-0.00217391304347826,-0.0139634801288937,-0.00217391304347826,14033
2016-02-29,"Fort Dodge, IA","IA",719,788,0.0220492866407263,0.0368421052631579,0.0899031811894882,14238
2016-02-29,"Stephenville, TX","TX",720,1268,0.00395882818685669,0.00555114988104679,0.0103585657370518,7349
2016-02-29,"Americus, GA","GA",721,897,-0.00222469410456062,-0.0153677277716795,-0.0477707006369427,7857
2016-02-29,"Easton, MD","MD",722,1625,-0.00122925629993854,-0.0356083086053412,-0.0344622697563874,18800
2016-02-29,"North Platte, NE","NE",723,1132,-0.0147954743255004,-0.0365957446808511,0.00265721877767936,10894
2016-02-29,"Newberry, SC","SC",724,972,-0.00409836065573771,-0.0563106796116505,-0.0838831291234684,18415
2016-02-29,"Ada, OK","OK",725,892,-0.00111982082866741,0.00112233445566779,0.0944785276073619,11492
2016-02-29,"Moscow, ID","ID",726,1156,0.00347222222222222,0.0212014134275618,0.0518653321201092,9701
2016-02-29,"Safford, AZ","AZ",727,1041,0.0038572806171649,0.00774443368828654,0.0430861723446894,7081
2016-02-29,"Murray, KY","KY",728,966,-0.00514933058702369,-0.0397614314115308,-0.0112589559877175,7478
2016-02-29,"Bennington, VT","VT",729,1544,0.0198150594451783,0.0819901892081289,0.250202429149798,12003
2016-02-29,"Huntington, IN","IN",730,852,-0.00117233294255569,-0.0184331797235023,0.0167064439140811,13416
2016-02-29,"Mayfield, KY","KY",731,788,0.0102564102564103,0.0180878552971576,0.0395778364116095,2590
2016-02-29,"Escanaba, MI","MI",732,902,0.00110987791342952,0.018058690744921,0.090689238210399,23470
2016-02-29,"Canton, IL","IL",733,1093,0.0101663585951941,0.0389733840304183,0.000915750915750916,11084
2016-02-29,"Corinth, MS","MS",734,989,0.0143589743589744,0.0238095238095238,-0.0731021555763824,8694
2016-02-29,"Astoria, OR","OR",735,1404,0.00357398141529664,0.00357398141529664,0.0361623616236162,17325
2016-02-29,"Peru, IN","IN",736,735,-0.00135869565217391,-0.00943396226415094,-0.0160642570281124,11541
2016-02-29,"Coshocton, OH","OH",737,910,-0.00328587075575027,-0.0140845070422535,0.00663716814159292,9110
2016-02-29,"Newton, IA","IA",738,1064,-0.00931098696461825,-0.03710407239819,-0.0148148148148148,12736
2016-02-29,"Logan, WV","WV",739,880,-0.02330743618202,-0.0517241379310345,0.00342075256556442,23343
2016-02-29,"Bay City, TX","TX",740,1352,0.00371195248700817,0.0196078431372549,0.0432098765432099,12405
2016-02-29,"Fremont, NE","NE",741,1077,-0.00737327188940092,-0.0137362637362637,-0.00185356811862836,11202
2016-02-29,"Hutchinson, MN","MN",742,1207,0.00415973377703827,0.00249169435215947,0.00667222685571309,12622
2016-02-29,"Batesville, AR","AR",743,849,0.00117924528301887,0.00117924528301887,0.0179856115107914,8701
2016-02-29,"Owatonna, MN","MN",744,1279,0.00313725490196078,0.0215654952076677,0.0248397435897436,14035
2016-02-29,"Vidalia, GA","GA",745,944,0.00318809776833156,0.00318809776833156,-0.0187110187110187,7326
2016-02-29,"Summit Park, UT","UT",746,2977,0.00303234501347709,-0.00733577859286429,0.0952906548933039,24675
2016-02-29,"Arkansas City-Winfield, KS","KS",747,706,-0.00282485875706215,-0.0275482093663912,-0.0368349249658936,11756
2016-02-29,"Laramie, WY","WY",748,1237,0.028262676641729,0.037751677852349,0.0325542570951586,11216
2016-02-29,"Plainview, TX","TX",749,1011,-0.0029585798816568,-0.0136585365853659,0.0766773162939297,9730
2016-02-29,"Big Spring, TX","TX",750,1126,-0.00530035335689046,-0.0267934312878133,0.0217785843920145,10226
2016-02-29,"Laurinburg, NC","NC",751,790,-0.00126422250316056,-0.0112640801001252,-0.0694935217903416,6065
2016-02-29,"Dixon, IL","IL",752,1195,0.00504625735912532,0.000837520938023451,0.00929054054054054,12281
2016-02-29,"Alexandria, MN","MN",753,1279,0.00629425649095201,0.00550314465408805,0.00867507886435331,13207
2016-02-29,"Newport, TN","TN",754,793,0,-0.013681592039801,-0.00750938673341677,24413
2016-02-29,"De Ridder, LA","LA",755,1161,0.012205754141238,0.0211081794195251,-0.0357142857142857,8357
2016-02-29,"Lebanon, MO","MO",756,826,-0.00601684717208183,-0.013142174432497,0.00854700854700855,9536
2016-02-29,"Coffeyville, KS","KS",757,680,-0.0072992700729927,-0.0285714285714286,-0.0395480225988701,12558
2016-02-29,"Seneca Falls, NY","NY",758,1333,-0.00373692077727952,-0.0198529411764706,-0.0968834688346883,9906
2016-02-29,"Sulphur Springs, TX","TX",759,1355,0.0022189349112426,0.0044477390659748,0.0157421289355322,7979
2016-02-29,"Martin, TN","TN",760,852,0.00235294117647059,-0.00467289719626168,-0.0127462340672074,12401
2016-02-29,"Susanville, CA","CA",761,1170,0.0025706940874036,0.00688468158347677,0.0147441457068517,9471
2016-02-29,"Brookhaven, MS","MS",762,873,0.00114678899082569,-0.0102040816326531,-0.0810526315789474,8505
2016-02-29,"Arcadia, FL","FL",763,1178,0.00856164383561644,0.0146425495262705,0.0306211723534558,6811
2016-02-29,"Taylorville, IL","IL",764,1018,0.0119284294234592,0.0441025641025641,0.018,11789
2016-02-29,"Decatur, IN","IN",765,940,-0.00423728813559322,-0.0329218106995885,0.0173160173160173,9177
2016-02-29,"Junction City, KS","KS",766,1127,-0.00879507475813544,-0.0208514335360556,-0.0334476843910806,10130
2016-02-29,"Effingham, IL","IL",767,1300,0.00619195046439629,0.0180109631949883,0.0951979780960404,7642
2016-02-29,"Valley, AL","AL",768,832,-0.00359281437125748,-0.0118764845605701,0.00361881785283474,8728
2016-02-29,"Butte, MT","MT",769,799,-0.0049813200498132,-0.0208333333333333,0.0012531328320802,11916
2016-02-29,"Angola, IN","IN",770,1085,0.00930232558139535,0.00930232558139535,0.0731948565776459,13573
2016-02-29,"Cleveland, MS","MS",771,995,0.0101522842639594,-0.00599400599400599,-0.0367860600193611,4453
2016-02-29,"Dodge City, KS","KS",772,978,0.00410677618069815,-0.0111223458038423,-0.0392927308447937,8516
2016-02-29,"Brenham, TX","TX",773,1417,0.00283085633404105,0,0.0335521517140773,8572
2016-02-29,"Emporia, KS","KS",774,774,-0.00129032258064516,-0.0288582183186951,0.0197628458498024,10075
2016-02-29,"Jackson, OH","OH",775,886,-0.00337457817772778,-0.00337457817772778,0.00453514739229025,5690
2016-02-29,"Frankfort, IN","IN",776,817,-0.00244200244200244,-0.0168471720818291,-0.0168471720818291,12607
2016-02-29,"Brevard, NC","NC",777,1271,0.0184294871794872,0.0780322307039864,0.0111376292760541,18139
2016-02-29,"Taos, NM","NM",778,1158,-0.0119453924914676,-0.0277078085642317,0.00783289817232376,15280
2016-02-29,"Malvern, AR","AR",779,822,0.00366300366300366,-0.0132052821128451,-0.0237529691211401,8353
2016-02-29,"Troy, AL","AL",780,940,-0.00212314225053079,-0.0115667718191377,0,5881
2016-02-29,"Wabash, IN","IN",781,861,-0.00116009280742459,-0.0249150622876557,0.0141342756183746,11043
2016-02-29,"Cambridge, MD","MD",782,1284,-0.00233100233100233,-0.000778210116731518,-0.0107858243451464,15194
2016-02-29,"Macomb, IL","IL",783,976,0.104072398190045,0.227672955974843,0.159144893111639,10040
2016-02-29,"Vernal, UT","UT",784,1011,-0.021297192642788,-0.0825771324863884,-0.198890649762282,9920
2016-02-29,"Kingsville, TX","TX",785,1105,0,-0.0142729705619982,0.0119047619047619,6433
2016-02-29,"Madison, IN","IN",786,885,-0.00225479143179256,-0.0199335548172757,-0.0369967355821545,9500
2016-02-29,"Mount Pleasant, TX","TX",787,1242,0.0008058017727639,-0.00080450522928399,0.0155355682747343,7745
2016-02-29,"Paris, TN","TN",788,894,0.00224215246636771,-0.00111731843575419,-0.00111731843575419,12081
2016-02-29,"Columbus, NE","NE",789,1143,-0.0129533678756477,-0.0288870008496177,-0.0338123415046492,11305
2016-02-29,"Brookings, SD","SD",790,1244,-0.00320512820512821,0.0113821138211382,0.0392648287385129,7777
2016-02-29,"Kennett, MO","MO",791,755,-0.00264200792602378,-0.0194805194805195,-0.0526976160602258,15294
2016-02-29,"Beeville, TX","TX",792,1204,-0.000829875518672199,-0.0106820049301561,0.0246808510638298,4280
2016-02-29,"Miami, OK","OK",793,803,0.0203303684879288,0.0190355329949239,0.030808729139923,10025
2016-02-29,"Dayton, TN","TN",794,1010,-0.00296150049358342,-0.00296150049358342,0.0202020202020202,11068
2016-02-29,"Washington, IN","IN",795,861,-0.00116009280742459,-0.0238095238095238,0.0153301886792453,9536
2016-02-29,"Camden, AR","AR",796,763,0.00659630606860158,-0.00780234070221066,0,8321
2016-02-29,"Jackson, WY","WY",797,2736,0.0021978021978022,-0.00869565217391304,0.149579831932773,4769
2016-02-29,"Hastings, NE","NE",798,1088,-0.00820419325432999,-0.0285714285714286,0.068762278978389,8520
2016-02-29,"Juneau, AK","AK",799,1766,0.0155261644623347,0.0351699882766706,0.0511904761904762,6244
2016-02-29,"Albert Lea, MN","MN",800,1050,0.00671140939597316,0.025390625,-0.0112994350282486,13504
2016-02-29,"Lewisburg, TN","TN",801,956,0.00420168067226891,0.00420168067226891,0.0213675213675214,14623
2016-02-29,"Iron Mountain, MI","MI",802,850,0.00472813238770686,0.022864019253911,0.0773130544993663,13466
2016-02-29,"Lincoln, IL","IL",803,1045,0.000957854406130268,-0.000956022944550669,0.0285433070866142,8823
2016-02-29,"Jesup, GA","GA",804,977,-0.00204290091930541,-0.017102615694165,-0.0402750491159136,6557
2016-02-29,"Alpena, MI","MI",805,898,0.00335195530726257,0.0286368843069874,0.0490654205607477,16707
2016-02-29,"Silver City, NM","NM",806,999,-0.00991080277502478,0.00100200400801603,0.0162767039674466,8360
2016-02-29,"Elkins, WV","WV",807,929,0.00323974082073434,-0.00853788687299893,-0.0282426778242678,9689
2016-02-29,"Las Vegas, NM","NM",808,1062,0.0143266475644699,0.00854700854700855,0.00759013282732448,1166
2016-02-29,"McPherson, KS","KS",809,1060,0.0143540669856459,0.0221793635486982,0,9363
2016-02-29,"Sheridan, WY","WY",810,1187,0.0223944875107666,0.0321739130434783,-0.0357432981316003,4202
2016-02-29,"Washington Court House, OH","OH",811,936,-0.00425531914893617,-0.025,-0.0894941634241245,8104
2016-02-29,"Bennettsville, SC","SC",812,950,0.00210970464135021,-0.00314795383001049,-0.00835073068893528,481
2016-02-29,"Van Wert, OH","OH",813,887,-0.00112612612612613,-0.00893854748603352,-0.00112612612612613,9028
2016-02-29,"Merrill, WI","WI",814,973,-0.00409416581371546,-0.0230923694779116,-0.0599033816425121,18673
2016-02-29,"Ludington, MI","MI",815,977,0.00825593395252838,0.0262605042016807,0.0665938864628821,16203
2016-02-29,"Middlesborough, KY","KY",816,753,0.004,0.00132978723404255,-0.05875,2267
2016-02-29,"Crescent City, CA","CA",817,1459,0.00690131124913734,0.0303672316384181,0.0541907514450867,9729
2016-02-29,"North Vernon, IN","IN",818,892,-0.00223713646532438,-0.0208562019758507,-0.0240700218818381,9912
2016-02-29,"Hays, KS","KS",819,1083,0.00277777777777778,-0.0145586897179254,-0.0727739726027397,8850
2016-02-29,"Forrest City, AR","AR",820,706,0,-0.0235131396957123,-0.0262068965517241,6305
2016-02-29,"Fort Morgan, CO","CO",821,1261,-0.00316205533596838,0.00398089171974522,0.0378600823045267,9985
2016-02-29,"Mineral Wells, TX","TX",822,1186,-0.010016694490818,-0.0579825258141382,0.0608228980322004,6681
2016-02-29,"Breckenridge, CO","CO",823,3264,-0.033175355450237,-0.0360307147076196,0.248183556405354,2602
2016-02-29,"Bastrop, LA","LA",824,1039,0.0236453201970443,0.0537525354969574,0.0711340206185567,6459
2016-02-29,"Bainbridge, GA","GA",825,901,0,-0.00221483942414175,-0.0174482006543075,5862
2016-02-29,"Wauchula, FL","FL",826,1080,0.0140845070422535,0.0198300283286119,0.0256410256410256,4721
2016-02-29,"Hailey, ID","ID",827,1384,-0.00788530465949821,-0.0717639168343394,0.0367041198501873,12103
2016-02-29,"Great Bend, KS","KS",828,735,0,-0.0120967741935484,-0.0354330708661417,9748
2016-02-29,"Weatherford, OK","OK",829,1092,-0.00455788514129444,-0.020627802690583,0.04,8687
2016-02-29,"Watertown, SD","SD",830,1233,-0.00403877221324717,-0.00963855421686747,0.0873015873015873,8672
2016-02-29,"Grants, NM","NM",831,999,0.0101112234580384,0.0214723926380368,0.00301204819277108,4119
2016-02-29,"Thomaston, GA","GA",832,854,0.00117233294255569,0.00470588235294118,-0.0382882882882883,9737
2016-02-29,"Mountain Home, ID","ID",833,917,-0.0107874865156419,-0.0316789862724393,-0.0265392781316348,9857
2016-02-29,"Altus, OK","OK",834,773,-0.00514800514800515,-0.0115089514066496,0.0320427236315087,9279
2016-02-29,"Uvalde, TX","TX",835,1121,0,0.000892857142857143,0.0947265625,6484
2016-02-29,"Lexington, NE","NE",836,1056,-0.0075187969924812,-0.0204081632653061,0.032258064516129,9470
2016-02-29,"Boone, IA","IA",837,1064,-0.00374531835205993,-0.0265324794144556,0.0360272638753651,10089
2016-02-29,"Toccoa, GA","GA",838,944,0.00639658848614072,0.00854700854700855,0.00854700854700855,8236
2016-02-29,"Clarksdale, MS","MS",839,828,-0.0036101083032491,-0.0235849056603774,-0.0394431554524362,4427
2016-02-29,"Summerville, GA","GA",840,836,0.0072289156626506,0.00239808153477218,-0.0118203309692671,4767
2016-02-29,"Ottawa, KS","KS",841,902,0.00669642857142857,0.00557413600891862,-0.00110741971207087,7426
2016-02-29,"New Ulm, MN","MN",842,1130,0.00355239786856128,-0.00352733686067019,-0.0199479618386817,9808
2016-02-29,"Marshall, MN","MN",843,1156,-0.00772532188841202,-0.0219966159052453,-0.0358632193494579,8223
2016-02-29,"La Grande, OR","OR",844,1195,0.016156462585034,0.0400348128807659,0.0337370242214533,7254
2016-02-29,"Greensburg, IN","IN",845,975,-0.0081383519837233,-0.0269461077844311,-0.0356083086053412,8611
2016-02-29,"Mexico, MO","MO",846,831,-0.00716845878136201,-0.0212014134275618,-0.0223529411764706,7948
2016-02-29,"Moberly, MO","MO",847,815,0.002460024600246,0,0.00122850122850123,6905
2016-02-29,"The Dalles, OR","OR",848,1257,-0.0117924528301887,-0.00632411067193676,0.0780445969125214,8072
2016-02-29,"Deming, NM","NM",849,889,0.00908059023836549,0.0125284738041002,0.0102272727272727,5320
2016-02-29,"Fallon, NV","NV",850,1114,0.0118074477747502,0.0391791044776119,0.11623246492986,5959
2016-02-29,"Fredericksburg, TX","TX",851,1723,0.00525087514585764,0.0171192443919717,0.0809284818067754,5608
2016-02-29,"Magnolia, AR","AR",852,881,0,-0.0145413870246085,-0.00899887514060742,5621
2016-02-29,"Campbellsville, KY","KY",853,863,0.00348837209302326,0.00348837209302326,-0.0023121387283237,7020
2016-02-29,"Connersville, IN","IN",854,703,-0.00283687943262411,-0.0263157894736842,-0.0448369565217391,8459
2016-02-29,"Dickinson, ND","ND",855,1392,-0.0446122168840082,-0.168955223880597,-0.375784753363229,6379
2016-02-29,"Spearfish, SD","SD",856,1268,0.00237154150197628,0.00555114988104679,0.0496688741721854,7555
2016-02-29,"Heber, UT","UT",857,1538,-0.0102960102960103,-0.036944270507201,-0.047087980173482,9532
2016-02-29,"Steamboat Springs, CO","CO",858,2012,0.00249128051818635,0.0115635997988939,0.0528519099947671,18204
2016-02-29,"Cordele, GA","GA",859,882,-0.00338983050847458,-0.0189098998887653,-0.0546623794212219,4925
2016-02-29,"Arkadelphia, AR","AR",860,849,0.00117924528301887,-0.00468933177022274,-0.0150812064965197,5033
2016-02-29,"Liberal, KS","KS",861,837,0,-0.0129716981132075,-0.00829383886255924,5456
2016-02-29,"Levelland, TX","TX",862,1089,0.00183992640294388,-0.00909918107370337,0.0196629213483146,6332
2016-02-29,"Wahpeton, MN","MN",863,927,-0.0148777895855473,0,-0.0353798126951093,8653
2016-02-29,"Mitchell, SD","SD",864,1150,0.00436681222707424,0.00436681222707424,0.120857699805068,6255
2016-02-29,"Sterling, CO","CO",865,1212,-0.00980392156862745,-0.0130293159609121,0.00248138957816377,5626
2016-02-29,"Pampa, TX","TX",866,1073,-0.00278810408921933,-0.0227686703096539,0.0180265654648956,6168
2016-02-29,"Yankton, SD","SD",867,1185,0.0110921501706485,0.0128205128205128,0.016295025728988,6110
2016-02-29,"Williston, ND","ND",868,2065,-0.0435386753126447,-0.130160067396799,-0.285219799238491,5927
2016-02-29,"Oskaloosa, IA","IA",869,1005,-0.00495049504950495,-0.0308582449373192,-0.0261627906976744,7273
2016-02-29,"Brookings, OR","OR",870,1327,0.0053030303030303,0.014525993883792,0.0912828947368421,8324
2016-02-29,"Hood River, OR","OR",871,1576,0.00446144040790312,0.00318268618714195,0.0713800135961931,7300
2016-02-29,"Beatrice, NE","NE",872,993,-0.00501002004008016,-0.0187747035573123,0.013265306122449,6495
2016-02-29,"Borger, TX","TX",873,1081,0.000925925925925926,-0.0154826958105647,0.0207743153918791,8390
2016-02-29,"Raymondville, TX","TX",874,993,0.00100806451612903,-0.0178041543026706,-0.0119402985074627,5086
2016-02-29,"Elk City, OK","OK",875,976,-0.0141414141414141,-0.0551790900290416,0.0093071354705274,6652
2016-02-29,"Grenada, MS","MS",876,972,0.00309597523219814,-0.00613496932515337,-0.0786729857819905,5559
2016-02-29,"Dumas, TX","TX",877,1098,0.0129151291512915,0.0223463687150838,0.0527325023969319,5407
2016-02-29,"Helena, AR","AR",878,739,-0.00269905533063428,-0.0185922974767596,0.0013550135501355,3579
2016-02-29,"Parsons, KS","KS",879,678,-0.00440528634361234,-0.0202312138728324,-0.0369318181818182,7828
2016-02-29,"Price, UT","UT",880,1091,-0.0232766338406446,-0.0754237288135593,-0.0824222035323801,7238
2016-02-29,"Port Lavaca, TX","TX",881,1290,0.00467289719626168,0.00702576112412178,0.018957345971564,7076
2016-02-29,"Worthington, MN","MN",882,1111,-0.0053715308863026,-0.00714924039320822,-0.0254385964912281,5621
2016-02-29,"Pierre, SD","SD",883,1216,-0.00246103363412633,-0.0209339774557166,0.0124895920066611,5049
2016-02-29,"Evanston, WY","WY",884,1236,0.0223325062034739,0.0448013524936602,-0.00242130750605327,6204
2016-02-29,"Jamestown, ND","ND",885,1258,0.0202757502027575,0.0112540192926045,0.0211038961038961,5364
2016-02-29,"Prineville, OR","OR",886,1178,-0.00169491525423729,-0.0280528052805281,0.111320754716981,7346
2016-02-29,"Guymon, OK","OK",887,895,-0.00222965440356745,-0.00111607142857143,0.0731414868105516,4026
2016-02-29,"Storm Lake, IA","IA",888,896,-0.00444444444444444,-0.0396570203644159,0.014722536806342,6275
2016-02-29,"Woodward, OK","OK",889,951,-0.00523012552301255,-0.0114345114345114,0.0831435079726651,6934
2016-02-29,"Portales, NM","NM",890,941,0,-0.00423280423280423,-0.0542713567839196,1770
2016-02-29,"Hereford, TX","TX",891,1106,0.000904977375565611,-0.00807174887892377,0.0513307984790875,3659
2016-02-29,"Othello, WA","WA",892,1113,0.00632911392405063,0.0036068530207394,-0.0132978723404255,3355
2016-02-29,"Los Alamos, NM","NM",893,1375,0.00291757840991977,0.0043827611395179,0.0520275439938791,7560
2016-02-29,"Fitzgerald, GA","GA",894,823,-0.00242424242424242,-0.013189448441247,-0.0615735461801596,4201
2016-02-29,"Maysville, KY","KY",895,891,0.00677966101694915,0.00564334085778781,0.0148063781321185,4737
2016-02-29,"Huron, SD","SD",896,1062,-0.000940733772342427,-0.00375234521575985,0.127388535031847,1319
2016-02-29,"Atchison, KS","KS",897,808,0.0062266500622665,-0.00123609394313968,-0.0276774969915764,6497
2016-02-29,"Snyder, TX","TX",898,978,0,-0.0200400801603206,0.0134715025906736,4812
2016-02-29,"Fairfield, IA","IA",899,1056,0.000947867298578199,0.00571428571428571,0.0434782608695652,3755
2016-02-29,"Spirit Lake, IA","IA",900,1129,-0.015693112467306,-0.0472573839662447,-0.0174064403829417,12128
2016-02-29,"Spencer, IA","IA",901,952,-0.0165289256198347,-0.0527363184079602,0.00316122233930453,5564
2016-02-29,"Vineyard Haven, MA","MA",902,2678,0.0605940594059406,0.0643879173290938,-0.0114433370247324,12939
2016-02-29,"Winnemucca, NV","NV",903,1162,0.00345423143350604,0.00519031141868512,-0.0169204737732657,2483
2016-02-29,"Sweetwater, TX","TX",904,1054,0.00190114068441065,-0.0093984962406015,0.0425321463897132,5345
2016-02-29,"Andrews, TX","TX",905,1353,0.00594795539033457,0.0203619909502262,0.166379310344828,3761
2016-02-29,"Zapata, TX","TX",906,1152,0.00173913043478261,-0.0025974025974026,0.0463215258855586,753
2016-02-29,"Lamesa, TX","TX",907,1125,0.00716204118173679,0.00178094390026714,0.0445682451253482,2870
2016-02-29,"Craig, CO","CO",908,1224,0.00410172272354389,0.0124069478908189,0.0390492359932088,4215
2016-02-29,"Pecos, TX","TX",909,1048,0.00479386385426654,0.00575815738963532,0.049049049049049,2373
2016-02-29,"Vernon, TX","TX",910,1093,0.00367309458218549,0.00183318056828598,0.0350378787878788,4101
2016-02-29,"Ketchikan, AK","AK",911,1594,0.00631313131313131,0.00504413619167718,0.0114213197969543,1902
