"RegionName","State","Metro","StateCodeFIPS","MunicipalCodeFIPS","SizeRank","2010-02","2010-03","2010-04","2010-05","2010-06","2010-07","2010-08","2010-09","2010-10","2010-11","2010-12","2011-01","2011-02","2011-03","2011-04","2011-05","2011-06","2011-07","2011-08","2011-09","2011-10","2011-11","2011-12","2012-01","2012-02","2012-03","2012-04","2012-05","2012-06","2012-07","2012-08","2012-09","2012-10","2012-11","2012-12","2013-01","2013-02","2013-03","2013-04","2013-05","2013-06","2013-07","2013-08","2013-09","2013-10","2013-11","2013-12","2014-01","2014-02","2014-03","2014-04","2014-05","2014-06","2014-07","2014-08","2014-09","2014-10","2014-11","2014-12","2015-01","2015-02","2015-03","2015-04","2015-05","2015-06","2015-07","2015-08","2015-09","2015-10","2015-11","2015-12","2016-01","2016-02"
"Los Angeles","CA","Los Angeles-Long Beach-Anaheim, CA","06","037",1,,1375,1450,1500,1495,1485,1450,1347.5,1312.5,1350,1375,1250,1295,1295,1295,1300,1295,1295,1260,1204,1195,1195,1150,1195,1250,1300,1300,1300,1307.5,1300,1325,1350,1385,1379.5,1327,1345,1430,1475,1450,1475,1450,1400,1385,1350,1395,1295,1400,1395,1350,1345,1395,1495,1495,1525,1574,1593,1595,1595,1620,1625,1695,1695,1695,1700,1745,1745,1782,1795,1750,1825,1795,1840,1895
"Cook","IL","Chicago","17","031",2,1250,1150,1200,1147.5,1150,1095,1085,1225,1345,1344.5,1350,1200,1250,1240,1250,1250,1333,1295,1270,1295,1279,1275,1310.5,1334,1281,1225,1200,1255,1300,1300,1300,1375,1425,1395,1425,1420,1534.5,1450,1494,1505,1548,1550,1550,1525,1500,1545,1600,1590,1500,1475,1450,1435,1485,1600,1450,1632,1655,1629,1425,1549,1620,1450,1450,1469.5,1450,1402,1434,1595,1650,1739,1650,1600,1680
"Harris","TX","Houston","48","201",3,,,,,,,,,,,,,,,,,,,,,,,,,,,,,,,,,,,,,,,,,,,,,,,,1150,1028,997.5,1035,1119.5,1125,1107.5,1100,1135,1150,1085,1080,1075,1100,1100,1124,1150,1150,1149,1135,1150,1150,1289,1281,1295,1235
"Maricopa","AZ","Phoenix","04","013",4,,650,750,800,795,775,797.5,707.5,750,757.5,750,679,675,675,700,700,699,675,675,680,669,660,667,670,683,695,680,679.5,679,687,700,699,700,700,695,690,699,699,699,699,698,699,699,700,699,696.5,720,750,739,730,741.5,733,746,720,735,730,735,745,754,759,770,788,805,800,800,800,815,825,820,825,925,917,900
"San Diego","CA","San Diego","06","073",5,,,,,,,,,1183,1234,1278,1200,1192.5,1125,1125,1147.5,1195,1200,1250,1300,1250,1200,1220,1250,1250,1295,1246.5,1240,1250,1245,1250,1293,1285,1300,1295,1225,1245,1245,1244,1225,1199,1100,1175,1295,1250,1175,1300,1350,1300,1295,1350,1500,1495,1475,1500,1500,1500,1550,1509.5,1593,1625,1563.5,1595,1597.5,1602.5,1629,1662.5,1695,1645,1619,1650,1650,1650
"Orange","CA","Los Angeles-Long Beach-Anaheim, CA","06","059",6,1395,1367.5,1400,1395,1397,1570,1600,1395,1300,1345,1310,1262,1300,1300,1297,1295,1325,1300,1350,1350,1300,1300,1350,1350,1335,1345,1350,1350,1363.5,1371,1365,1403.5,1365,1350,1365,1380,1399,1427,1399,1395,1400,1375,1400,1495,1500,1487.5,1624,1600,1590,1585,1590,1600,1600,1595,1625,1675,1725,1725,1730,1730,1740,1720,1715,1720,1720,1730,1735,1745,1765,1765,1795,1800,1815
"Kings","NY","New York","36","047",7,,,,,,,,,,,,1549,1500,1600,1650,1650,1600,1547,1525,1500,1495,1450,1450,1500,1450,1550,1600,1650,1650,1700,1700,1700,1700,1650,1600,1600,1695,1700,1700,1790,1800,1845,1900,1995,1995,1995,1995,1895,1850,1900,1900,1950,2000,1950,1965,2095,2100,2100,2050,2000,2050,2100,2200,2350,2200,2095,2100,2200,2185,2125,2100,2100,2100
"Miami-Dade","FL","Miami-Fort Lauderdale","12","086",8,1450,1400,1400,1400,1400,1300,1350,1495,1450,1450,1450,1415,1400,1400,1400,1449,1450,1400,1400,1450,1400,1450,1500,1499,1500,1500,1500,1550,1550,1525,1522.5,1500,1500,1495,1500,1500,1500,1550,1595,1600,1650,1750,1750,1650,1675,1699,1700,1690,1695,1650,1600,1675,1690,1700,1700,1685,1650,1700,1700,1700,1750,1800,1800,1812,1880,1850,1899,1850,1850,1875,1850,1877,1890
"Dallas","TX","Dallas-Fort Worth","48","113",9,,,,,,,,,,,,,,,,,,,,674,665,700,805,839,895,950,864.5,916,949,910,860,936,937,950,1018,1100,1005,1030,1034,1000,1039.5,1054,990,1060,1095,1124,1120,1150,1104,1100,1128,1100,1135,1095,1057.5,1044,1059,1140,1149,1119,1100,1100,1125,1125,1139,1150,1150,1186,1166,1200,1199,1199,1205
"Queens","NY","New York","36","081",10,1200,1200,1300,1275,1300,1250,1250,1300,1300,1300,1375,1300,1300,1355,1375,1395,1400,1425,1450,1450,1450,1450,1450,1495,1450,1500,1500,1525,1495,1500,1500,1525,1575,1575,1550,1550,1595,1600,1600,1625,1675,1725,1750,1750,1750,1700,1750,1750,1750,1750,1750,1800,1800,1850,1800,1800,1800,1800,1780,1775,1775,1788,1795,1800,1800,1832,1850,1850,1800,1825,1850,1850,1850
"Riverside","CA","Riverside","06","065",11,,,,,,1100,1000,900,995,975,965,897.5,937.5,895,977.5,1050,1023,895,875,870,895,885,900,940,900,925,900,874,895,895,885,895,949,996,960,950,970,960,950,940,875,850,850,850,850,850,850,850,850,825,850,925,895,905,895,920,935,950,960,970,995,1050,1080,1070,1075,1095,1100,1050,1090,1140,1140,1148,1167.5
"San Bernardino","CA","Riverside","06","071",12,,,,,,,,,,,,,,,,,,,,,,,,,,1070.5,882,850,859,795,850,845,895,945,930,895,896,930,870,824,795,842.5,800,730,750,727.5,700,712.5,700,700,725,725,700,700,775,750,770,750,800,780,800,804,822.5,825,850,895,850,850,850,995,1050,1050,975
"Clark","NV","Las Vegas","32","003",13,,,,,,,,,650,634,612,650,650,650,700,750,700,675,675,699,650,637,650,626,650,650,625,600,630,630,638,650,650,650,630,645,645,650,667.5,695,699,695,675,650,650,675,700,695,695,695,699,700,700,725,726,742,750,750,750,750,780,782.5,780,789,803,825,825,800,800,839,889,873.5,850
"King","WA","Seattle","53","033",14,,,995,1025,1100,1100,1072.5,1037.5,1091.5,1034.5,950,950,978.5,975,972.5,995,1000,995,1050,1050,1075,1050,1050,1060,1050,1095,1105,1100,1191,1160,1205,1244.5,1267,1260,1250,1210,1265,1304,1320,1325,1350,1363,1370,1450,1425,1405,1475,1450,1430,1438,1485,1550,1595,1620,1600,1600,1561.5,1575,1560,1585.5,1627,1621,1626.5,1624,1645,1669.5,1685,1675,1650,1550,1625,1639,1699
"Wayne","MI","Detroit","26","163",15,,,,,,,,,,597.5,605,605,625,602.5,650,639,639,612.5,597.5,595,500,525,550,567.5,560,575,586.5,575,550,550,592.5,575,570,570,550,545,550,585,550,560,550,550,550,550,550,550,550,550,550,550,550,560,599,600,629,639.5,600,575,599,600,580,585,590,575,575,550,550,525,550,550,550,550,575
"Tarrant","TX","Dallas-Fort Worth","48","439",16,,,,,,,,,,,,,647.5,650,629,634.5,650,659,550,550,570,590,575,589,625,645,636,660,650,650,660,669,660,667,660,656,656,679.5,686.5,705,699,698,689,747,725.5,680,751,785,768.5,755,787.5,765.5,776,750,766.5,757,789,799,805,815,835,818,850,818,822,845,869,875.5,900,899,897,900,922.5
"Santa Clara","CA","San Jose","06","085",17,,,,,,,,,,,,,,,,,,,,,,,,,,,,,,,,2005,1890,1745,1738,1695,1754.5,1809,1823,1849.5,1838,1920,1904,1865,1840,1825,1950.5,1990,1915,1900,2007.5,2100,2194,2238,2260,2300,2299,2290,2305,2335,2375,2395,2425,2470,2507.5,2570,2585,2537.5,2500,2502,2482.5,2519,2510
"Broward","FL","Miami-Fort Lauderdale","12","011",18,,900,980,950,950,1000,1000,997.5,982,975,1000,1000,1000,1000,1000,1000,975,994,995,995,968,975,960,950,989,1048.5,1000,1000,1050,1020,1020,1000,1020,1050,1040,1050,1050,1050,1050,1050,1020,1050,1050,1050,1050,1050,1095,1050,1025,1008,1040,1100,1100,1100,1095,1100,1112,1110.5,1150,1150,1191.5,1200,1200,1200,1245,1200,1200,1200,1200,1255,1275,1250,1250
"Bexar","TX","San Antonio","48","029",19,,,,,,,,,,,,650,604.5,595,599,595,600,639.5,650,660,625,655,675,679,715.5,730,695,693,689,699,730,725,708,713,699,710,715,734,750,732,734,727,750,765,775,775,790,799,800,800,800,775,795,785,787,780.5,775,775,787,785,790,775,773.5,775,775,783,794,795,799,849,849,825,804
"New York","NY","New York","36","061",20,2450,2500,2800,2750,2850,2925,3100,3000,2800,2850,2736,2500,2400,2595,2695,2700,2650,2700,2700,2700,2795,2850,2800,2800,2850,2835,2850,2870,2895,2885,2895,2900,2995,2995,2995,2900,2900,2925,2950,2931,2901,2895,2900,2990,2975,2925,2900,2900,2900,2900,2900,2950,2945,3215,3200,3195,3190,3195,3200,3185,3200,3200,3240,3195,3195,3195,3200,3200,3200,3200,3200,3195,3200
"Philadelphia","PA","Philadelphia","42","101",21,,1450,1350,1412.5,1575,1550,1600,1410,1401.5,1420,1375,1291.5,1285,1250,1250,1150,1150,1100,1100,1100,1000,1050,1050,1000,1130,1195,1250,1200,1250,1200,1195,1150,1179.5,1118,1100,1075,1200,1195,1177.5,1250,1150,1188.5,1150,1250,1233.5,1250,1250,1050,1093.5,1055,1125,1300,1300,1295,1250,1200,1200,1199,1152.5,1150,1150,1200,1300,1275,1260,1200,1245,1195,1177.5,1250,1195,1219,1250
"Alameda","CA","San Francisco","06","001",22,,,,,,,,,975,1130,1099,1100,1100,1090,1100,1100,1115,1150,1200.5,1200,1190,1227.5,1200,1195,1243.5,1300,1260,1285,1330,1250,1245,1275,1327,1335,1339,1320,1400,1420,1445,1362,1375,1450,1455,1600,1640,1565,1600,1588,1494.5,1447.5,1550,1795,1800,1839,1850,1802.5,1818.5,1784,1800,1759.5,1946,1919,1945,1995,2050,2145,2149.5,2100,2082,2150.5,2140.5,2182,2192.5
"Middlesex","MA","Boston","25","017",23,,,,,,,,,,,,,,,,,,,,1550,1500,1505,1504,1500,1535,1600,1700,1800,1750,1680,1609,1645,1660,1669.5,1678,1725,1700,1695,1700,1705,1700,1750,1795,1730,1700,1700,1700,1695,1726,1712.5,1750,1795,1800,1850,1800,1785,1795,1800,1774,1750,1750,1755,1895,1900,1950,2000,2000,1995,1950,1900,1850,1875,1908
"Suffolk","NY","New York","36","103",24,1172.5,1100,1100,1150,1200,1200,1200,1200,1160,1175,1200,1200,1200,1200,1200,1200,1250,1250,1200,1200,1300,1345,1350,1365,1370,1350,1330,1365,1370,1395,1415,1377,1375,1397.5,1355,1300,1359,1379.5,1400,1400,1400,1429,1485,1450,1450,1450,1469.5,1450,1450,1446,1450,1500,1500,1580,1575,1572.5,1600,1550,1515,1565,1554.5,1565,1570,1525,1500,1565,1600,1555,1500,1550,1559,1550,1587.5
"Sacramento","CA","Sacramento","06","067",25,,,,,,,,695,695,692.5,695,695,695,695,683,702,695,725,695,699,699,695,695,695,695,699,700,695,695,695,749,750,750,754,750,725,749,735,747,725,725,725,740,740,750,735,725,750,750,750,750,750,775,775,795,795,795,815,795,795,830,825,850,850,850,850,895,900,900,925,925,948,925
"Bronx","NY","New York","36","005",26,,,,,,,,,,,,1087.5,1137.5,1125,1150,1150,1100,1100,1100,1050,1000,1000,1011,1000,1000,1050,1100,1100,1100,1100,1100,1100,1100,1100,1100,1100,1100,1150,1150,1150,1150,1199,1199,1199,1200,1199,1199,1200,1200,1200,1200,1220,1225,1220,1249,1250,1250,1250,1250,1250,1250,1275,1300,1300,1300,1300,1300,1325,1350,1350,1350,1350,1350
"Nassau","NY","New York","36","059",27,1300,1350,1350,1375,1350,1312.5,1300,1300,1300,1300,1375,1300,1300,1300,1300,1350,1350,1400,1400,1400,1400,1400,1500,1550,1500,1525,1550,1500,1500,1550,1600,1600,1600,1600,1650,1500,1600,1625,1700,1649,1600,1650,1650,1700,1650,1650,1650,1650,1650,1650,1650,1700,1750,1700,1750,1790,1725,1700,1785,1807,1770,1792.5,1775,1850,1800,1800,1837.5,1800,1800,1800,1900,1800,1800
"Palm Beach","FL","Miami-Fort Lauderdale","12","099",28,,,,,,,,,,,,,875,900,912,917.5,915,910,899,895,900,950,930,950,930,950,940,935,950,950,950,957,980,955,985,989,990,989.5,989,1000,1000,1025,1050,1050,1100,1100,1100,1100,1100,1099,1095,1100,1100,1102.5,1150,1140,1100,1150,1150,1100,1125,1150,1162.5,1175,1180,1185.5,1200,1200,1247,1246,1250,1250,1250
"Cuyahoga","OH","Cleveland","39","035",29,,,,,,,,,,,,592.5,590,584.5,575,575,575,575,581,600,590,550,575,550,575,550,575,575,590,597,625,625,635,650,625,625,625,635,625,625,600,610.5,595,550,550,550,580,585,567,565,570,575,585,562.5,599,585,619.5,645,650,675,750,760,745,755,750,707.5,655,727,691,677.5,732.5,680,700
"Hillsborough","FL","Tampa","12","057",30,,,,,,,,,,,,,750,742,725,725,701,750,750,725,720,726,750,775,762,775,750,750,765,760,755,770,755,750,755,745,762,773.5,770,775,760,750,780,800,835,850,850,847,836,839,850,850,850,845,834.5,850,850,850,850,870,899,900,925,950,930,920,950,950,921,1007,1004,1014,1000
"Allegheny","PA","Pittsburgh","42","003",31,,,,,,,,,,,,,,,,,,,,625,600,589,599.5,632,650,690,699,665,695,679,650,615,595,600,635,650,699,775,775,775,725,750,750,680,675,625,650,699,740,749.5,785,816,810,807.5,800,805,850,850,827.5,805,820,840,850,875,850,831,800,800,775,850,850,950,965
"Oakland","MI","Detroit","26","125",32,,,,,,,,,,,,650,650,650,675,750,700,700,700,685,625,647,682.5,755,700,700,711,715,650,660,719.5,740,700,699,690,650,700,749,700,700,695,700,680,750,750,775,795,800,800,825,800,775,775,775,800,775,775,795,817.5,820,800,835,850,855,865,850,855,850,895,850,864.5,887.5,885
"Franklin","OH","Columbus","39","049",33,,,,,,,,,,,,,,,,,,,,,,,,,,,,,,,,,,549,569,549,595,569,589,599.5,599,569,552.5,529,525,545,550,575,575,599,650,675,650,690,709,699,634,635,650,699,710,699.5,724.5,772,775,789,790,750,655,669,749,749,749
"Hennepin","MN","Minneapolis-St Paul","27","053",34,,,,,,,,,,,,,,,,,,,,,,,,,,,,,,,,,,,1100,975,1099,1120,1100,1068.5,1045,965,1025,1190,1050,1048.5,1000,980,985,990,1005,1037.5,1095,1050,1150,1175,1162,1095,1095,1095,1175,1180,1120,1100,1152.5,1185,1249.5,1240,1240,1249,1299,1220,1200
"Orange","FL","Orlando","12","095",35,,,,,,,,655,650,635,625,715,700,695,700,695,700,700,750,750,750,750,750,767.5,768,786,799,800,800,800,820,799,814.5,800,800,815,800,825,810,835,800,839,825,819,800,809,835,825,825,825,845,850,850,850,875,875,855,850,875,877,875,899,919.5,909.5,900,950,969,975,1011.5,1070,1065,1069,1040
"Fairfax","VA","Washington","51","059",36,1250,1290,1372.5,1350,1385,1362.5,1370,1375,1390,1395,1395,1382,1300,1320,1350,1350,1395,1395,1400,1425,1470,1510,1450,1505,1478.5,1460,1480,1495,1495,1481,1456,1481.5,1459.5,1492.5,1474,1500,1496.5,1495,1495,1525,1567,1499,1500,1470,1465,1465,1469,1475,1455,1455,1450,1475,1495,1500,1525,1500,1473,1485,1489.5,1495,1500,1506.5,1512,1500,1525,1515,1525,1506,1500,1500,1493,1502.5,1535
"Contra Costa","CA","San Francisco","06","013",37,,,,,,,,,1150,1125,1025,1072.5,1025,1000,950,992.5,975,1025,1000,1150,1133,1171.5,1150,1197,1193,1295,1305,1395,1275,1295,1395,1255,1290,1240,1328.5,1275,1250,1275,1250,1220,1197.5,1250,1275,1350,1345,1300,1400,1407.5,1300,1300,1310,1509,1500,1495,1597.5,1662.5,1650,1450,1600,1537.5,1631.5,1500,1664.5,1662.5,1645,1750,1800,1800,1695,1926,2007,2059.5,2037
"Salt Lake","UT","Salt Lake City","49","035",38,,,,,,,,,,,,,,,,,,,,,,650,659,699,699,729,711,739,739,729,739,799,749,749,749,749,749,750,749,739,719,725,715,699,695,695,695,704.5,700,700,700,700,699,699,704,715,710,700,710,710,717,730,750,750,750,769,770,775,800,830,850,849.5,855
"Travis","TX","Austin","48","453",39,,,,,,,,,,997.5,1052.5,868,850,837.5,880,900,900,895,775,770,800,922,895,910,934.5,945,937.5,950,935,896,880,944,922,915,888,860,885,866,880,885,890,899,915,930,955,995,999,1005,990,1066,1125,1036,1022,1050,1050,1065,1057,1093,1025,1025,1055,1034,1075,1032,1036,1066,1095,1099,1099,1094,1100,1100,1100
"Saint Louis","MO","St. Louis","29","189",40,,,,,,,,,,,,,695,675,667.5,695,690,650,645,622.5,632.5,650,650,675,662.5,650,662.5,645,675,650,735,715,705,642,645,651,670,695,695,720,680,705,705,700,700,685,719,719,727.5,748.5,750,763,750,750,750,709,709,700,725,725,725,700,700,725,725,736.5,750,725,753,755,762,770,765
"Pima","AZ","Tucson","04","019",41,,,,,,,,,,,647,537.5,525,525,555,585,549,530,550,550,525,520,550,525,525,525,539,539,549,529,549,539,539,540,539,525,525,529,529,529.5,515,525,520,495,499,495,500,515,525,525,545,534,550,525,559,550,525,529,525,525,535,529,550,550,550,550,531.5,535,545,610,566,567,560
"Montgomery","MD","Washington","24","031",42,,,,,,,,1306,1270,1295,1313,1295,1397,1396,1400,1360,1425,1470,1450,1550,1395,1475,1535,1491.5,1495,1537,1560,1640,1650,1635,1650,1665,1638.5,1600,1640,1650,1664,1650,1614,1585,1607,1579.5,1595,1520,1550,1515.5,1549,1585,1575,1565,1560,1565,1610,1629,1613,1600,1600,1589.5,1598,1597,1625,1600,1640,1625,1615,1600,1625,1606,1600,1600,1591,1606,1630
"Honolulu","HI","Urban Honolulu, HI","15","003",43,,,,,,,,,,,,,,,,,,,,1400,1400,1385,1350,1395,1400,1450,1450,1500,1450,1497.5,1412.5,1450,1400,1500,1500,1500,1500,1550,1600,1585,1600,1550,1537.5,1500,1450,1500,1545,1545,1500,1475,1492.5,1600,1650,1545,1500,1500,1450,1550,1650,1700,1750,1750,1750,1750,1775,1800,1750,1650,1650,1650,1650,1695,1650
"Westchester","NY","New York","36","119",44,1400,1400,1440,1400,1425,1350,1250,1385,1600,1600,1600,1500,1500,1500,1500,1450,1450,1450,1400,1400,1400,1375,1357.5,1325,1350,1375,1399.5,1400,1450,1450,1450,1475,1475,1500,1550,1650,1575,1600,1600,1650,1521,1500,1500,1550,1500,1450,1495,1450,1450,1450,1450,1495,1450,1500,1475,1475,1500,1500,1500,1500,1575,1575,1600,1600,1575,1600,1575,1600,1600,1600,1595,1600,1600
"Shelby","TN","Memphis","47","157",45,,,,,,,,,,,,975,852.5,809.5,840,800,790,759,710,725,750,705,672.5,660,700,650,650,670,650,640,651,640,654,696,696,693.5,709,713,712,667,670,645,625,625,625,605,600,585.5,590.5,595,595,595,595,605,605,595,600,625,625,654,650,675,760,690,675,650,654,716,740.5,750,730,750,760
"Fulton","GA","Atlanta","13","121",46,,,,,,,,1000,1000.5,1050,1000,995,1050,1000,1050,1000,1000,1000,1050,1000,954,980,1002,975,966,950,925,950,980,1000,934,950,950,900,897,897,890,943,970,1009.5,1000,985,1023,1080.5,1136,1079,1119.5,1105,1105,1110,1133,1163,1179,1168,1175,1195,1176.5,1185,1199.5,1206,1249.5,1251.5,1255,1250,1295,1285,1300,1317,1299,1319.5,1299,1301,1295
"Mecklenburg","NC","Charlotte","37","119",47,,,,,,,,,,,,799.5,863.5,800,733,750,800,807.5,825,830,818,850,850,890,855,807.5,754.5,766,767,795,820,895,878,853,840,799,800,835,841,849,840,875.5,865,995,956,909,915,918,910,903,910,975.5,1002.5,974,976,945,956,960,950,970,970,985,995,1020,997.5,1014,1000,1017,995,1010,989,1003,1079
"Erie","NY","Buffalo","36","029",48,,,,,,,,,,,,,,,,,,,,,,,,,,,,,,,,,,,,,,,,,,,,,,,,,,,,,,,,835,830,827.5,787.5,825,827.5,875,935,910,909,1060,1057.5,1060,1050,1000,1120,1055,1090
"Du Page","IL","Chicago","17","043",49,,,,,,,,887.5,885,899,899.5,941.5,929.5,925,915.5,900,925,980,974,925,950,950,950,1001.5,995,1005.5,1010,1010,1016,1004.5,1020.5,1025,1018,1024.5,1004,985,985,1006,1006,1025,1025,1035,1040,975,972.5,995,990,985,990,1000,1000,975,965,1050,1029,1000,1000,1019,1046,1046,1042,1079,1074,1079.5,1110,1131,1115.5,1120,1110.5,1231,1231,1200,1150
"Fairfield","CT","Stamford","09","001",50,,,,,,,,,,,,,,1500,1497.5,1500,1500,1450,1425,1400,1400,1395,1362.5,1395,1412.5,1548,1550,1525,1500,1500,1522.5,1500,1550,1600,1625,1705,1700,1686,1686,1650,1572.5,1700,1595,1450,1460,1430,1450,1450,1475,1450,1500,1595,1575,1600,1650,1550,1568,1522.5,1500,1600,1595,1600,1600,1602,1685,1665,1679.5,1699,1650,1695,1680,1670,1725
"Pinellas","FL","Tampa","12","103",51,,850,850,800,800,775,850,795,797.5,785,750,725,725,725,727.5,750,725,725,724.5,725,750,750,750,750,750,750,750,750,754.5,759.5,771,770,775,790,775,750,775,800,795,754,740,734,725,745,750,750,750,750,750,750,750,795,820,800,800,800,816,802,812,824,824,825,850,860,862,850,845,850,850,900,900,899,900
"Bergen","NJ","New York","34","003",52,,,,,,,,,,,,,,,,,,,,,,,,,,,,,,,,,,,,,,,,,,,,,,,,,,,,,,,,,,,,1512.5,1665,1525,1600,1530,1460,1500,1550,1500,1500,1530,1545,1500,1563
"Marion","IN","Indianapolis","18","097",53,,,,,,,,,,,,,,,,,,,559.5,618,600,520,587.5,600,619,585,547.5,534,525,549,550,565,579,575,551,545,569,575,569,575,539,535,549,595,606,575,565,549.5,549,547,554,554,565,565,575,585,580,580,577.5,575,585,595,650,650,639,632.5,630,685,686,700,699,695,700
"Wake","NC","Raleigh","37","183",54,,,,,,,,,,,,660,655,652.5,700,700,697,700,700,725,740,745,725,750,729.5,756,775,775,759.5,752.5,780,775,760,743,765,747,745,754,775,811.5,819,815,830.5,849,827,782,801,825,825,829,819.5,824,835,834,837,829.5,820,800,829,822,825,839,840,860,870,855.5,898,900,926,1018,1014,1011,1029
"Hartford","CT","Hartford","09","003",55,,,,,,,,845,850,850,850,825,812.5,850,825,850,825,800,785,750,762.5,750,750,745,750,860,850,875,855,850,895,900,899,875,850,825,810,850,825,802.5,800,850,825,800,810,800,847.5,850,850,850,850,850,850,850,850,850,850,850,850,850,875,925,875,900,897.5,900,900,950,925,925,900,900,925
"Duval","FL","Jacksonville","12","031",56,,,,,,,,692,677.5,650,671,720,725,730,750,725,725,700,715,725,728,733,720,705,700,715,715,734,728,720,700,680,700,699,750,795,799,811,811,815,815,845,850,860,860,860,865,870,870,870,875,875,885,880,880,885,890,895,900,895,895,895,900,900,925,870,845,825,847,860,855,884.5,899
"Prince Georges","MD","Washington","24","033",57,,,,,,,,1010,1010,1018,1050,1010,999,999,1100,1089.5,1090,1075,1100,1128,1100,1118.5,1075,1100,1075,1125,1155,1189.5,1174.5,1172,1193,1235,1244,1200,1162,1099.5,1152.5,1246.5,1200,1066,1038,1072.5,1140,1312,1250,1248.5,1249,1300,1289,1267,1349,1415,1393.5,1327,1339,1340,1335,1300,1257.5,1200,1200,1250,1280,1246,1200,1220,1235,1245,1220,1300,1300,1300,1269.5
"New Haven","CT","New Haven","09","009",58,,,,,,,950,950,900,900,925,995,990,1000,1000,1080,1000,975,1000,1000,997,958.5,968.5,975,975,999,1000,995,1000,1000,1000,1000,995,950,950,950,950,960,985,1020,950,1000,950,950,987.5,995,950,940,950,925,950,950,975,1020,950,950,950,970,950,950,950,975,1000,1000,1000,1025,1050,1000,985,1050,997,995,1000
"Macomb","MI","Detroit","26","099",59,,,,,,,,,,,,,,,,,,,575,575,550,550,550,590,590,595,587.5,595,575,562,599,605,602.5,595,589,580,595,612.5,605,600,599.5,600,600,620,605,625,650,640,650,672.5,660,630,660,697.5,695,675,713,700,695,695,700,695,695,700,705,700,700,699.5,705,700,710,705,695
"Kern","CA","Bakersfield","06","029",60,,,,,,,,,,,,,,,,,,,,,,,,,,,,,550,538.5,585,595,620,620,595,595,600,630,625,600,600,600,600,575,577,595,557.5,595,600,620,610,625,625,625,610,600,575,575,597.5,597.5,600,600,560,600,600,625,595,595,600,595,575,575,575
"Ventura","CA","Ventura","06","111",61,,,,,,,,,,,,,,,,,,1200,1250,1255.5,1255.5,1258,1197.5,1309,1300,1300.5,1268,1300,1309,1284.5,1325,1326.5,1325,1383.5,1405,1384,1419,1400,1414,1361.5,1334.5,1409,1412.5,1350,1350,1295.5,1425,1383,1331,1350,1383,1500,1475,1482,1468.5,1473,1475,1475,1500,1500.5,1550,1550,1524,1580,1569,1580,1575,1570,1552,1555,1569.5,1591,1594
"Middlesex","NJ","New York","34","023",62,,,,,,,,,,985,965,1100,1050,997.5,1080,1050,1050,1100,1100,1075,1100,1105,1100,1135,1092.5,1100,1150,1131,1165,1167,1115,1137,1199,1195,1205,1195,1200,1300,1279.5,1190,1182.5,1150,1200,1200,1195,1174.5,1200,1235,1210,1200,1200,1180,1180,1170,1195,1185,1200,1200,1200,1200,1212.5,1250,1250,1250,1290,1275,1250,1225,1200,1200,1200,1235,1200
"Gwinnett","GA","Atlanta","13","135",63,,,,,,,,,,,,,,,,,,,,,,,,,,,,,,,,678,671,669.5,669.5,662,650,666.5,673,671,680,680,681,703.5,686.5,670,685,731,733,748,714,673,701,700,711,724,750,745,720,750,780,763,779,773,815,824,830,815,845,866,854,865,882
"San Francisco","CA","San Francisco","06","075",64,,,,,,,,,,,,,1917.5,1925,1975,2097.5,2000,2200,2440,2600,2600,2600,2395,2550,2650,2615,2595,2650,2753,2750,2650,2700,2746,2750,2795,2795,2750,2800,2846,3000,2987.5,2988.5,2952,2950,2900,2995,3035,3102,3000,2992,3010,3250,3295,3292,3319,3350,3378,3350,3404,3495,3500,3495,3500,3500,3595,3495,3526,3525,3500,3452,3400,3600,3635
"Baltimore","MD","Baltimore","24","005",65,,,,,,,,,,,,,,,,,834,850,895,890,900,977.5,996.5,1020,993.5,985,1022.5,1050,1020,1009,1095,1135,1146,1108,991,1000,959,999,1072,1071.5,995,941.5,932,900,895,875,911,899,1000,1005,976,995,978,1000,1045,1059,1040,1055,975,928,945,960,970,980,999.5,975,1000,995,1005,1000,1000,1012,1034
"Hamilton","OH","Cincinnati","39","061",66,,,,,,,,,,,,497.5,507.5,500,550,540,537.5,550,510,505,500,510,520,595,610,581,502.5,495,495,500,500,495,500,525,505,500,534.5,558,550,550,525,500,505,525,545,500,579,522.5,510,525,537,550,580,535,550,550,545,535,547,550,550,595,595,595,590,575,575,570,595,650,617.5,600,610
"El Paso","TX","El Paso","48","141",67,,,,,,,,,,,,,,,,,,,,,,,,,,,560,550,550,547.5,622,563,495,497.5,550,575,575,599,600,600,614,602.5,593,575,575,550,579,550,550,525,525,525,560,525,602.5,605,605,650,592.5,600,626,675,675,675,623.5,609,575,550,530,592.5,569,586.5,594
"Montgomery","PA","Philadelphia","42","091",68,,,,,,,,,,,,,1025,1012.5,999,999,937.5,875,912.5,960,995,1025,1030,1025,1050,1050,999.5,997,995,977.5,960,980,1000,1015,1000,1000,1000,1021,1046,1071,1055,995,950,885,865,900,860,850,895,887.5,895,925,950,975,995,990,975,900,950,968,990,999,1029,1050,1080,1075,1050,1025,1025,1100,1100,1165,1237
"Worcester","MA","Worcester","25","027",69,,,,,,,,,,,,,,,,,,,,,,,,,,,,,,,,1070,1000,1050,935,900,925,899.5,950,995,950,897.5,900,825,750,795,850,875,895,850,875,835,850,895,935,950,950,900,900,850,850,850,925,950,900,947.5,895,875,900,900,900,950,975
"Pierce","WA","Seattle","53","053",70,,,,,,,,,,,,720,697.5,700,715,765,695,690,625,650,675,675,695,695,665,700,715,699,705,705,719.5,719,721.5,735,732,744,750,740,740,755,745,750,750,695,695,709,750,750,775,775,820,855,845,837.5,855,797.5,820,795,795,795,790,797.5,825,905,877.5,906,955,899,900,906,917,885,876
"Essex","NJ","New York","34","013",71,,,,,,,,920,975,1072.5,1120,1050,1050,1000,1050,1000,950,975,975,950,950,1050,1050,1000,950,1000,1150,1050,1025,925,950,950,925,925,945,950,977.5,1000,995,975,900,950,900,900,900,900,900,900,899,900,900,925,925,925,925,950,950,1000,1050,1107.5,1000,995,1092.5,1000,1000,1007.5,1100,1080,975,995,1000,1050,1000
"Collin","TX","Dallas-Fort Worth","48","085",72,,,,,,,,,,,,759,759,765,777,760,765,790.5,725,734.5,745,750,755,760,766,782,800,793.5,799,807,793,799,810,812,821,859,835,841,849,875,880,871,865,885,895,896,886,890,873.5,878,890,876,909,902.5,893,882,891.5,919,915,920.5,900,900,925,938,979,990,998,999,1000,995,1000,1015,1035
"Monroe","NY","Rochester","36","055",73,,,,,,,,,,,,,,,,,,,650,660,660,630,660,667.5,635,690,670,660,690,680,655,695,645,697.5,755,725,725,700,699,695,705,757,759,765,765,795,820,750,775,770,750,680,725,755,735,735,755,775,750,695,695,730,725,735,745,745,735,725,730,725,725,740,745
"Essex","MA","Boston","25","009",74,,,,,,,,,,,,,,,,1047.5,1100,1150,1150,1200,1135,1116.5,1100,1150,1245,1295,1300,1340,1250,1235,1200,1225,1250,1260,1222.5,1250,1246,1283.5,1283,1371,1290,1350,1323,1300,1250,1250,1256,1250,1295,1295,1325,1410,1410,1357.5,1348,1396,1350,1300,1268,1297.5,1300,1316,1350,1358.5,1400,1450,1400,1395,1400,1400,1400,1402.5,1451
"Jefferson","KY","Louisville/Jefferson County","21","111",75,,,,,,,,,,,,,,,,,595,599,599,584,565,600,625,600,625,627,650,675,669,650,669,680,725,729,725,715,744,739.5,730,675,650,675,650,672,672.5,670,700,675,732.5,759,775,799,779,799,780,750,700,715,740,720,700,722.5,725,750,754.5,750,745,749.5,749,764,730,750,788.5
"Suffolk","MA","Boston","25","025",76,,,,,,,,,,,,1910,1835,1722.5,1650,1645,1650,1750,1800,2000,2062.5,2100,2000,1850,1800,1800,1785,1850,1800,1825,1850,2100,1960,2122.5,2100,2010,1950,1900,1900,1900,1930,2000,1995,2000,2000,2100,2000,1950,1950,1950,1950,1950,1990,1950,1975,1950,2000,2100,2100,2100,2100,2000,2000,2000,2000,2035,2075,2100,2100,2125,2100,2075,2060
"Oklahoma","OK","Oklahoma City","40","109",77,,,,,,,,,,,,,,,,,,,,,,,,,,,,,,,,,,,,,,,,,625,550,600,550,561,525,550,550,525,525,525,525,525,525,539,525,525,525,525,520,525,525,525,550,550,550,569.5,569,572.5,600,615,626.5,650
"San Mateo","CA","San Francisco","06","081",78,,,,,,,,,,,,,,,,,,,1550,1500,1554,1618,1834,1675,1689,1845,1792,1869,1915,1975,1795,1795,1795,1795,1895,1895,1915.5,1935,1904,1895,1922.5,2035.5,2064.5,2055,2059.5,1980,2029,2022.5,1949,1912,2030,2193.5,2292,2238,2275,2296,2299,2349,2341,2370,2400,2475,2400,2492,2530,2525.5,2571,2609.5,2557.5,2550,2631.5,2684,2690
"Snohomish","WA","Seattle","53","061",79,,,,,,,,,,,,,,,,,753.5,750,800,802.5,800,800,825,825,852,935,930.5,895,875,890,905,879,905,922,970,940,970,975,969.5,938,950,955,931,1000,910,905,920,985,975,970,990,1032.5,1034,1015,992.5,1010,1032.5,1050,1041,1002,1030,1030,1046,1075,1075,1100,1150,1155,1170,1050,1177.5,1185,1221
"Dekalb","GA","Atlanta","13","089",80,,,,,,,,,,,,764,825,819,825,897.5,850,825,820,827.5,850,896,880,915,953,895,899,950,943,925,983,935,930,909.5,872,869,865,891.5,875.5,905.5,890,895,895,908,959,955,950,1085,1085,1082.5,1085,1000,1020,1050,1035,1065,1045,1042,1029,1070.5,1076,1017,1045,1109.5,1115,1132.5,1160,1130,1100,1100,1100,1133,1169.5
"Cobb","GA","Atlanta","13","067",81,,,,,,,,,,,,,,,,,,,,,,,,,,,,,,,,720,721.5,693,690,694,705,715,715,722,730,750,735,770,790,797,795,811.5,825,825,825,830,847,900,875,883,888,888,890,943,930,895.5,914.5,929,944,960,960,953,952,1051,1085,1047,1061
"San Joaquin","CA","Stockton","06","077",82,,,,,,,,,,,,,,,,,,,,,,,,,,,,,,,,,,,,,575,595,575,575,550,550,575,525,595,595,575,550,571,550,560,580,568.5,575,595,620,695,625,637.5,625,662.5,675,675,645,695,660,675,695,675,695,700,725,750
"Will","IL","Chicago","17","197",83,,,,,,,,,,,,,,,,,,,,,,,,,,,,,,,,,,,,,,,,,,,,,,,,,,,,,,,,856,772.5,825,950,1033.5,954.5,825,750,800,800,835,825,900,925,975,1148.5,1155,1110
"Jackson","MO","Kansas City","29","095",84,,,,,,,,,,,,,,,,,,,,,787.5,780,800,705,677,689,615,595,598,587,575,600,600,595,595,588.5,600,592.5,587,599,595,621,621,660,719,698.5,695,713,665,675,685,715,650,660,650,642,625,635,650,650,694,729,750,755.5,730,715,715,709,697,703,714.5,715,788
"Norfolk","MA","Boston","25","021",85,,,,,,,,,,,,,,,,,1650,1675,1695,1675,1610,1592.5,1629.5,1675,1670,1650,1686,1700,1735,1725,1695,1700,1750,1750,1700,1700,1750,1763.5,1800,1824,1820.5,1820,1835,1850,1850,1842.5,1805,1795,1817.5,1835,1850,1835,1850,1850,1875,1850,1825,1810,1800,1850,1850,1895,1895,1900,1900,1940,1950,1950,1925,1900,1900,1900,1925
"Denton","TX","Dallas-Fort Worth","48","121",86,,,,,,,,,,,,695,669,675,710,727,710.5,715,660,669,680,695,680,699,715,725.5,732,755,750,740,740,729,740,743,740,748,744,749,750,759,775,766,790,803,799.5,788,785,830,849,850,880,825,868,800,825,840,832,830.5,824,831,850,825,823,849,870,895,913,941,950,935,960.5,969,964.5
"Bernalillo","NM","Albuquerque","35","001",87,,,,,,,,,,,,,,,,,,,,,,,,,,627,599.5,586,599,600,617.5,640,610,607.5,615,610,600,625,625,625,605,597,596,595,594,560.5,595,565,545,545,565,575,575,584,594,575,597,595,595,595,600,584,583.5,660,660,658,665,658,652.5,658,700,749,750
"Jefferson","AL","Birmingham","01","073",88,,,,,,,,,,,,,617,617,622,625,619,620,617.5,625,609,625,650,650,658,660,659.5,675,650,639,675,675,675,690,690,667.5,675,675,675,665,675,675,675,675,675,680,679.5,675,675,675,675,675,675,695,695,699.5,700,725,715,700,695,695,695,712,725,729,750,775,795,841,729,740,757
"Hudson","NJ","New York","34","017",89,,,,,,,,,1795,1732.5,1750,1750,1750,1700,1600,1750,1800,1750,1700,1680,1650,1800,1800,1850,1800,1900,1900,1850,1850,1815,1800,1850,1932.5,1885,1800,1795,1775,1850,1800,1825,1850,1850,1795,1750,1762.5,1850,1825,1800,1750,1750,1750,1800,1758,1850,1950,2000,2053.5,1875,1700,1750,1850,1800,1850,1800,1825,1900,1900,1935,1937.5,2000,2040,2040,2000
"Monmouth","NJ","New York","34","025",90,,,,,,,,,,,,,,1100,1150,1150,1150,1150,1118,1100,1075,1050,1025,1091,1100,1100,1100,1135,1200,1145,1150,1170,1100,1150,1180,1155,1152.5,1153,1200,1245,1350,1350,1262.5,1277.5,1150,1187.5,1250,1295,1250,1250,1300,1395,1380,1385,1375,1390,1350,1300,1250,1250,1250,1270,1200,1305,1350,1250,1350,1350,1272.5,1250,1350,1360,1300
"Davidson","TN","Nashville","47","037",91,,,,,,,,,,,,,,,,,,,,,,,,,,,,,,,,,,,,,,,,,,,,,,,,,,,,,,,1050,1150,1150,1295,1250,1150,1225,1300,1275,1295,1149.5,1145.5,1270,1335.5,1365,1392.5,1370,1399,1422
"Providence","RI","Providence","44","007",92,,,,,,,,,,,,,,,,,,,,795,750,775,750,775,782.5,842.5,875,850,850,845,875,840,800,850,860,889,880,950,950,972,972,950,972,900,952.5,920,1060,1000,987.5,975,995,975,1000,1000,950,992.5,907,900,930,975,998,1050,1095,1090,1085,1000,995,900,900,995,925,950,1000
"Bucks","PA","Philadelphia","42","017",93,,,,,,,,,,,,,,,,,,,1000,975,915,877,895,870,900,902.5,940,925,895,885,880,875,903,1005.5,1000,977.5,1019,1009.5,1002.5,932.5,1050,939,929,930,900,950,895,950,990,995,1000,1000,995,1000,1100,1025,995,995,995,985,950,955,995,1020,987.5,975,975,995,995,1032,1007.5,997,1022.5
"El Paso","CO","Colorado Springs","08","041",94,,,,,,,,,,,,,,,,,,625,650,695,620,597,665,697,724.5,699,650,625,635,630,625,650,695,695,699,640,650,660,675,695,690,685,650,550,582,595,625,647.5,626,635,645,645,662,650,671.5,699,694.5,650,650,634.5,650,650,650,647.5,695,677,693.5,689,675,700,699,699,714.5
"Baltimore City","MD","Baltimore","24","510",95,,,,,,,,,,,,,,,,,,,,,,,,,,,,,,,,,,,,,,,,,,,,,,,,,,,,,,,,,1050,1057.5,1172,1100,1150,1240,1125,1100,1150,1208,1199.5,1152,1100,1100,1085,1053,1100
"Lee","FL","Fort Myers","12","071",96,,,,,,,,,,,,,697.5,700,750,677.5,662.5,675,625,650,608,632,625,575,600,600,600,650,639.5,637.5,650,650,650,650,625,635,625,670,685,684,680.5,690,650,650,675,680,725.5,702,702,716,725,730,771,779,809,799,800.5,800,775,801,850,850,850,825,850,883,897.5,900,950,941,960,950,995
"Kent","MI","Grand Rapids","26","081",97,,,,,,,,,,,,,,,,,,,,,,525,525,525,525,525,535,549,527,535,550,575,595,600,575,575,575,577,579,599.5,591.5,604,600,600,609,609,606.5,625,629,609,650,670,639,685,650,649.5,650,700,674.5,665,650,654.5,670,693,670,690,655,650,682.5,716,698.5,650,703.5
"District of Columbia","DC","Washington","11","001",98,,1750,1999.5,1850,1825,1900,1825,1900,1950,1950,2015.5,2095.5,2100,1950,2000,1950,1995,2100,2414,2350,2375,2200,2230,2250,2230,2260,2278,2300,2337,2315,2314,2315,2295,2300,2300,2303.5,2285,2260,2240,2109,2100,2090,2200,2099.5,2050,2082,2051.5,2100,2100,2035,2040,2087,2091,2100,2125,2094,2095,2100,2100,2100,2100,2140,2100,2095,2102,2138,2137,2180,2156,2153,2171,2155,2150
"Denver","CO","Denver","08","031",99,,,,,,,,,,,,984,1033.5,1200,1100,950,950,990,1065,1100,1100,925,955,925,965,1043,1055,1039,1050,1010,1050,1095,1095,1050,1099,1049,1110,1100,1115,985,990,1056.5,1097,1050,1054,1080,1219.5,1189,1150,1125,1200,1245,1222.5,1316,1395,1435,1395,1432,1425,1429,1450,1430,1450,1450,1475,1485,1500,1500,1455,1455,1450,1436,1450
"Fort Bend","TX","Houston","48","157",100,,,,,,,,,,,,,,,,,,860,799,813,794.5,822.5,809.5,780,830,847.5,845,845,865,895,870,880,840,904.5,910,891,929.5,925,950,955,982,989,955,985,980,966,975,1012.5,1078,1085,1085,986,1016,986,987.5,980,980,959,968.5,957,962,965,988,1013.5,1034.5,1029,1029,1037.5,1001,989,999,999,999
"Ocean","NJ","New York","34","029",101,,,,,,,,,,,,,,,,,,,,,,,,,,,,,,,,,,,,,,,,,,,,,1000,1050,1000,1000,1000,1000,1000,1000,1050,1100,1050,1000,1050,1000,1000,997.5,1000,990,975,1007,1000,980,995,1000,1000,975,975,987.5,1000
"Arapahoe","CO","Denver","08","005",102,,,,,,,,,,,,,662.5,699,677,699,675,700,750,745,715,725,765,793,799,875,885,915,895,905,955,935,930,915,905,909,915,915,885,850,834.5,885,882.5,939,950,922.5,955,962.5,959,935,994,1046,1048.5,1025,1050,1095,1120,1035,1065,1133,1213,1164.5,1147,1160,1165,1170,1140,1160,1160,1158,1139.5,1135,1175
"Delaware","PA","Philadelphia","42","045",103,,,,,,,,,,,,,,,,,,,805,800,825,860,890,895,827.5,820,795,775,795,800,795,777.5,775,760,757.5,747.5,750,745,750,765,795,780,750,775,750,750,750,750,750,750,750,805,825,825,825,795,795,795,795,795,800,825,842.5,850,840,850,850,875,852.5,850,850,850,825
"Bristol","MA","Providence","25","005",104,,,,,,,,,,,,,,,712.5,675,662.5,750,795,762.5,750,710,747.5,750,750,750,775,750,750,785,772,800,800,800,800,797.5,792,793.5,799.5,833,775,793.5,795,775,775,775,750,750,795,795,800,850,800,825,865,897.5,875,875,850,860,850,845,847.5,850,900,900,900,949.5,900,900,949.5,850,850
"Johnson","KS","Kansas City","20","091",105,,,,,,,,,,,,,,,,,,630,614.5,627,604,620,615,600,625,649.5,683.5,651,697,678,658.5,675.5,695,665,625,650,665,661,650.5,682,665,673,688,675,679,655,672,699.5,700,704,708,709.5,729.5,696,757,730,725,710,725,715,763.5,760,781.5,792.5,906,852.5,885,887.5,854,845,845,845,828
"Brevard","FL","Melbourne","12","009",106,,,,,,,,670,625,600,600,600,600,600,600,600,600,600,650,650,625,600,600,595,590,580,600,600,600,600,625,620,650,619,600,595,625,600,625,603,630,650,650,675,695,625,635,617.5,650,650,675,702,700,700,690,662.5,695,700,700,695,690,700,700,700,700,700,750,730.5,700,700,697.5,725,775
"Summit","OH","Akron","39","153",107,,,,,,,,,,,,,,,,,,,,,,,,,,,,,,,,550,535,545,545,550,565,550,525,525,570,600,585,510,525,525,525,532.5,525,535,540,500,525,535,530,500,525,505,505,505,500,500,525,525,525,500,525,525,525,560,600,597.5,575
"New Castle","DE","Philadelphia","10","003",108,,,,,,,,,,,,,,,,,,,,,,,,,,,,,,,,,,,,,,,,,,,797.5,795,850,900,895,899.5,907.5,930,935,920,930,950,957,959,959,1005,927,910,942.5,922.5,942.5,955,920,927.5,940,925,940,950,915,925,925
"Anne Arundel","MD","Baltimore","24","003",109,,,,,,,,,,,,,,,,,,,,,,,,,,,,,,,,,,,,,,,,,,,,,,,1425,1379.5,1411,1400,1422,1441,1435,1515,1591,1507,1425,1418.5,1405,1300,1390,1405,1369,1301.5,1344.5,1280,1325,1356,1419,1369,1370,1379,1450
"Union","NJ","New York","34","039",110,,,,,,,,,,,,,,,,,,,,,,,,,,,,,,,,,,,,,,,,,,,,,,,,,,,,,,,,,,,,1326,1260,1275,1200,1212.5,1260,1250,1260,1260,1260,1400,1385,1375,1375
"Montgomery","OH","Dayton","39","113",111,,,,,,,,,,,,,,,,,,,,,,,,,,,,,,450,472,469,500,537.5,499,499,522.5,545,544.5,505,495,549.5,474.5,450,472.5,440,492,470,450,450,450,450,449.5,435,489,425,437.5,475,479,500,464.5,475,485,502.5,550,505,517,450,450,475,475,475,450
"Jefferson","CO","Denver","08","059",112,,,,,,,,,,,,,,,,,,,,,,,,,,,,,,,,,,947,915,880,953.5,1000,995,969,999,935,895,842.5,865,901,949,995,1000,997.5,1049.5,1062,1095,1080,1080,1116,1115,1115,1050,1085,1128,1100,1117.5,1125,1197,1195,1267.5,1238,1195,1290,1284,1335,1360
"Washington","OR","Portland","41","067",113,,,,,,,,,,,,,,,,,,745,699,790,750,725,725,790,788,790,790,790,790,795,819,835,819,815,812,795,815,819.5,850,875,885,842,844,870,881.5,875,855,895,900,910,925,940,970,970,979,979,982.5,985,980,973,987.5,1000,995,1046.5,1100,1125,1160,1175,1153,1290,1300,1296,1325
"Lancaster","PA","Lancaster","42","071",114,,,,,,,,,,,,,,,,,,,,,,,,,,,,,,,,,,,,,,,,,625,625,625,575,602.5,580,615.5,625,625,625,625,610,635,625,660,745,725,650,650,650,650,675,695,695,699.5,650,650,675,659,675,654,677.5,680
"Douglas","NE","Omaha","31","055",115,,,,,,,,,,,,,,,,,,,,525,527.5,539,550,539,554.5,575,575,579,575,575,597,625,625,600.5,599,605,619.5,644,628,620,618,678,646.5,695,750,695,612.5,695,699,695,705,705,705,685,697,697,674.5,600,700,715,750,795,755,745,745,735,750,765,750,765,769,755,765
"Stanislaus","CA","Modesto","06","099",116,,,,,,,,,,,,,,,,,,,625,635,647.5,600,650,650,657,655,647,625.5,644.5,645,606.5,650,650,650,650,650,610,630,625,630,625,627.5,600,595,595,600,625,595,595,595,600,610,600,650,645,600,600,650,735,695,690,680,675,675,730,697.5,700,725,700,712.5,725,725,737.5
"Camden","NJ","Philadelphia","34","007",117,,,,,,,,,,,,,,,,,850,830,800,750,780,770,765,765,809.5,845,835,862,850,845,855,883,910,900,885,835,850,895,862,850,850,850,850,850,850,822.5,825,825,825,825,825,825,812.5,825,825,800,812.5,850,875,895,867.5,885,900,910,965,950,950,942.5,975,900,927.5,950,950
"Ramsey","MN","Minneapolis-St Paul","27","123",118,,,,,,,,,,,,,,,,,897.5,750,754,780,750,699.5,730,755,739.5,810,810,810,800,795,795,832.5,895,900,900,855,855,897,825,795,795,785,775,825,860,847,825,820,809,809,809,825,815,815,850,855,880,850,850,895,925,890,905,909,950,909.5,955,985,947,999,1005,1150,1125
"Passaic","NJ","New York","34","031",119,,,,,,,,,,,,1100,1095,1100,1000,1022.5,1095,1050,1000,1000,1100,1250,1100,1200,1200,1250,1262.5,1275,1250,1175,1150,1100,1050,1050,1100,1095,1075,1095,1100,1150,1160,1150,1162.5,1095,1100,1100,1150,1150,1100,1100,1100,1200,1200,1200,1200,1175,1200,1150,1200,1200,1200,1200,1200,1187.5,1200,1200,1200,1200,1200,1100,1200,1225,1200
"Chester","PA","Philadelphia","42","029",120,,,,,,,,,,,,,,,,995,1025,900,1000,935,985,975,965,1010,1022.5,1045,1075,1110,1055,1055,1000,1000,1032.5,1050,1025,1000,1015,1075,1050,1058,1087.5,1000,977,850,895,895,895,955,1000,1000,1045,1075,1062.5,1100,1162.5,1100,1100,1100,1145,1117.5,1160,1200,1155,1160,1187.5,1155,1200,1175,1147.5,1333,1295,1325,1294
"Sedgwick","KS","Wichita","20","173",121,,,,,,,,,,,,,,,,,,,,,,,,,,,,,425,437.5,425,407.5,465,489,465,459,475,482.5,462.5,487,490,495,470,500,509,440,509,460,440,437.5,440,450,458,540,545,525,550,610,595,557.5,525,514.5,514.5,544.5,525,495,479,477,479,515,495,471,465
"Lake","IN","Chicago","18","089",122,,,,,,,,,,,,,,,,,,,,,,,,,,,,,,,,,,,,,,,,,,,,,,,,,,,,,,,,855,821.5,855,705,690,680,650,650,682,720,675,685,725,675,650,679,677,677
"Plymouth","MA","Boston","25","023",123,,,,,,,,,,,,,920,925,920,920,920,925,925,920,925,1025,950,979.5,950,925,1031,995,1000,1000,1000,1020,1025,1000,1000,1000,1000,1025,1037,1050,1050,1027,1050,1000,1000,1000,1000,992.5,1000,1016,1050,1025,1034,1050,1050,1050,1075,1075,1075,1062.5,1075,1050,1050,1057.5,1075,1105,1125,1125,1150,1147.5,1200,1287.5,1200
"Volusia","FL","Daytona Beach","12","127",124,,,,,,,,,,,,,,,,669,675,685,610,637.5,667.5,670,650,650,672.5,675,675,675,680,670,649,690,677.5,700,674,650,695,695,695,722,700,715,675,675,693,750,675,650,674,650,650,655,675,650,691.5,691.5,689.5,695,670,695,675,675,690,745,695,689,725,750,750,725,725,700,750
"Morris","NJ","New York","34","027",125,,,,,,,,,,,,,,,,,,,,,,,,,,,,,,,,,,,,1250,1297.5,1350,1300,1300,1287.5,1300,1300,1250,1255,1237.5,1200,1200,1200,1215,1250,1295,1250,1350,1500,1605,1450,1400,1450,1397.5,1550,1450,1450,1402.5,1400,1550,1550,1595,1600,1725,1835,1775,1630
"Guilford","NC","Greensboro","37","081",126,,,,,,,,,,,,,,,,,,,,,,,,519,549,555,575,529,560,560,583,628.5,583,575,585.5,575,595,574.5,556,571,590,590,583.5,610,555,577,565,557.5,565,550,550,567,575,575,575,527,550,587.5,607.5,615,595,585,575,550,575,588.5,599,599,588,600,615,618,625
"Sonoma","CA","Santa Rosa","06","097",127,,,,,,,,,,,,950,950,975,962.5,947.5,995,990,950,975,965,950,950,950,960.5,950,980,1050,990,999,1100,1160,1155,1155,1155,1127.5,1189,1195,1195,1200,1150,1150,1100,1000,1025,1125,1199,1147.5,1000,1000,1100,1195,1197.5,1275,1350,1300,1250,1300,1383,1379,1383,1400,1500,1400,1404.5,1495,1500,1500,1529,1595,1617,1601.5,1599
"Spokane","WA","Spokane","53","063",128,,,,,,,,,,,,,,,,,,,,,,,490,495,550,550,550,550,512.5,497.5,500,512.5,545,550,585,566,576,575,575,575,535,550,540,485,475,500,525,507.5,510,525,525,530,525,560,575,545,545,575,590,585,580,585,590,550,557.5,575,590,575,590,590,650,637.5,612.5
"Richmond","NY","New York","36","085",129,,,,,,,,,,,,,,,,,,,,,,,,,,,,,,,,,,,,,,,,,,,,1200,1200,1100,1150,1150,1100,1150,1102.5,1150,1100,1100,1112.5,1150,1150,1125,1175,1200,1200,1200,1200,1200,1200,1150,1100,1150,1175,1200,1200,1200,1200
"Onondaga","NY","Syracuse","36","067",130,,,,,,,,,,,,,,,,,,,,,,,,,,,,,,,,,,,,,,,,,,,,,,,,,,,,,,,672.5,697.5,675,720,743,735,700,700,752.5,755,777.5,772,750,750,787.5,725,725,750,725
"Pasco","FL","Tampa","12","101",131,,,,,,,,,,,,,,,,,,,649,650,550,599,649.5,650,650,675,627.5,599.5,595,572,625,650,639.5,674,650,595,665,760,679.5,630,625,690,650,677.5,650,650,700,600,562.5,550,575,642,650,650,650,628,582.5,605,605,605,605,625,712.5,747.5,750,750,754.5,747.5,797.5,725,735,750,750
"Hampden","MA","Springfield","25","013",132,,,,,,,,,,,,,,,,,,,,,,,,,,,,,732,731,791,791,791,791,750,732,731,727.5,731,762.5,775,775,775,775,775,725,750,753.5,750,750,750,750,750,750,766,795,800,795,825,795,766,795,800,800,800,850,775,800,800,800,800,800,850
"Montgomery","TX","Houston","48","339",133,,,,,,,,,,,,,,,,,,750,726,730,730,735,725,714.5,785,805,810,860,889,860,865,884,860,894,883.5,888,884,900,905,890,921,924,930,961,972,963.5,925.5,932,932,935,929,909,939,929.5,931,884,909,900,904.5,909,914,919.5,943,930,944,1030,955,950,959,985,983,981.5,941.5
"Greenville","SC","Greenville","45","045",134,,,,,,,,,,,,,,,,,,,,,,,,,,,,,,,,,,,,,,,,,,,,,,,,,,,,,,,,717.5,800,768,730,715,750,800,772.5,785,829,829,825,846,800,810,867,875,855
"Burlington","NJ","Philadelphia","34","005",135,,,,,,,,,,,,,,,,,,,,,930,875,850,867.5,900,850,914,882,914,900,900,850,900,919,940,925,934,945,940,929,935,950,935,925,924.5,935,924,905,919,906,906,905,995,1037,1037,1030,1000,1000,975,1000,1032.5,1050,1050,1042.5,1036,1035,995,1020,1005,995,975,990,990
"Lucas","OH","Toledo","39","095",136,,,,,,,,,,,,,,,,,,,,,449,449,480,435,482.5,482.5,450,450,475,460,435,435,444.5,475,475,460,459,475,456.5,445,445,435,445,432.5,430,435,435,430,440,430,430,475,475,479,475,435,459.5,450,450,450,450,472,475,455,475,420,425,465,480,500,495,485,450
"Adams","CO","Denver","08","001",137,,,,,,,,,,,,,,,,,,,710,695,635.5,649,655,675,719,720,720,775,725,755,800,815,800,799,805,815,815,822,808,799,766,795,785,750,750,809.5,850,884,855,875,915,935,974.5,960,992,1001.5,960,961,1009,994.5,999,1000,999.5,1047.5,1045,1095,1044.5,1059,1015,1155,1139.5,1099,1100
"Virginia Beach City","VA","Virginia Beach","51","810",138,,,,,,,,,,,,880,887.5,895,930,995,934,949.5,995,965,1000,995,930,916,929,917,917,903,952.5,950,1121,1145,1151,1105,1110,1065,1091,1070.5,899,919,988.5,955,969,935,935,935,899,869,869,899,899,939,949,939,895,895,900,915,907.5,917,919,919,905,900,900,910,912.5,902.5,930,967,975,981.5,947
"York","PA","York","42","133",139,,,,,,,,,,,,,,,,,,,,,,,,,,,,,,,,,,,,,,,,,,,,,,,,650,595,595,595,637.5,595,550,575,575,545,575,575,575,585,600,595,650,630,625,625,625,625,625,625,635,600
"Jefferson","LA","New Orleans","22","051",140,,,,,,,,,,,,,,,,,,,687.5,675,675,695,695,712.5,718.5,727,745,717,710,710,727,715,720,750,740,700,720,727,735,770,725,775,770,750,720,775,750,700,725,725,725,750,750,795,750,750,800,750,750,725,750,745,825,795,825,792,825,825,725,750,750,750,750
"Knox","TN","Knoxville","47","093",141,,,,,,,,,,,,,,,,,,,,,,,,,,,,,572.5,585,550,635,605,599,598.5,635,609,595,592,595,599,625,626.5,688,610.5,599,597.5,600,595,595,639,715,695,680,655,635,621,590,605,617.5,615,650,640,645,707.5,699.5,679,699.5,652.5,699,680,675,665
"Polk","IA","Des Moines","19","153",142,,,,,,,,,,,,,,,,,,,,,640,632.5,650,640,650,625,625,595,602,615,640,640,640,680,682,684,665,675,675,675,665,670,665,685,700,600,625,640,640,639,625,620,600,595,625,615,615,640,630,702.5,717.5,757,753.5,757,676,694.5,702.5,727.5,725,757,757,757,757
"Clark","WA","Portland","53","011",143,,,,,,,,,,,,,,,,,,,,,690,720,692.5,720,720,720,720,705,690,690,660,700,695,707.5,750,725,721.5,735,749,750,747,750,750,795,717.5,715,725,725,725,725,750,827.5,838,852,850,869,840,808,810,838,850,830,950,950,950,974,995,995,995,994.5,995,992.5,961
"Seminole","FL","Orlando","12","117",144,,,,,,,,,,,,,,,,,675,700,700,695,695,690.5,712.5,740,741,726,716,717,718,735,732,729.5,734,741,750,741.5,755,759,755,746.5,750,742,729,725,700,732,739,737,725,725,725,769.5,775,765,754.5,759.5,765,760.5,765,764,770,795,786,795,814,825,855,852.5,851,880,895,898.5,919
"Williamson","TX","Austin","48","491",145,,,,,,,,,,,,,,,,,730,719,703.5,700,749,789.5,760.5,759.5,765,770,763,770,775,760,800,805,794,784,792,815,805,815,807,825,820,832,839,848,845,837.5,860,875,875,875,871,875,873,874,875,869.5,875,862,879,869,869,870,877,882,884,892,895,895,895,924,929,940,929
"Washoe","NV","Reno","32","031",146,,,,,,,,,,,,590,565,549.5,525,525,512.5,525,539,587.5,599,572.5,575,570,550,575,592,589,550,575,575,575,550,550,550,595,598,599,595,565,565,600,599,595,550,595,540,550,550,550,560,587.5,550,550,595,595,595,600,597,600,610,625,625,600,599,605,625,650,622.5,650,695,650,675
"Monterey","CA","Salinas","06","053",147,,,,,,,,,,,,,,,,,,,,1019,963,943.5,956.5,925,934,955,959,972,988,989,973,969.5,971,922,922,947,941.5,995,977,963.5,994.5,1012,999.5,995,997,968,975,995,975,995,1000,1025,1025.5,1000,1076,1025,1025,1027,1065,1061.5,1091,1120,1164,1204.5,1185,1146,1171.5,1181.5,1213,1221,1221,1303,1300
"Solano","CA","Vallejo","06","095",148,,,,,,,,,,,,,775,750,725,725,750,750,750,775,795,795,750,795,800,825,825,825,825,825,825,875,895,895,890,885,897,900,925,891,891,891,895,837.5,850,850,987.5,950,850,850,857.5,995,962.5,1012.5,995,985,1040,1040,1149,1100,1200,1150,1200,1118,1200,1225,1291,1227.5,1400,1480,1494,1469.5,1512
"Mobile","AL","Mobile","01","097",149,,,,,,,,,,,,,,,,,,,,,,,,,,,,,,,,,,,,,,,,,,,,,,,,,,,,,,,,,,550,477.5,465,462.5,500,520,600,600,600,600,525,537.5,600,625,600,575
"Berks","PA","Reading","42","011",150,,,,,,,,,,,,,,,,,,,,,,,,,,,,,,,,662.5,650,680,667.5,680,670,670,677.5,775,735,735,735,650,615,560,570,600,600,625,617.5,675,700,622.5,625,647.5,650,650,597.5,675,685,700,725,695,762,725,745,725,700,675,750,700,700
"Prince William","VA","Washington","51","153",151,,,,,,,,,,,,,,,,,,,,,1160,1195,1202,1225,1180,1205,1239.5,1205.5,1192.5,1219,1230,1229.5,1213.5,1165,1215,1253,1225,1237,1296,1283,1275,1313.5,1293.5,1230.5,1245.5,1200,1175,1163,1171,1191,1195,1227,1243,1250,1165,1186,1160,1190,1153.5,1165,1185,1165,1185,1175,1195,1240.5,1245,1235,1201.5,1196,1202,1220,1245
"Hillsborough","NH","Manchester","33","011",152,,,,,,,,,,,,799,829,829,800,817,829,800,809,809,809,809,814,809,822,829,829,829,800,800,900,900,900,900,900,900,900,900,900,900,900,879,889,875,875,855,875,879,890,875,895,875,875,884.5,900,900,879.5,895,895,900,895,897,914,900,920,909,904.5,895,889.5,897.5,879,879,925
"Dakota","MN","Minneapolis-St Paul","27","037",153,,,,,,,,,,,,,,,,,,,767.5,750,775,750,730,750,740,750,798,809,799.5,872.5,932.5,925,899,896,885,856,839,863.5,875,875,825,825,810,825,814,885,850,847.5,930,975,972.5,940,975,975,989.5,1000,950,955,955,955,950,925,909.5,908,930,954.5,997,957.5,982,1055,999,1001,1010
"Ada","ID","Boise City","16","001",154,,,,,,,,,,,,,,,,,,,,,,,,560,575,575,570,565,565,575,575,575,585,595,615,610,615,650,625,625,595,595,595,550,550,575,550,550,550,575,590,595,595,625,575,575,600,632.5,597.5,600,635,652.5,627.5,600,600,650,685,695,695,695,675,708,735
"Waukesha","WI","Milwaukee","55","133",155,,,,,,,,,,,,,,,,,,,,,,,,,,,,,,,,,,,,,,,,,,,,,,,,,,,,,,,,,,907,925,1025,975,995,973,960,960,915,995,1012,975,1050,1050,1015,1050
"Richland","SC","Columbia","45","079",156,,,,,,,,,,,,,,,,,,,,,,,,,,,,,,,,,,,,,,,,,,,,,,,,750,662.5,650,699,695,745,845,865,850,748,750,755,801.5,824,803,755,705,792.5,792.5,745,746.5,780,777.5,750.5,770,720
"Pulaski","AR","Little Rock","05","119",157,,,,,,,,,,,,,,,,,,,,,,,,,,,,,685,655,665,660,680,653,652,662.5,691,695,681,690,718,702.5,650,604,575,581,590,627.5,595,582,570,585,625,650,645,600,600,600,669.5,697.5,642.5,650,610,645,633,650,650,662.5,670,684,677.5,680,665
"Clackamas","OR","Portland","41","005",158,,,,,,,,,,,,,,,,,,,,,655,650,635,731,775,753,777.5,795,805,830,842.5,849,850,840,820,817,837.5,886,837,850,875,881,875,935,922.5,837,881,885,925,895,925,945,940,967,995,995,970,972.5,945,950,1020,1038.5,1074,1060,1039,1100,1105,1107,1106,1149.5,1173.5,1147.5,1197.5
"Stark","OH","Canton","39","151",159,,,,,,,,,,,,,,,,,,,,,,,,,,,,,,,,,,,,,,,,,,,,,,,,,,,,,,,,,,,435,425,455,450,459,495,495,465,450,455,457,470,467.5,495,495
"Orange","NY","New York","36","071",160,,,,,,,,,,,,885,900,900,875,875,875,875,850,862.5,895,900,925,900,925,925,900,915,975,962.5,925,925,925,900,950,900,925,975,950,925,950,925,925,950,987,950,975,950,925,900,925,972.5,950,992.5,1000,980,1000,1012.5,1050,1000,995,985,1000,1020,1000,1050,1050,1000,1000,1090,1097.5,1020,1050
"Allen","IN","Fort Wayne","18","003",161,,,,,,,,,,,,,,,,,,,,,,,,,,,,,,,,,,,,,,,,,,,,,,,,,,,,,,,,,472.5,480,462.5,480,457.5,475,480,450,458.5,450,450,451,450.5,450,460.5,450,450
"Lane","OR","Eugene","41","039",162,,,,,,,,,,,,,,,,550,575,575,585,550,525,535,550,552.5,555,595,580,565,575,560,565,550,562.5,590,585,575,595,595,595,590,572.5,595,595,600,590,595,610,565,595,625,625,650,625,625,625,575,595,625,625,575,595,625,645,645,675,650,650,650,625,702,682.5,695,750
"Forsyth","NC","Winston-Salem","37","067",163,,,,,,,,,,,,,,,,,,498.5,552.5,550,555,515,520,545,555,545,545,549,550,579,579,545,525,550,546,525,555,510,525,555,540,552.5,509,490,500,500,525,500,500,495,500,549.5,565,510,537.5,517.5,530,545,600,575,565,572,585,592,575,575,605,595,600,650,750,755,759
"Charleston","SC","Charleston","45","019",164,,,,,,,,,,,,842.5,842.5,895,900,900,850,865,900,850,862.5,850,850,884.5,900,900,905.5,922.5,900,915,941,946,915,900,897.5,930,921,931,966,1016,1050,1052.5,1068,1100,1025,1020,1100,1200,1200,1100,1100,1100,1100,1100,1100,1100,1100,1097.5,1112.5,1099,1150,1200,1200,1095.5,1100,1145,1139,1142,1120.5,1135.5,1199,1141,1200
"Lehigh","PA","Allentown","42","077",165,,,,,,,,,,,,,,,,,,,,,,,,,,,,,900,940,850,790,795,752.5,700,687.5,680,725,712.5,762.5,700,695,675,705,675,675,690,695,695,685,685,700,697.5,695,715,725,735,750,750,765,795,795,762,760,750,810,750,744.5,800,800,910,872.5,842.5
"Placer","CA","Sacramento","06","061",166,,,,,,,,,,,,,,,,,,,,,,,,,,,,,,,,,,,,,,,,,,,,,,,,,,,,,,,,962.5,1076,1121.5,1125,1175,1225,1099,1000,1127,1150,1140,1150,1165,1165,1178,1225,1240,1232.5
"Orleans","LA","New Orleans","22","071",167,,,,,,,,,,,,,,,,,,,,,,,,,,,,,,,,,,,,,,,,,,,,,,,,,,,,,,,,,,,1250,1200,1100,1150,1280,1400,1375,1450,1400,1350,1285,1250,1275,1300,1350
"Nueces","TX","Corpus Christi","48","355",168,,,,,,,,,,,,,,,,,,,,,,,,,,,,,,,,,,,,,,,,,,,,,925,759,819,925,809.5,850,909,922,895,849,849.5,895,850,827.5,853,829,799,800,800,790,792.5,795,807.5,837.5,897.5,919,950,999,950
"Madison","AL","Huntsville","01","089",169,,,,,,,,,,,,,,,,,,,,,,,,,,,,,,,,,,,,,,,,,,,,,,,,,,,534,600,600,614.5,547.5,525,512.5,500,500,500,425,430,425,425,430,440,440,440,430,495,500,495,499.5
"Anoka","MN","Minneapolis-St Paul","27","003",170,,,,,,,,,,,,,,,,,,,,,,,,,,,,,,,,,,,,,,,,,,,,,,,,,,,,,,,,,,849.5,820,867.5,922.5,885,939,902.5,960,920,897.5,880,910,900,896,910,895
"Somerset","NJ","New York","34","035",171,,,,,,,,,,,,,,,,,,,,,,,,,,,,,,,,,,,,,,,,,,,,,,,,,,,,,,,,,,,,,,1450,1450,1450,1350,1350,1350,1400,1400,1350,1342.5,1350,1425
"Manatee","FL","North Port-Sarasota-Bradenton, FL","12","081",172,,,,,,,,,,,,,675,675,675,675,600,635,662.5,700,650,739,769,781,799,799,779,795,752,754.5,750,755,745,777,772,705,739,745,750,797,754.5,797,755,754.5,798.5,810,844,895,874,882,874,795,798.5,800,807.5,872.5,805,835,860,830,850,905,938,935.5,925,936,923,935,975,1046.5,1083.5,1085,1029
"Cumberland","NC","Fayetteville","37","051",173,,,,,,,,,,,,,,,,,,,,,,,,,,,,,,,,,,,,,,,,,,,,,,659,649,649,659,635,649,650,687,719,668,640,619,649,619,591,595,570,575,580,610,550,525,525,535,530,515,525,495
"Saint Louis City","MO","St. Louis","29","510",174,,,,,,,,,,,,,,600,605,645,665,575,525,525,550,595,595,595,595,595,602.5,700,675,650,675,599,599,599,599,595,625,625,650,599,592.5,625,600,582.5,600,625,642.5,585,625,625,650,600,625,600,662.5,695,695,636.5,699,745,746.5,705,750,750,725,700,700,715,675,695,657.5,675,675
"Chesterfield","VA","Richmond","51","041",175,,,,,,,,,,,,,,,,,,,,,,,,,,,,,,,,,,,,,,,,,,,,,,,,,,,,,,837,820,769,769,824,793.5,760,795,799.5,819,807,804,834.5,819,795,865,865.5,869,845,835
"Loudoun","VA","Washington","51","107",176,,,,,,,,,,,,,,,,,,,,,,,,,,,,,1387,1385,1375,1371.5,1340,1314,1309,1337,1353,1346,1400,1392,1377,1422.5,1450,1350,1350,1309,1295,1285,1305,1327.5,1345,1395,1371,1359,1395,1361.5,1300,1299,1341,1327.5,1302.5,1335,1346,1379,1369,1381,1369,1373,1355.5,1350,1319.5,1379,1355
"Rockland","NY","New York","36","087",177,,,,,,,,,,,,,1195,1250,1200,1285,1367.5,1397.5,1365,1350,1312.5,1300,1325,1300,1300,1350,1350,1360,1360,1400,1395,1400,1400,1400,1400,1400,1400,1400,1395,1400,1450,1425,1400,1400,1425,1440,1450,1400,1397.5,1400,1400,1450,1432.5,1400,1425,1450,1425,1450,1465,1400,1450,1472.5,1450,1512.5,1500,1500,1500,1492.5,1500,1522.5,1505,1500,1500
"McHenry","IL","Chicago","17","111",178,,,,,,,,,,,,,,,,,,,,,,,,,,,,,,,,,,,,,,,,,,,,,,,,895,900,895,895,900,845,832.5,850,925,900,850,850,910,935,900,850,850,850,901.5,901.5,865,862.5,855,850,837.5,825
"Henrico","VA","Richmond","51","087",179,,,,,,,,,,,,,,,,,,,,,,,,,,,,,,,,,,,,,,,,,,,,,,,,,,,,,,,,945,955,950,896.5,922.5,898,895,906,903.5,901,901,900,898,915,1000,946,950,925
"Albany","NY","Albany","36","001",180,,,,,,,,,,,,,,,,,,,,,,825,850,910,945,900,945,870,850,852.5,837.5,882.5,890,914.5,885,870,890,865,850,867,900,900,900,892.5,905,850,855,850,877,876,875,850,892.5,900,902.5,895,930,965,965,975,925,917.5,925,975,985,995,1072.5,1090,1040,1050,1050,1040,990
"Lorain","OH","Cleveland","39","093",181,,,,,,,,,,,,,,,,,,,,,,,,,,,,,,,,,,,,,,,,,,,,,,,,,469,480,485,485,515,475,454.5,475,475,470,450,456,459,472,477,475,464,475,475,475,475,475,485,485,475
"Northampton","PA","Allentown","42","095",182,,,,,,,,,,,,,,,,,,700,700,685,697.5,725,795,700,700,725,735,735,700,695,687.5,750,695,700,695,699,730.5,715,730,722.5,700,730,700,700,700,700,725,735,750,750,750,700,700,725,730,750,750,730,725,750,725,750,775,795,790,749.5,750,749,750,787.5,775,800,811
"Escambia","FL","Pensacola","12","033",183,,,,,,,,,,,,,534.5,525,450,525,544.5,550,550,525,559,592,575,595,590,584.5,550,525,525,525,525,549,589,582,568,575,590,595,590,590,590,590,624,622.5,597.5,550,550,550,550,550,565,575,600,600,625,650,650,650,695,650,650,674.5,679,675,675,675,672.5,670,642.5,697.5,655,695,675
"Dutchess","NY","New York","36","027",184,,,,,,,,850,850,850,837.5,850,875,905,950,900,900,895,900,925,900,900,900,900,900,900,900,900,900,900,900,899,900,875,889.5,895,897.5,900,925,900,915,900,900,895,900,875,900,900,940,940,950,932.5,950,940,940,932.5,945,912.5,900,950,950,950,950,950,950,950,950,975,975,975,975,1000,1000
"Fayette","KY","Lexington","21","067",185,,,,,,,,,,,,,,,,,,,,,615,640,635,620,615,630,655,635,650,655,635,640,640,645,590,592.5,640,650,655,654,654,615,589,580,630,685,640,590,625,625,650,705,675,730,759,720,717,670,680,655,630,650,685,719,719,719,719,719.5,640,731,735,735,745
"Rockingham","NH","Boston","33","015",186,,,,,,,,,,,,,,,,,,895,895,925,959.5,950,895,895,850,895,850,810,825,887.5,905,905,907.5,910,910,904,910,994,994,975,975,955,952.5,925,1050,925,970,895,925,925,925,950,960.5,950,971,953,1037.5,1050,1000,935,925,1000,950,1022.5,1050,1097.5,1035,1145,1050,1100,1080,1050,1057.5
"Boulder","CO","Boulder","08","013",187,,,,,,,,,,,,,,,,,,,,,,,,961,1010,1010,1002,1027.5,1022,1000,1016,1050,1050.5,975,995,999,999,1097.5,1029,1045,1070,1097,1130,1195,1135,1115,1106,1072.5,1095,1092.5,1110,1195,1195,1195,1200,1370,1265,1283.5,1420,1350,1374.5,1295,1275,1245,1306,1375,1444,1470,1383.5,1300,1299,1336.5,1350
"Anchorage","AK","Anchorage","02","020",188,,,,,,,,,,,,,,,,,,,,,,,,,,,,,,,,,,,,,,,,,,,,,,,,,945,945,905,995,995,945,975,1020,902.5,1040,957.5,950,957.5,985,995,950,975,925,940,967.5,900,915,975,970,955
"Galveston","TX","Houston","48","167",189,,,,,,,,,,,,,,,,,,,,,,,,,,,,,,,,,,,805,769,769,769,769,785,834,775,797,835,835,830,835,850,800,802,802,835,835,800,769,729,725,750,750,750,715,680,707.5,707.5,750,755,772,780,825,825,890,862.5,842
"Gloucester","NJ","Philadelphia","34","015",190,,,,,,,,,,,,,,,,,,,,,,,,,,,,,,,,,,,,,,,,,,,,,,,,,,850,850,850,895,862.5,837.5,850,850,875,882.5,900,900,935,900,915,925,940,900,887.5,900,987,963,970,975
"Howard","MD","Baltimore","24","027",191,,,,,,,,,,,,,,,,,,,1200,1237.5,1220,1300,1397.5,1327,1290,1287,1275,1275,1258,1270,1320,1340,1330,1330,1289,1269,1281,1272,1305,1304.5,1245,1235,1275,1274.5,1250.5,1355,1324.5,1269.5,1273,1315,1365,1330,1345,1271,1272,1265,1269,1265,1282.5,1265,1345,1362.5,1402.5,1376.5,1350,1340,1395,1375,1333,1325,1309.5,1306,1325
"Douglas","CO","Denver","08","035",192,,,,,,,,,,,,,,,,,,,,,,,1080,929,899,911,992.5,1007.5,1065,1075,1050,1060,1000,1014.5,990,1000,1008,1002.5,995,1014,1005,1089,1115,1095,1075,1090.5,1175,1113,1125,1135,1190,1157,1185,1143,1235,1237.5,1220,1216.5,1217,1235,1247,1288.5,1318.5,1314,1347,1366,1350,1339.5,1320,1359.5,1355,1328.5,1269
"Lancaster","NE","Lincoln","31","109",193,,,,,,,,,,,,,,,,,,,,,,,,,,,,,,,,,,665,677.5,695,705,700,685,715,685,685,700,725,715,715,707.5,707.5,700,680,695,730,722.5,745,750,715,717.5,750,750,725,730,710,725,750,764,777.5,790,775,750,735,750,742,735
"Ingham","MI","Lansing","26","065",194,,,,,,,,,,,,,,,,,,,,,525,527.5,532.5,522.5,540,525,525,518,530,540,530,529.5,545,545,550,550,550,562.5,550,550,559,563,550,549,544.5,550,537.5,540,550,547.5,550,550,555,600,597.5,600,600,556,575,550,550,560,562.5,559,599,570,570,615,599,595,595,577.5,589
"Erie","PA","Erie","42","049",195,,,,,,,,,,,,,,,,,,,,,,,,,,,,,,,,,,,,,,,,,,,,,,,,,,,,,,,,,,,,,600,596,596,577.5,575,575,538,575,600,595,575,528,528
"Lubbock","TX","Lubbock","48","303",196,,,,,,,,,,,,,,,,,,,,,,,,,,,,,,,,,,,,,,,,,,,,,,,,,,,,,,,,,,,,,551,635,635,635,616,596,608,559,558,568,575,575,608
"Leon","FL","Tallahassee","12","073",197,,,,,,,,,,,,,,,,,,,,,,,615,622.5,650,658.5,625,650,650,717,709.5,650,685,707.5,640,650,674,699,691,686,650,595,550,525,505,550,550,550,550,560,555,555,550,550,499,550,550,595,555,595,550,575,595,595,595,600,600,622,550,550,625,622.5,625
"Greene","MO","Springfield","29","077",198,,,,,,,,,,,,,,,,,,,,,419.5,407,395,410,414,450,425,402.5,422.5,422.5,415,440,435,432.5,435,434.5,439,450,442.5,450,450,450,450,450,425,449,450,450,449,449,450,450,475,475,475,450,450,450,450,475,475,475,475,475,450,450,450,450,452.5,480,459,455,482.5
"Hamilton","IN","Indianapolis","18","057",199,,,,,,,,,,,,,,,,,,,,,,,,,,,,,,,,,,,,,,,,,,,,,,,,,,,804,764.5,789,809,800,800,800,800,800,800,800,849.5,870,877,850,849,869.5,884,859.5,884,874,892,870
"New London","CT","New London","09","011",200,,,,,,,,,,,,750,762.5,800,750,750,800,800,850,825,810,800,795,800,795,820,875,837.5,812.5,795,825,825,800,800,822.5,812.5,825,821,800,810,850,800,800,847,825,800,800,850,850,850,837.5,850,885,895,875,825,850,875,850,800,845,825,836.5,812.5,845,887.5,897.5,950,950,950,950,897.5,900
"Saint Clair","IL","St. Louis","17","163",201,,,,,,,,,,,,,,,,,,,,,,,,,,,,,,,,,,,,,,,,,,,,,,,,,,,,,,,,520,550,525,500,525,525,550,550,525,510,500,525,525,525,590,575,575,575
"Dauphin","PA","Harrisburg","42","043",202,,,,,,,,,,,,,,,,,,,,,,,,,,,,,,580,565,565,595,629,620,647.5,665,640,640,650,650,600,615,625,647.5,650,650,650,650,650,650,650,630,625,640,637.5,642.5,600,630,650,685,710,720,715,705,755,745,705,700,700,685,687.5,695
"Durham","NC","Durham","37","063",203,,,,,,,,,,,,,,,,,597,630,650,643,620,625.5,622.5,625,670,671,675,640,665,675,752,763,807.5,810,875,840,831,806,805,810,765,770,770,782.5,745,685,752.5,750,750,765,785,785,785,777.5,745,750,757.5,750,775,815,845,865,815,845,855,858,901,943,970,1059,1059,1055,1065
"Chatham","GA","Savannah","13","051",204,,,,,,,,,,,,772.5,775,750,778,763,800,780,780,800,765,800,810,800,819,795,799,820,827.5,831,847,831,829,835,825,810,835,850,849,855,850,865,865,900,889,850,850,850,825,850,880,926,950,913,859,895,919,885,904,875,895,916,940,962,950,900,897.5,895,895,865,855,855.5,880
"Merced","CA","Merced","06","047",205,,,,,,,,,,,,,,,,,,,,,,,,,450,450,450,475,475,475,475,492.5,450,475,450,475,475,475,465,467.5,475,492.5,495,450,450,495,500,500,525,500,500,540,525,500,462.5,475,497,485,495,495,500,499,495,550,575,525,500,500,550,550,537.5,512.5,487.5
"Marin","CA","San Francisco","06","041",206,,,,,,,,,,,,,,,,,,,,,,,,,,,,,,,,,,,,,,,,,,,1732.5,1937.5,1804,1824,1876,1930,1990,1940,2000,2005,1998,2000,1950,1998,2100,2100,2100,2300,2238,2304.5,2335,2254,2258,2258,2289,2250.5,2320,2278,2315.5,2300,2357
"Thurston","WA","Olympia","53","067",207,,,,,,,,,,,,,,,,,,,,,,,,,,,,,,,,,,,,,,,,,,,,,,920,880,850,897.5,907.5,902,870,850,850,865,904,984,877.5,864,950,950,950,921,910,921,912.5,900,900,875,884.5,900,903,842.5
"Harford","MD","Baltimore","24","025",208,,,,,,,,,,,,,,,,,,,,,,,,,,,,,,,,,,,,,,,,,,,,,,,,,,,,,,800,740,800,880,875,825,749,850,910,910,975,975,1009,984,935,946.5,952,943.5,955,969
"Norfolk City","VA","Virginia Beach","51","710",209,,,,,,,,,,,,,,,,,,,,,,,,,,,,,,,,,,,,,,,,,,,910.5,775,750,725,750,800,837.5,850,825,800,875,895,797.5,750,735,795,845,785,795,750,797,865,950,895,900,950,950,950,895,827.5,827.5
"Buncombe","NC","Asheville","37","021",210,,,,,,,,,,,,,,,,,,,,,,,,,,,,,,,,,,,,,,,,,,,,,,,,,,,,,,,,,,,,,,940,886,885,850,882.5,928,929,955,970,950,897,899
"Frederick","MD","Washington","24","021",211,,,,,,,,,,,,,,,,,,,,,,,,,,,,,,,,,,,,,,,,,,,,,,,,,1086,1087.5,1089,1034,1093,1234.5,1280,1261,1169,1169,1209,1209,1212,1180,1180,1215,1227.5,1242,1150,1150,1203,1217.5,1175,1200,1180
"Montgomery","AL","Montgomery","01","101",212,,,,,,,,,,,,,,,,,,,,,,,,,,,,,,,,,,,,,,,,,,,,,,,,,,,,,,525,550,550,550,550,600,575,575,575,575,560,560,575,630,560,577.5,615,595,595,595
"Chesapeake City","VA","Virginia Beach","51","550",213,,,,,,,,,,,,,,,,,,,,,,,,,,,,,,,,,,,,,,,,,,,,,,,,,,,,,,,997.5,935,950,894.5,939,989.5,1020,1059,1074,1063,1044,1066,1070,1070,1072,1095,1025,1059,1067
"Clay","MO","Kansas City","29","047",214,,,,,,,,,,,,,,,,,,,,,,,,,,,,,,,,,,,,,,,,,,,,,,,,,,,,,,,,,,575,575,594,602,582.5,580,648,677,652,635,628,628,661,699.5,699,703
"Butte","CA","Chico","06","007",215,,,,,,,,,,,,,,,,,,,,,,,,,,,,,,,,,,,,,,,,,,,,,,,,,,,,,,,,,,,,,,675,625,630,690,710,725,725,725,695,657.5,700,720
"Lackawanna","PA","Scranton","42","069",216,,,,,,,,,,,,,,,,,,,,,,,,,,,,,,,,,,,,,,,,,,,,,,,,,,,,,,,,,,,650,600,585,617.5,625,685,662.5,650,625,599,612.5,643,636,622.5,650
"Linn","IA","Cedar Rapids","19","113",217,,,,,,,,,,,,,,,,,,,,,,,,,,,,,,,,,,,,,,,,,,,,,,465,465,450,425,425,425,435,425,425,415,435,430,425,440,450,470,475,465,445,450,450,465,454,450,462.5,475,495,495
"Smith","TX","Tyler","48","423",218,,,,,,,,,,,,,,,,,,,,,,,,,,,,,,,,,,,,,,,,,,,,,,,,,,,,,816,757,700,718.5,720,752,773,782,794,799,745,779.5,740,745,679,692,729,707,666,695,669
"Arlington","VA","Washington","51","013",219,,,,,,,,,,,,,,,,,,,,,,2170,2135,2049.5,2050,2100,2125,2100,2141.5,2135,2108,2095,2091,2052,2080,2050,1951,1973,1997,1955,1989,1928,1899.5,1905,1900,1855,1871.5,1915,1912,1905,1915,1945,1970,1960,1947.5,1915,1870,1865,1890,1875,1887,1920,1913.5,1915,1900,1891,1927,1925,1928,1934,1906,1904,1930
"New Hanover","NC","Wilmington","37","129",220,,,,,,,,,,,,,,,,,,,695,715,634,597.5,649.5,650,650,639.5,675,695,657.5,629,659,695,719.5,688,637,675,674,713,723,695,718,750,662.5,750,750,700,750,712,750,749,749,749,705,700,699.5,720,749,747,749,720,775,779,770,759.5,742.5,743,766,769,773,750,775,800,841.5
"Whatcom","WA","Bellingham","53","073",221,,,,,,,,,,,,,,,,,,,,,,,,,,,,,,,,,,,,,,,,,,,,,,,,,,,,,,,,,,,,713.5,785,765,825,780,760,725,850,850,910,915,905,900,850
"Champaign","IL","Champaign-Urbana","17","019",222,,,,,,,,,,,,,,,,,,,,,,,,,,,,,,,,575,575,575,570,595,580,575,567.5,570,572.5,575,547.5,545,572.5,595,595,572.5,575,585,597.5,575,555,555,550,575,600,600,565,595,600,600,600,595,575,555,585,580,587.5,595,587.5,595,599.5
"Richmond","GA","Augusta","13","245",223,,,,,,,,,,,,,,,,,,,,,,,,,,,,,,,,,,,,,,,,,,,,,,,,685,685,695,693,729,675.5,653,684.5,695,650,695,651,595,635,635,650.5,650,650,612.5,650,675,695,725,750,700,725
"Brazos","TX","College Station","48","041",224,,,,,,,,,,,,,,,,,,,,,532.5,542,499,499,550,525,535,550,560,566.5,585,599.5,600,599,575,565,555,597,600,610.5,699,700,625,675,644,646.5,649.5,650,650,631,629,604.5,629,627,617,599,609,629,643.5,652,650,649,650,659,654.5,604.5,625,600,600,604.5,604.5,595,545
"Litchfield","CT","Torrington","09","005",225,,,,,,,,,,,,800,800,800,800,800,750,750,785,795,825,807.5,800,800,800,775,750,785,797.5,800,850,850,847.5,850,800,800,800,800,800,875,875,900,875,850,800,800,790,775,795,800,800,800,800,795,845,845,812.5,800,800,800,795,772.5,850,787.5,750,810,850,850,787.5,752.5,722.5,800,780
"Muscogee","GA","Columbus","13","215",226,,,,,,,,,,,,,,,,,,,,,,,,,,,,,,,,,,,,,,,,,,,,,,,,,,,,,,,,,,630,702.5,690,672.5,683,713,720,735,713,725,690,720,721,738,750,755
"Williamson","TN","Nashville","47","187",227,,,,,,,,,,,,,,,,,,,,,,,,,,,,,,,,,,,,,,,,,,,,,,,,,,,,,,,,1319,1319,1327.5,1328,1328,1328,1326.5,1283.5,1258,1280,1294,1321.5,1305,1330,1327,1328.5,1334,1328
"Okaloosa","FL","Crestview-Fort Walton Beach-Destin, FL","12","091",228,,,,,,,,,,,,,,,,,,,,,,,,,,,,,,,,,,,,,,,,,,,,,,,,,,,750,789,759,775,789,755,795,775,800,780,795,775,785,800,797.5,872.5,840,805,850,900,980,862.5,950
"Newport News City","VA","Virginia Beach","51","700",229,,,,,,,,,,,,,,,,,,,,,,,,,,,,,,,,,,,,,,,,,,,,,,,,,,,,,,,,,,,,799,802.5,849,828,825,825,825,790,797,756,745,795.5,800,810
"Vanderburgh","IN","Evansville","18","163",230,,,,,,,,,,,,,,,,,,,,,,,,,,,,,,,,,,,,,,,,,,,,,,,,,,,,,,475,475,465,465,475,465,465,475,475,465,465,465,465,475,475,475,475,475,475,467.5
"Tippecanoe","IN","Lafayette-West Lafayette, IN","18","157",231,,,,,,,,,,,,,,,,,,,,495,495,495,495,495,512.5,525,550,575,525,525,512.5,550,550,550,570,590,612.5,625,600,575,550,550,570,550,550,550,550,549.5,550,537,550,595,600,585,539,544.5,539,595,595,600,600,616,600,595,595,575,575,550,580,575,595,585,595
"Monroe","PA","East Stroudsburg","42","089",232,,,,,,,,,,,,,,,,,,,,,,,,,,,,,,,,,,,,,,,,,,,,,,,,,,,,,,,,,735,725,750,750,750,747.5,750,762.5,750,747.5,750,785,750,790,765,750,750
"Minnehaha","SD","Sioux Falls","46","099",233,,,,,,,,,,,,,,,,,,,,,,,,,,,,,,,,,,,,,,,,,,,,,,,,,,,,,,,,,600,622.5,627.5,680,687.5,687.5,700,700,650,615,625,714.5,625,675,635,675,715
"Pitt","NC","Greenville","37","147",234,,,,,,,,,,,,,,,,,,,,,,,,,,,,,,,,,,,,,,,,,,,,,,,,,,,,,,,,,,475,420,452.5,495,495,450,395,395,395,395,395,395,395,450,463,450
"Middlesex","CT","Hartford","09","007",235,,,,,,,,,,,,,,,,,,,,950,925,900,887.5,850,895,890,850,900,912.5,925,925,900,950,950,950,950,1000,1008,992,953,948.5,950,950,900,885,900,965,980,962.5,950,950,950,950,950,950,950,975,962,950,1000,975,975,987.5,1000,975,1000,1000,1010.5,1000,985.5,986,975,1000
"Rensselaer","NY","Albany","36","083",236,,,,,,,,,,,,,,,,,,,,,,,,,,,,,,,,,,,,,,,,,,,,,,,,,,,,,,,,,,,,,,1232.5,1020,875,900,857.5,750,774,773,773,785,774,775
"Hays","TX","Austin","48","209",237,,,,,,,,,,,,,,,,,,641.5,659,665,680,697,665,662.5,667.5,707.5,722,710,707.5,722,739,749.5,775,750,750,750,749,749,769,775,765,765,775,754,782,789,759.5,799,813,815.5,799,775,650,745,765,800,799.5,827.5,827.5,839.5,795,762.5,750,750,750,775,795,837,848,897,998,998,995
"Schenectady","NY","Albany","36","093",238,,,,,,,,,,,,,,,,,,,,,,,,,,,,,,,,,,,,,,,,,,,,,,,,,,,,,,750,742.5,725,700,735,750,755,750,795,825,835,855,850,837.5,825,840,762.5,850,855,882.5
"Tolland","CT","Hartford","09","013",239,,,,,,,,,,,,,,,,,,,,,,,,,,,,,,,,,,,,,,,,,,,,,,,,,,,,,,,,,,,,,,1100,995,1000,1025,975,1027.5,975,1015,980,1050,1045,1100
"Yellowstone","MT","Billings","30","111",240,,,,,,,,,,,,,,,,,,,,,,,,,,,,,,,,,,,,,,,,,,,,,,,,,,595,595,550,565,535,575,575,575,565,562.5,550,550,600,612.5,585,585,585,575,550,565,575,550,572.5,595
"Washington","MD","Hagerstown","24","043",241,,,,,,,,,,,,,,,,,,,,,,,,,,,,,,,,,,,,,,,,,,,,,,,,,562.5,575,625,600,600,625,600,600,610,610,600,600,617.5,600,600,625,625,600,600,582.5,575,600,600,600,600
"Martin","FL","Port St. Lucie","12","085",242,,,,,,,,,,,,,,,,,,,,,,,,,,,,,,,,,,,,,,,,,,,,,,,,,,,,,975,900,900,925,925,977.5,1125,1002.5,950,977.5,985,1045,1115,995,1027.5,1012.5,950,1025,1025,1100,1100
"Alexandria City","VA","Washington","51","510",243,,,,,,,,1445,1412.5,1425,1379,1412.5,1400,1425,1450,1475,1492.5,1500,1597.5,1600,1622.5,1430,1390,1331.5,1441,1545,1505,1530,1555,1592.5,1575,1499.5,1475,1475,1465,1480,1480,1501,1520,1575,1645,1630,1670,1650,1650,1627,1622.5,1625,1595,1595,1625,1625,1600,1650,1650,1650,1625,1600,1600,1630,1650,1695,1700,1700,1700,1660,1685,1705,1650,1666,1600,1585.5,1649
"Monroe","IN","Bloomington","18","105",244,,,,,,,,,,,,,,,,,,,,,,,,,790,820,865,955,925,837.5,879,867,840,825.5,817,797.5,797.5,821.5,843,823,775,735,620,620,667.5,750,750,750,665,665,700,750,767.5,800,800,800,750,675,675,680,740,750,780,675,675,667.5,660,750,775,677.5,715,680,677.5
"Hampton City","VA","Virginia Beach","51","650",245,,,,,,,,,,,,,,,,,,,,,795,807,747,782.5,843,845,777.5,755,795,783,801,779,791.5,735,735,758,735,775,782,785,771,705,710,695,697.5,692.5,695,700,695,700,725,700,700,745,750,765,750,749.5,750,775,765,775,775,765,755,775,755,752.5,750,825,805,825,802
"Orange","NC","Durham","37","135",246,,,,,,,,,,,,,,,,,,,,,,,,,,,,,,,,,,,,,,,,,,,,,,,,,,,,,,,,,,,,,,827,795,829,831,817.5,924,850,843.5,827,788.5,849,878
"Taylor","TX","Abilene","48","441",247,,,,,,,,,,,,,,,,,,,,,,,,,,,,,,,,,,,,,,,,,,,,,,,,,,,,,,,,,,425,450,462.5,475,475,449,449,450,437.5,427.5,452.5,462.5,425,495,495,475
"Comanche","OK","Lawton","40","031",248,,,,,,,,,,,,,,,,,,,,,,,,,,,,,395,395,425,395,450,475,475,450,445,395,435,395,425,450,425,385,350,350,350,350,350,350,375,350,385,375,395,447.5,450,447.5,430,450,445,450,425,420,447.5,450,450,450,475,450,450,455,460
"Missoula","MT","Missoula","30","063",249,,,,,,,,,,,,,,,,,,,,,,,,,595,625,635,635,635,637.5,650,665,675,695,665,615,595,613,600,645,645,635,645,635,625,625,620,625,622.5,620,645,650,650,650,662.5,645,645,615,675,695,690,695,650,675,695,695,695,700,710,750,750,695,729.5
"Albemarle","VA","Charlottesville","51","003",250,,,,,,,,,,,,,,,,,,,,,,,,,,,,,,,,,,,,,,,,,,,,,,,,,,,,,,,,,,,,,995,920,947.5,895,925,895,920,920,962.5,949,980,964.5,999
"Portsmouth City","VA","Virginia Beach","51","740",251,,,,,,,,,,,,,,,,,,,,,,,,,,,,,,,,,,,,,,,,,,,,,,,,,,,,,,,,810,850,810,760,769,769,767,765,765,769,769,765,762,762,700,700,750,759
"Platte","MO","Kansas City","29","165",252,,,,,,,,,,,,,,,,,,,,,,,,,,,,,,,,,,,,,,,,,,,,,,,,,,,,,,,,,,,,,,805.5,790.5,750.5,828,843,843,897,910,776,750.5,750,861
"Newport","RI","Providence","44","005",253,,,,,,,,,,900,900,920,950,1100,1000,1000,1000,1000,1000,1000,1172.5,1100,1050,1035,1050,1020,1000,1100,1100,1087.5,1000,1000,1000,1012.5,1000,1000,1000,1000,1000,1000,1000,1000,1085,1100,1100,1000,1045,1075,1000,1060,1070,1100,1125,1200,1150,1200,1150,1100,1100,1150,1100,1200,1200,1250,1200,1250,1250,1300,1250,1200,1200,1200,1250
"Riley","KS","Manhattan","20","161",254,,,,,,,,,,,,,,,,,,,,,,,,,,,,,,,,,,,,,,,,,,,,,,,,575,600,550,582.5,627.5,650,625,695,737,702.5,687.5,712.5,650,650,667.5,667.5,690,682.5,665,682.5,695,710,725,700,650,660
"Broomfield","CO","Denver","08","014",255,,,,,,,,,,,,,,,,,,,,,,,,,,,,,,,1058,1084.5,1070,1049.5,1040,1016,1051.5,1058,1112,1145,1122.5,1159,1164,1142.5,1167.5,1160,1171,1167.5,1175,1193.5,1210,1205,1199.5,1220,1210,1223.5,1202.5,1231,1227,1175,1175,1175,1175,1238,1249,1261,1274,1272.5,1280.5,1367.5,1359,1359,1372.5
