"RegionName","State","Metro","StateCodeFIPS","MunicipalCodeFIPS","SizeRank","2010-01","2010-02","2010-03","2010-04","2010-05","2010-06","2010-07","2010-08","2010-09","2010-10","2010-11","2010-12","2011-01","2011-02","2011-03","2011-04","2011-05","2011-06","2011-07","2011-08","2011-09","2011-10","2011-11","2011-12","2012-01","2012-02","2012-03","2012-04","2012-05","2012-06","2012-07","2012-08","2012-09","2012-10","2012-11","2012-12","2013-01","2013-02","2013-03","2013-04","2013-05","2013-06","2013-07","2013-08","2013-09","2013-10","2013-11","2013-12","2014-01","2014-02","2014-03","2014-04","2014-05","2014-06","2014-07","2014-08","2014-09","2014-10","2014-11","2014-12","2015-01","2015-02","2015-03","2015-04","2015-05","2015-06","2015-07","2015-08","2015-09","2015-10","2015-11","2015-12","2016-01","2016-02"
"Los Angeles","CA","Los Angeles-Long Beach-Anaheim, CA","06","037",1,,,,,,,,,,,,,,,,,,,,,,,,,,,,,,,,,,,,,,,,,,,,,,549999,550000,559977.5,549000,549000,549000,559000,575000,589000,599000,599900,599000,599000,599000,599000,599900,615000,620000,650990,675000,678000,680200,698000,699000,699000,699950,699000,699000,699000
"Cook","IL","Chicago","17","031",2,,,,,,,,,,,,,,,,,,,,,,,,,,,,,,,,,,,,,,,,,,,,,,,165000,155000,150000,157500,169000,162900,170000,189000,190000,189900,195000,195000,179700,169000,160000,165000,172500,180000,190000,195000,196000,199000,199000,199850,197600,189900,185000,180000
"Harris","TX","Houston","48","201",3,,,,,,,,,,,,,,,,,,,,,,,,,,,,,,,,,,,150000,150000,155450,160000,167425,170000,162500,165000,174425,179000,179425,179000,185000,183450,175000,181450,183700,195000,190725,199322,199772,2e+05,200050,224900,220576,220000,219900,225000,238500,229900,262450,268500,268500,275000,289000,280000,279000,289990,298000,285000
"Maricopa","AZ","Phoenix","04","013",4,,,,,,,,,,,,,,,,,,,,,,,,,,,,,,,,,,,,,,,145000,142550,145900,157278,161643,165000,165000,165000,159945,169000,165000,168999.5,169900,174250,171450,169500,167000,169000,170000,169112,161000,164900,167500,169500,174900,176950,175000,185000,179975,193500,220000,224900,224900,220000,215000,210000
"San Diego","CA","San Diego","06","073",5,,,,,,,,,,,,,,,,,,,,,,,,,,,,,,,,,,,,,,,,,,,,,,,,,,,,,,,,,,,,578950,620000,645000,689000,692500,707500,652400,725000,729000,682000,695000,699000,699900,699500,699000
"Orange","CA","Los Angeles-Long Beach-Anaheim, CA","06","059",6,,,,,,,,,,,,,,,,,,,,,,,,,,,,,,,,,,,729000,729000,749450,749000,749900,771950,775000,795000,835900,829000,829000,799949.5,769000,776000,798500,824950,789995,849000,850000,869000,889000,879000,875000,898000,899000,886950,895000,854760,887450,857205,898000,930000,925000,978000,924975,949500,975000,970000,986500,1050000
"Kings","NY","New York","36","047",7,549000,549000,549000,549000,549000,549000,549000,549000,549000,529000,529000,529000,529000,529000,535000,529999.5,529200,539000,539000,534950,535999,529000,529000,539000,535000,539000,535000,535000,538500,549000,545000,539999,549000,549000,560000,569000,565000,579000,595000,599000,595000,599000,629000,639990,649998,669000,688000,699000,715000,729000,749000,749000,750000,779000,789999.5,798000,789000,799000,799000,820000,859000,865000,875000,899000,929000,9e+05,899000,9e+05,958000,998000,999000,999000,1095000,1100000
"Miami-Dade","FL","Miami-Fort Lauderdale","12","086",8,,,,,,,,,,,,,,,,,,,,,,,,,,,,,,,,,,,,,,,,,,,,,,,,,275000,267695,256000,264900,255000,260000,260000,275000,289900,279000,270000,295000,279450,295000,299000,325000,299000,299287.5,319900,319900,339000,350000,380000,380000,398900,365000
"Queens","NY","New York","36","081",9,590000,590000,595000,589000,580000,575000,570000,575000,569000,559990,559000,550000,549838.5,549000,549000,539700,549000,549990,549000,545000,539600,544000,539800,539000,539000,539000,529999.5,539000,549000,549000,549000,544990,529000,519000,539000,530000,530000,539999,540000,549000,554500,549000,559000,559000,559000,559000,545500,549500,559000,559000,569000,595000,599000,613000,626500,629000,625000,620000,599000,599000,609000,599000,599999,629000,649999,649450,679000,695000,699000,707000,719000,719999.5,729000,729000
"Riverside","CA","Riverside","06","065",10,,,,,,,,,,,,,,,,,,,,,,,,,,,,,,,,,,,259250,250000,275000,292950,316500,319000,339900,342400,339900,324900,325000,319000,291950,299250,297050,304900,299900,299450,325000,325000,311200,339000,325000,342450,349000,335000,349000,344500,329950,329450,349000,368500,362500,365000,377000,357500,375000,360000,365000,350000
"San Bernardino","CA","Riverside","06","071",11,,,,,,,,,,,,,,,,,,,,,,,,,,,,,,,,,,,,,,,,,,,,,,,269500,275000,279000,275000,275000,285000,298825,299000,285000,307500,299450,299900,299000,3e+05,299900,310000,299000,299000,289000,279927,289000,303500,296000,299900,299900,290000,299900,294000
"Clark","NV","Las Vegas","32","003",12,,,,,,,,,,,,,,,,,,,,,,,,,,,,,,,,,,,,,,,,,,,,,,,,,175000,176500,179000,179999.5,186500,188500,188000,189900,195000,195000,190000,194500,199000,195000,191900,187950,169000,160000,182500,182500,190000,198500,184925,190000,190000,189900
"King","WA","Seattle","53","033",13,,,,,,,,,,,,,,,,,,,,,,,,,,,,,,,,,,,,,,,,,,,,,,,,399990,405407.5,421744.5,399950,430000,412995,470000,515000,499950,499994.5,519000,499999,514444,535000,499950,515000,5e+05,567475,575000,566500,549950,549950,581995,599000,625000,599950,649950
"Tarrant","TX","Dallas-Fort Worth","48","439",14,,,,,,,,,,,,,,,,,,,,,,,,,,,,,,,,,,,98500,110000,110000,110000,110000,119000,118450,116500,119900,123700,124900,124950,124900,124900,119900,122000,124400,124900,124900,115000,118950,119950,125000,129900,124999,129950,129950,130000,150000,150000,148500,149900,149900,146000,146000,139900,134900,139900,139900,140000
"Santa Clara","CA","San Jose","06","085",15,,,,,,,,,,,,,,,,,,,,,,,,,,,,,,,,,,,,,,799000,799500,785000,799000,750000,749990,725000,734970,723995,650000,678990,699000,749990,749990,742000,785000,772440,779880,774900,725000,749974.5,720000,842000,843300,875000,814990,830925,847495,866475,888944,899999.5,997000,899888,909460,865500,925000,928644
"Broward","FL","Miami-Fort Lauderdale","12","011",16,,,,,,,,,,,,,,,,,,,,,,,,,,,,,,,,,,,,,,,,,,,,,,,196500,214900,218000,240000,249000,238450,249900,250000,251225,249000,249900,249000,230000,240000,245990,259900,259900,249950,244900,250000,250000,259990,265000,269950,265000,280000,280000,265000
"Bexar","TX","San Antonio","48","029",17,,,,,,,,,,,,,,,,,,,,,,,,,,,,,,,,,,,145000,146245,149949.5,149900,160000,149999,150000,145000,154900,150000,139490,139999,142745,144745,145000,149900,149990,169000,180000,175000,177500,172450,169900,160000,167449.5,162500,145000,145000,144950,145000,139000,137250,159950,173950,190000,180000,171250,186960,199900,199900
"Philadelphia","PA","Philadelphia","42","101",18,,,,,,,,,,,,,,,,,,,,,,,,,,,,,,,,,,,169900,175000,155000,159000,160000,159900,174500,179900,174900,175000,179900,174900,179900,174999,169900,165000,169000,169000,173900,170000,169900,165000,179450,170000,161000,168950,170000,179000,179900,188700,179000,174900,169900,169900,160000,159900,159000,159900,159900,159900
"Alameda","CA","San Francisco","06","001",19,,,,,,,,,,,,,,,,,,,,,,,,,,,,,,,,,,,,,,,,,,,,,,,,499500,525757,550000,576990,575995,622500,624500,599000,599000,599000,589000,639000,625000,599000,599000,650000,657538,620000,615995,606995,618495,649000,673475,675000,645090,672000,664000
"Middlesex","MA","Boston","25","017",20,369900,369900,372000,389000,393000,389900,389900,379900,399888,399900,399000,379900,369900,362950,360000,359900,379997.5,399000,389900,389900,369900,349899.5,359450,349900,349900,375000,389450,399000,399900,409723,409000,410000,399900,399900,399900,399000,397000,401947.5,399900,422995,449900,449949.5,449900,439900,439900,436200,424900,413447.5,399995,446950,449900,479250,499900,479900,469900,467000,480000,485000,482480,479900,465000,469850,492944,512450,504782.5,519900,549308.5,525000,529900,539900,529900,524900,499900,499900
"Suffolk","NY","New York","36","103",21,363000,359000,359000,349990,349990,349000,349000,349990,349990,349000,350000,349000,340000,329450,330000,329000,339000,339500,349000,349000,349000,349000,347999,329990,329000,329900,325000,329000,349000,339000,334945,327990,324850,325000,332500,339000,348400,349900,349000,349000,354495,349000,359000,359000,369990,350000,368000,369900,369900,378000,375000,379655.5,389995,398000,398500,399990,399990,399000,387000,385000,385000,379990,375000,379000,389000,399000,399000,395000,390000,389990,389000,374995,355000,369000
"Sacramento","CA","Sacramento","06","067",22,,,,,,,,,,,,,,,,,,,,,,,,,,,,,,,,,,,,,,,,,,,,,,,247900,269900,257900,269450,267000,293944,3e+05,294500,313000,299000,299000,299000,293500,289000,286875,275000,305500,319944,320000,336000,348500,340000,340000,340000,349000,349000,330276.5,328944
"Bronx","NY","New York","36","005",23,478900,475000,478900,475000,475000,469000,469000,469000,469000,469000,469000,459999.5,451250,449000,450000,449000,449000,449000,449000,449000,449000,449000,449000,449000,449000,449000,449000,449000,449000,449000,449000,450000,449000,449000,450000,450000,450000,459000,459000,459000,459000,477950,489000,499000,499000,499000,499000,498000,499000,499000,499000,499000,499000,499000,499000,495000,499000,499000,499000,499000,495000,495000,495000,489000,495000,499000,515000,529000,535250,535000,510000,521999.5,539000,532500
"Nassau","NY","New York","36","059",24,429000,429000,438000,439000,439995,445000,439000,459000,458000,439000,429000,449000,449000,449000,445000,447000,439000,439000,435000,439000,439000,439000,449000,439999.5,433000,434000,439000,449000,459777,459000,449999,449000,439999,434000,431938,434999,439000,439000,449000,465000,469990,465000,475000,469900,469000,475000,469000,475000,475000,496500,499000,499000,499000,499000,499000,499000,499000,489000,487000,489000,489000,494000,490000,499000,505000,519000,519000,519000,518500,519499.5,529000,529000,529000,525000
"Cuyahoga","OH","Cleveland","39","035",25,46080,49900,49900,54900,54627,59824,55000,55000,55000,55000,54627,50900,50000,54627,49900,44900,45500,45000,45000,49000,49450,46250,49900,47000,49900,49000,49000,49900,49900,49375,49900,50000,49900,49900,49900,49900,45000,45000,49900,49900,52500,59000,59000,59000,57700,56400,59900,59900,59900,59999.5,65000,60000,64900,65000,65000,65000,64900,62700,60000,59999,59900,58900,56000,59900,59000,59450,60000,56250,60000,59949.5,57000,55000,54900,52950
"Hillsborough","FL","Tampa","12","057",26,,,,,,,,,,,,,,,,,,,,,,,,,,,,,,,,,,,,,,,,,,,,,,,,,,,,,,,,,,,,,,,162330,164330,156280,165000,162990,176450,165000,189995,184945,166622,189950,190950
"Allegheny","PA","Pittsburgh","42","003",27,,,,,,,,,,,,,,,,,,,,,,,,96900,94900,99000,97950,92950,96950,95500,94999.5,95000,96900,95000,99500,95000,99900,99900,104900,107900,109915,110000,109900,109000,109900,107900,104900,99000,109900,105000,114950,120000,115000,123250,115000,129000,125000,135000,127900,124450,125000,129900,130000,128900,133000,138950,134900,129900,129900,129900,129900,125000,125000,125000
"Franklin","OH","Columbus","39","049",28,,,,,,,,,,,,,,,,,,,,,,,,,,,,,,,,,,,,,,,,,,,,,,,,,,,,,,,84900,79900,79949.5,75000,75000,74900,70000,69900,69900,69950,74900,81900,88950,88750,86100,80000,89200,82000,74900,74900
"Hennepin","MN","Minneapolis-St Paul","27","053",29,,,,,,,,,,,,,,,,,,,,,,,,,,,,,,,,,,,,,,178995,189900,199126,189900,199450,199900,189900,198000,199900,194450,183000,174900,177500,197450,207400,219900,229900,229450,229000,229500,229900,224990,214450,229990,225000,220000,239530.5,249700,257898,250000,257136,249000,234950,242450,237450,239900,242450
"Fairfax","VA","Washington","51","059",30,,,,,,,,,,,,,,,,,,,,,,,,,,,,,,,,,,,,,,349900,374900,365000,359000,360500,362775,389825,399900,407450,362400,369000,369000,388810,388310,352000,379950,379925,389900,384990,385000,376500,374900,369990,367200,384912.5,394990,395490,399900,394990,351445,389445,398750,361445,358995,391945,396990,401459.5
"Contra Costa","CA","San Francisco","06","013",31,,,,,,,,,,,,,,,,,,,,,,,,,,,,,,,,,,,,,,,,,,,,,,,,,,,,,,549000,509000,499800,499000,489500,450000,450000,450000,502000,520747,530000,5e+05,499500,499000,549475,552500,499950,499950,450000,434500,469000
"Salt Lake","UT","Salt Lake City","49","035",32,,,,,,,,,,,,,,,,,,,,,,,,,,,,,,,,,,,,,,,,,,,,,,,,,,,,,,,,,,,254990,299000,299000,3e+05,279900,274900,250000,264900,277450,309900,304949.5,340000,320500,320500,299999,344900
"Pima","AZ","Tucson","04","019",33,,,,,,,,,,,,,,,,,,,,,,,,,,,,,,,,,,,139950,148500,138450,136950,132500,143657,149000,159900,159900,152900,161900,159450,159950,179000,187250,187000,182500,179000,179750,179000,179900,185000,194133.5,175000,174950,164950,165000,170000,167000,179000,181450,171250,165000,159900,155000,159900,159900,159000,159450,155000
"Westchester","NY","New York","36","119",34,449000,449000,449000,449000,449000,439900,440000,449000,449000,439000,440000,429000,425000,399900,410000,399900,399900,4e+05,415158,415000,414000,410000,405000,410000,419000,4e+05,399950,410000,4e+05,415000,415000,4e+05,4e+05,4e+05,415000,4e+05,4e+05,419000,414900,4e+05,405000,399999,4e+05,399000,399999,399999,399999,419000,399500,399500,404000,409000,409950,405000,419453.5,429007,429000,429000,425000,419453.5,425000,429021,425000,425000,449000,449990,450000,449000,439000,435000,429021,425000,399900,399990
"Milwaukee","WI","Milwaukee","55","079",35,,,,,,,,,,,,,,,,,,,,,,,,,,,,,,,,,,,,,,,,,,,,,,,,,,,,,89900,99900,1e+05,105000,109900,99900,89300,84450,80000,78500,79900,85000,92950,89900,99900,99000,99000,89900,89900,89900,87700,84900
"Fresno","CA","Fresno","06","019",36,,,,,,,,,,,,,,,,,,,,,,,,,,,,,,,,,,,,,,,,,,,,,,,,,,229000,233250,249900,249950,249900,239500,215000,215000,237450,219900,199900,229950,224950,230000,235000,229950,229475,219950,219900,225750,229000,249900,250000,249900,249000
"Erie","NY","Buffalo","36","029",37,,,,,,,,,,,,,,,,,,,,,,,,70000,70000,75000,70000,74900,74900,74900,74900,79900,74900,74000,71000,69900,69900,69900,70900,78950,79250,79900,79000,79900,78500,75000,72000,72900,79000,84900,82500,82400,85000,89000,89900,92950,92950,95400,94900,89900,91450,97828.5,96900,93107,97400,95500,94900,89000,89900,79975,75000,74900,75000,71750
"Du Page","IL","Chicago","17","043",38,,,,,,,,,,,,,,,,,,,,,,,,,,,,,,,,,,,,,,239900,242490,250990,253990,261730,249990,249990,274900,273990,254990,278000,258945,273990,259900,274000,269445,287855,289000,311995.5,319450,307000.5,318343.5,319760,329450,324676,327805,319830,319900,316610,318670,329900,325000,333550,319900,317120,317990,331770
"Fairfield","CT","Stamford","09","001",39,235000,247000,245000,239900,225000,229000,224950,215000,225000,224950,220000,215000,225000,215450,224950,235000,249900,250000,250000,249900,234600,234800,236750,225000,219000,225000,242450,250000,250000,250000,249995,229450,265000,264997.5,279900,269900,255000,265000,269900,275000,275000,289900,293450,299900,278900,279400,270000,269900,285000,289000,295000,295000,315000,3e+05,299000,275000,261000,260500,275000,278900,273495,275000,290000,278900,289700,299900,290000,309450,295000,285995,278900,278900,259700,269900
"Pinellas","FL","Tampa","12","103",40,,,,,,,,,,,,,,,,,,,,,,,,,,,,,,,,,,,,,,,,,,,,,,,,,,,,,,,,,239900,229000,219000,225000,219700,219950,214700,215000,199700,199000,199500,219900,221655,226209,229000,229000,239900,229000
"Bergen","NJ","New York","34","003",41,,,,,,,,,,,,,,,,,,,,,,,,,,,,,,,,,,,,,,,,,,,,,,,,,,,,,,438990.5,438990.5,415000,411000,445000,414000,429000,450000,429000,403490,439000,444500,474900,489990,505370,525000,525000,527171,541018,540054,558590
"Marion","IN","Indianapolis","18","097",42,,,,,,,,,,,,,,,,,,,,,,,,,,,,,,,,,,,,,,,,,,,,,,,,,,,,,69900,69900,65000,64999,65000,64999,67750,65000,65000,64900,64999,64999,64900,64900,60000,59900,55000,55450,50000,52000,55000,55950
"Wake","NC","Raleigh","37","183",43,,,,,,,,,,,,,,,,,,,,,,,,,,,,,,,,,,,190815,184990,179900,185990,191990,201695,194990,193340,198790,200140,196640,197752.5,213270,229450,224192.5,220400,215990,219900,223400,240900,256990,262195,260990,262720,265000,275926,281990,282490,286990,284595,293841.5,289990,291990,299490,299990,303900,302398,299945,307045,301730
"Hartford","CT","Hartford","09","003",44,189900,189949.5,189900,189900,189900,189900,189900,189900,189900,186000,184950,184500,179900,179900,179900,179900,179900,179900,179900,179260,179000,174900,175000,170000,169900,169900,169900,174900,175000,175000,170000,170000,169900,168000,165000,164900,164900,162900,164900,168950,169900,174999.5,179250,177500,175000,175000,175000,172668,169900,174900,174900,174250,179000,179900,179900,179777,175000,178000,178000,175000,179000,174900,169900,169900,178450,179900,175000,179000,174900,169900,169900,169500,165000,169900
"New Haven","CT","New Haven","09","009",45,170000,179900,179000,177000,179000,174900,169900,169900,169900,169900,165000,159000,159900,150000,158700,159000,159900,159900,159900,159900,161000,150000,159000,159900,159000,157400,155900,159900,160000,159900,159000,159900,158500,150000,153450,149900,149000,149900,149900,149950,159900,159900,165000,163000,164900,162250,159900,159900,159000,159000,164950,174900,179900,179950,185000,179900,179900,179000,174999.5,169900,170345,169900,169900,179000,179900,189450,184900,179900,180000,184900,179000,174900,179900,179900
"Kern","CA","Bakersfield","06","029",46,,,,,,,,,,,,,,,,,,,,,,,,,,,,,,,,,,,,,,,,,,,,,,,,,198000,180000,189000,189900,189000,190000,189995,189990,189000,189000,179450,179450,179000,180000,179000,185000,182500,185000,185000,185000,185000,185000,180000,179950,192500,175000
"Ventura","CA","Ventura","06","111",47,,,,,,,,,,,,,,,,,,,,,,,,,,,,,,,,,,,,,,,,,,,,,,,,,,531250,577900,577900,575000,525000,544000,544500,549000,524250,597000,599000,629900,629900,614900,614900,634949.5,649500,695000,699000,7e+05,709500,687000,597000,605000,605000
"Gwinnett","GA","Atlanta","13","135",48,,,,,,,,,,,,,,,,,,,,,,,,,,,,,,,,,,,,,,,,,,,,,,,,139950,139900,139450,144950,149900,149900,159900,160000,147450,155900,140000,139900,142250,142500,149900,159500,159500,159500,155699.5,134990,158400,159900,160000,162900,164900,165000,165900
"San Francisco","CA","San Francisco","06","075",49,988000,999000,995000,1099000,1072500,991500,992500,995000,1076500,1095000,1050000,1049000,1025000,925000,949000,857500,879000,899000,899000,899000,877000,875000,975000,950000,9e+05,945000,995000,995000,1050000,1097000,1100000,1089000,1049500,1085000,1130000,1150000,1225000,1227500,1227500,1299000,1300000,1299900,1300000,1299000,1300000,1375000,1175000,1212500,1399000,1350000,1322000,1399500,1399500,1400000,1349000,1364500,1400000,1625000,1597000,1597000,1619000,1495000,1597000,1650000,1750000,1795000,1749000,1696500,1695000,1791500,1800000,1849500,1995000,1799000
"Hamilton","OH","Cincinnati","39","061",50,,,,,,,,,,,,,,,,,,,,,,,,89000,84900,80000,79900,85000,85000,89000,89000,85900,85000,85900,84900,84900,79900,85000,89900,89900,96950,94900,94999.5,97950,94900,94900,94950,89700,89900,82250,85000,89900,92500,94950,99900,97950,99900,99950,104200,98250,99900,1e+05,96000,99000,1e+05,104900,106900,109950,108000,105000,109900,109900,109900,105200
"El Paso","TX","El Paso","48","141",51,,,,,,,,,,,,,,,,,,,,,,,,,,,,,,,,,,,149000,145000,149975,164900,161250,159500,160875,155000,164900,160000,159499.5,152450,150000,149000,140000,149500,146250,154500,155600,149975,149900,148000,142995,143447.5,155000,144950,139995,130000,135000,131000,144900,152995,160000,155497.5,144900,139995,139000,129500,119950,124900
"Montgomery","PA","Philadelphia","42","091",52,250000,249900,249000,249900,249000,240000,236450,227000,233400,230000,229000,219000,219000,209950,209900,214900,219000,219500,219700,224000,205900,209000,216700,210900,219900,239900,227450,230000,235000,222400,224900,217200,219900,232450,224900,224900,210000,218995,218990,225495,229375,225495,219000,215000,225000,229900,223314,225000,214950,214500,204950,223200,229900,239900,219700,218250,225000,239750,239900,239900,232450,249900,254450,259900,253900,249900,239900,249900,249900,248450,249900,239888,232400,244900
"Worcester","MA","Worcester","25","027",53,189000,189900,189999,194900,189900,184000,180000,179900,183450,179900,179900,169900,167500,159900,155000,159000,163900,169900,169900,165000,165000,164950,159900,157250,159900,155900,154900,156800,159900,164900,159900,162000,162000,169000,169900,164900,158000,159900,160000,169000,175000,178750,179900,189900,179900,179900,185000,180000,174900,179900,179900,184900,189000,189000,184900,185000,186000,188700,189900,184900,179900,179900,179900,189950,199900,199900,2e+05,199900,199900,199900,199500,198450,195000,194900
"Pierce","WA","Seattle","53","053",54,3e+05,296750,260000,267000,274900,260500,269000,265000,269000,250000,249900,249500,244950,252500,252500,249950,244450,243000,238450,239950,225000,195000,225000,228000,199950,225388.5,225777,219450,215000,215000,215000,219950,225000,229925,239000,239925,249450,245000,249900,265000,258500,264000,262475,259950,269950,264475,249000,249900,269450,258000,269000,250000,264950,271250,289975,299000,288000,279925,275000,269995,271245,275000,275000,284990,299499,299900,308475,299950,309550,309950,325000,322500,309975,304975
"Essex","NJ","New York","34","013",55,220000,225000,225000,225000,219900,199999,217000,219900,228000,225000,225000,229000,230000,229900,224950,199999,211450,240000,234950,242000,226500,209900,240950,209900,215000,235000,229000,213749.5,199000,199900,213749.5,215000,220000,229000,229500,247450,240000,244900,229000,239900,229000,220000,214950,237000,219950,225000,215000,210000,202500,205000,222500,225000,225000,229500,240000,250000,249900,239000,239450,239900,229900,229900,232500,245000,242950,255000,249450,250000,269900,250000,250000,229950,250000,255000
"Monroe","NY","Rochester","36","055",56,,,,,,,,,,,,,,,,,,,,,,,,,,,,,,,,,,,,,,,,,,,,,,,,,,,,,,,,,,54900,60450,59900,57000,57950,59900,64450,66900,59900,59700,59500,54900,58900,56200,59899,59900,55000
"Essex","MA","Boston","25","009",57,269900,279000,279900,288250,284900,279900,279900,279900,269000,268500,269900,259900,252425,239900,239900,239900,249900,259000,259000,269000,259900,254900,250000,250000,252450,249900,259900,264000,269900,274900,269900,278900,279900,279000,285000,274900,279000,274000,279900,296000,309900,324900,309900,319000,319950,309900,305000,299900,309900,329000,319450,329900,329000,334950,338800,329000,325000,333000,320000,329900,334950,319950,325000,355000,364900,360000,369000,369000,364949.5,359950,360000,359999,349900,349450
"Jefferson","KY","Louisville/Jefferson County","21","111",58,,,,,,,,,,,,,,,,,,,,,,,,,,,,,,,,,,,,,,,,,,,,,,,,165000,165000,165000,162500,160000,160000,160000,160000,165000,160000,160000,160000,160000,160000,150000,159975,160000,159950,169900,175000,169900,165000,169900,163750,169900,165000,162450
"Multnomah","OR","Portland","41","051",59,,,,,,,,,,,,,,,,,,,,,,,,,,,,,,,,,,,,,,,,,,,,,,,,,,,,,,,,,,,,395000,385000,333333,367000,429900,410000,352450,352500,369900,379000,4e+05,439500,430000,412500,404750
"Suffolk","MA","Boston","25","025",60,350000,349900,349900,349900,360000,359900,359900,359000,349900,349900,349900,338000,339900,329000,339000,339000,350000,349700,349000,339000,339900,329900,335000,329900,334950,339000,349000,355250,369900,389000,388950,385000,385000,384500,389000,399900,409900,399900,425000,444500,449900,479000,459900,459000,459900,449900,465000,454950,459000,470000,464900,479000,499900,499900,499900,499000,499000,499900,5e+05,499876,499000,499900,508000,529900,538000,549000,549900,549000,569000,562450,570000,569900,589900,569900
"San Mateo","CA","San Francisco","06","081",61,,,,,,,,,,,,,,,,,,,,,,,,,,,,,,,,,,,,,,,,,,,,,,,,,,,,,,,,,,,,,,999000,996500,1098000,1195000,1195000,1284900,1149250,1125000,1250000,1179500,1252000,1252499.5,1228000
"Snohomish","WA","Seattle","53","061",62,343750,338500,327500,325000,330000,338500,319950,315000,320000,308975,299925,299975,299950,280000,291975,289000,285000,277000,278475,278475,262450,249000,250000,262445,249000,279950,275000,275000,260000,249999.5,269000,269000,269000,277475,264000,268000,3e+05,299950,297000,308500,316500,342475,349475,339950,339950,310000,312475,318225,299450,335000,350000,342450,314950,329900,334995,305000,335000,340000,374950,374950,354995,350000,352500,339000,349950,349475,354450,350000,350000,349975,349950,349950,344500,339950
"San Joaquin","CA","Stockton","06","077",63,,,,,,,,,,,,,,,,,,,,,,,,,,,,,,,,,,,,,,,,,,,,,,,,,,,,,,,269950,257000,243975,235000,232500,235000,210000,209950,220000,240000,240000,249900,269000,274950,259900,250000,250000,250000,251499.5,249900
"Jackson","MO","Kansas City","29","095",64,,,,,,,,,,,,,,,,,,,,,,,,,,,109700,109900,108000,97750,95000,95000,92400,99000,99250,90000,91000,96750,95000,99500,99976,90999,90000,92000,92450,90000,99900,90000,88000,85900,85000,89000,89900,97500,99900,99950,97000,93700,92500,90000,89000,91500,99000,99000,99900,105000,107250,103325,110000,110000,110000,102950,114950,109900
"Norfolk","MA","Boston","25","021",65,384500,376950,376450,379450,385000,379900,389900,389900,389900,392400,384950,367000,372400,356938,349900,349950,368250,362400,364900,374999,372450,340400,369900,359900,349900,369000,379000,384450,379000,379000,369900,362500,368000,369000,369450,365000,379000,369900,379000,379900,395000,420000,439000,432450,420000,425000,399900,428000,439900,439900,449900,449900,442450,439450,459000,459000,460000,459000,449950,435000,449900,461242,499900,519000,499900,499900,499900,504500,525000,548800,529900,549000,499999,529900
"Hudson","NJ","New York","34","017",66,349900,349000,349000,349000,340000,339000,330000,330000,330000,329000,329000,329000,329000,325000,325000,339500,349749.5,357500,350000,362000,332000,311950,339000,339000,340000,349000,349000,329000,339000,349000,348000,340000,344000,349000,329000,325000,332500,344000,325000,349000,329200,335000,309000,329650,309500,304037.5,349999.5,349000,329700,329400,299000,299000,332500,349000,384000,369499.5,4e+05,399450,425000,429000,415000,425000,425000,422500,432500,419000,405000,422500,475000,499000,499000,525000,525000,540000
"Providence","RI","Providence","44","007",67,155000,159900,159900,159900,159900,159900,159900,159900,154900,149900,149900,144900,144900,145950,144950,140000,149000,144900,144900,139900,139900,135000,139000,137500,135000,134900,130000,134900,129900,129900,120000,125000,125750,129200,129950,129900,129900,129900,129900,149000,144900,144900,144900,139900,149788.5,149900,149000,149000,147000,149000,149625,154900,155000,159900,160000,159000,155000,154900,155000,149900,149900,150000,155900,159900,160000,161650,169900,169900,169900,175000,169900,166750,165000,162000
"Bucks","PA","Philadelphia","42","017",68,,,,,,,,,,,,,,,,,,,,,,,,199900,199500,189900,189900,199900,194900,194900,197900,195000,194905.5,199950,194911,197000,199900,199900,212000,202000,197400,189900,199900,199900,197700,199950,212450,189000,189000,189000,214900,214875,2e+05,199900,212000,212000,199800,212000,211000,209900,199900,220450,233250,209900,207000,209000,210000,210000,225400,215000,215000,217450,205000,204900
"Lee","FL","Fort Myers","12","071",69,,,,,,,,,,,,,,,,,,,,,,,,,,,,,,,,,,,,,,,,,,,,,,,,,,,,189009,169950,183995,175000,185000,183931.5,185000,179900,179350,179950,165000,173990,169900,168450,175000,174199.5,184950,180000,174200,180000,187450,180000,189900
"District of Columbia","DC","Washington","11","001",70,,,,,,,,,,,,,,,,,,,,,,,,,,,,,,,,,,,,,,,,,,,,,,,,,649949.5,632000,650000,654500,765000,749034.5,765000,749069,785000,749900,741950,625000,639450,707000,744500,749000,725000,712500,679000,679000,775000,782300,699000,659500,593950,630000
"Bristol","MA","Providence","25","005",71,209900,215000,209900,209900,209900,209900,209900,209900,2e+05,199900,199899.5,199000,199500,199000,189900,188500,195000,189900,189900,189000,189900,188500,185000,179900,179900,179000,179900,179900,179900,185000,189000,185000,179900,179900,179700,169900,169900,170000,175000,179000,184900,189900,189000,198250,199000,199900,199900,207000,203950,218450,210000,209950,219900,224900,225000,219900,219949.5,219900,229000,219850,218944.5,209900,215000,209950,229000,219900,219950,219900,224900,224900,229000,224900,220000,219450
"Johnson","KS","Kansas City","20","091",72,159500,154000,149900,150000,157500,160000,160000,150000,156750,159900,160000,154900,153000,155000,158900,158200,158950,156150,152337,150000,145000,135000,148950,149250,149900,153000,149700,143000,140000,139900,134975,141250,134997.5,130449.5,130900,129975,130900,130900,129950,134500,135975,135000,130900,136950,136950,139700,139500,140000,138000,142750,150000,159900,155000,159900,159950,154450,149950,159925,160000,150975,150000,165000,164975,165000,159950,160000,163250,150000,151000,154950,160000,164950,168500,163500
"Summit","OH","Akron","39","153",73,85950,89000,86950,95000,95000,86900,84999,88900,94400,84999.5,85950,79000,69500,74950,79900,73900,74000,74900,74575,74000,74900,73900,75000,79900,85900,84900,74999.5,75000,69000,69900,74900,74200,69900,69900,69900,69900,68000,68000,68000,67950,79000,79000,79900,79950,80000,82450,84900,84900,83950,82000,94200,82500,80000,80000,84000,79000,77500,75000,74000,71250,69900,69450,69450,72000,72000,74000,74950,76900,79000,83500,79900,79900,73000,72500
"Union","NJ","New York","34","039",74,249950,250000,249900,249900,249900,244900,239900,239950,240000,240000,225000,229000,225900,229250,229500,199900,219950,222950,225900,229999,220000,219900,2e+05,220000,219000,229900,228000,228950,2e+05,209500,214900,2e+05,225000,225000,224950,224950,2e+05,199000,199900,2e+05,207499.5,220000,236000,235000,239000,226000,249000,249000,244900,249000,249450,259000,259000,249900,265000,265000,269900,277450,262500,267500,267500,260000,249000,239000,247000,255000,269000,255000,265000,254500,254000,249900,249000,249900
"Montgomery","OH","Dayton","39","113",75,,,,,,,,,,,,,,,,,,,,,,,,,,,,,,,,,,,,,,,,,,,,,,,,,,,,,,,,,74900,67500,61450,59900,63400,65750,64900,61900,60700,59900,59900,58850,55000,61500,60000,64800,64900,64900
"Lancaster","PA","Lancaster","42","071",76,,,,,,,,,,,,,,,,,,,,,,,,149900,156949,159900,159900,160000,159900,162445,164900,164950,164900,161445,164900,164900,172000,175000,169900,170000,170000,174900,170000,165000,168000,169900,169900,169900,169949.5,174495,169900,159900,159900,152500,150000,159900,169900,169900,169900,184900,176000,174950,177250,175000,169900,169900,172900,169900,189900,189900,182450,179900,177000,194750
"Kane","IL","Chicago","17","089",77,200841,199945,201048.5,200841,200841,195158,186495,186315,190619,197835,196740,195745,199000,199000,196490,185000,185000,187990,190000,192692.5,181395,164995,166995,165403,179769,182490,190990,190490,183725,179638,179945,165196.5,170031.5,177990,188677,179990,169000,164990,165990,165196.5,164990,179638,176990,184490,190990,179990,182113,190990,180961.5,179990,180961.5,174900,174800,170895,168490,191990,194495,193090,191195,207500,207500,203560,237995,237995,216995,219000,208245,208990,219500,229995,237995,229900,238997.5,242900
"Stanislaus","CA","Modesto","06","099",78,,,,,,,,,,,,,,,,,,,,,,,,,,,,,,,,,,,,,,,,,,,,,,199900,209900,220000,229450,229450,225000,220500,237500,229999.5,230000,230000,249000,231000,237000,239000,266500,285000,250000,239950,249000,262000,265000,249475,258450,249925,255000,255000,279900,264900
"Passaic","NJ","New York","34","031",79,259000,275000,271950,259578,249000,250000,275000,275000,289000,290000,299000,299000,276500,299000,290000,284500,299000,302950,295000,299000,290000,290000,289000,290000,289000,299000,299900,289000,280000,265000,250000,267000,249950,250000,269900,274900,269000,278900,259500,249900,275000,269000,262500,267450,254900,235000,265000,279000,269900,3e+05,299000,314950,310000,320000,339000,299000,272449.5,239000,234900,229000,229000,229900,239900,249000,244900,254500,254500,259450,249900,239450,259900,250000,239900,250000
"Chester","PA","Philadelphia","42","029",80,,,,,,,,,,,,,,,,,,,,,,,,,,,,,,,,,,,308000,299900,3e+05,299750,299750,290000,296237.5,293810,307880,275000,275000,278000,267500,264995,261871,258244,268456.5,270000,268501.5,292450,274000,269000,264972.5,254577,250000,244950,239450,264200,259900,262500,277445,274495,285000,299598.5,304648.5,304048.5,272000,274000,272500,262400
"Plymouth","MA","Boston","25","023",81,250000,255900,289907,299900,289907,267000,274900,279000,285450,274900,299000,299000,279000,254000,249900,239950,250000,269900,265000,259900,258000,249900,258000,248750,248000,259000,259900,259900,267500,275000,278750,275000,259900,259900,269900,269000,268200,266950,259900,279950,299450,309900,310500,299945,325000,339900,309900,309900,297450,319000,319000,318999,325000,319450,319450,319900,319000,321950,319900,317500,301499.5,324900,329900,329900,339450,339450,340000,349444,349000,349000,349900,349444,339900,339900
"Sonoma","CA","Santa Rosa","06","097",82,,,,,,,,,,,,,,,,,,,,,,,,,,,,,,,,,,,,,,,,,,,,,,,,,,,565000,550000,575000,610000,614000,599475,569500,595000,586975,589000,649500,614475,642500,679000,685000,649500,650000,657500,699000,690000,675000,685000,649000,629000
"Spokane","WA","Spokane","53","063",83,,,,,,,,,,,,,,,,,,,,,,,,,,,,,,,,,,,159900,155000,157000,165000,179900,187450,178700,177500,181900,174500,175000,171000,169950,160000,154950,154900,159449.5,159899,179900,168500,175000,175000,169950,167000,167000,166000,172400,179900,179900,174900,169947.5,179000,185000,179900,179000,174900,179000,193000,189750,189500
"Richmond","NY","New York","36","085",84,549000,540000,549000,549900,549900,549900,549000,549000,549000,539000,539000,535000,529000,534900,534950,529000,533000,525000,529000,533000,534900,535000,534999.5,524000,515000,499999,499999,510000,519000,522000,519900,519961,529900,525000,529900,525000,529000,529000,534900,539900,549000,544945,539000,539000,539900,549000,525000,519000,529450,549000,549000,549000,549900,549949.5,559000,559949.5,567000,575000,569000,549900,559500,559000,571999.5,575000,579000,599000,599945,608500,605000,625000,629950,639000,599949.5,617000
"Onondaga","NY","Syracuse","36","067",85,,,,,,,,,,,,,,,,,,,,,,,,69900,68950,69900,69900,69900,69400,69900,69900,67500,69900,68500,67900,64850,62400,59900,59900,59900,59900,60000,59900,59950,64900,69900,74200,69900,69900,72250,74900,79900,79900,79900,79900,78000,78000,74900,74900,73500,71000,71000,74650,74900,71000,74900,74950,73900,70000,73000,69900,68500,64825,60000
"Pasco","FL","Tampa","12","101",86,,,,,,,,,,,,,,,,,,,,,,,,,,,,,,,,,,,,,,,,,,,,,,,,,,,,,,,,,,159900,150450,149900,149900,134900,122450,125000,127478.5,131000,130000,125900,129900,129950,125000,129900,149900,138700
"Hampden","MA","Springfield","25","013",87,150000,149900,158900,148900,149900,149900,149900,145000,149900,149900,149900,140000,135000,140000,138900,129999.5,135000,142500,139000,139000,135900,133900,135900,129999,134900,131750,134700,132900,129900,134200,132500,132500,128000,125000,125000,129000,125000,134900,134900,144900,144900,149900,144950,149450,149999,152450,149000,149900,149900,144950,144900,149900,156000,157000,155000,155500,155000,149900,149900,148638.5,143900,140000,143900,149000,149900,149900,149900,150000,149900,149900,149900,145000,139900,139900
"York","PA","York","42","133",88,,,,,,,,,,,,,,,,,,,,,,,,,,,,,,,,,,,,,,,,,,,,,,,,110000,96450,89900,89900,85000,86000,85000,87250,85000,84900,84950,89900,85000,81250,79900,85000,89900,87900,96750,99000,99000,90900,98000,99900,111000,107100,101650
"Clark","WA","Portland","53","011",89,,,,,,,,,,,,,,,,,,,,,,,,,,,,,,,,,,,,,,,,,,,,,,,,,,,,,,293725,294950,270000,275000,294950,299900,297425,294950,299950,295000,299950,289900,289900,282500,285000,294700,287450,280000,287500,299950,322450
"Williamson","TX","Austin","48","491",90,,,,,,,,,,,,,,,,,,,,,,,,,,,,,,,,,,,164999.5,164950,158375,173012,161500,169452,170000,180000,189900,188744,180745,189900,196400,191500,191500,200392.5,190590,185575,189370,194990,195000,202990,2e+05,219490,221990,231775,243460,227445,220490,216173,224450,223195,220000,222990,224279,223544,219990,218555,205695,200900
"Washoe","NV","Reno","32","031",91,,,,,,,,,,,,,,,,,,,,,,,,,,,,,,,,,,,,,,,,,,,,,,,,,,,,,,265000,250000,244925,250000,250000,260000,254500,260000,270000,275000,293750,292000,3e+05,3e+05,3e+05,3e+05,319250,319900,319000,327000,335000
"Berks","PA","Reading","42","011",92,,,,,,,,,,,,,,,,,,,,,,,,,,,,139900,137950,154900,159900,144900,131000,132450,129900,130000,123450,136900,149900,144900,139900,142450,146900,139900,139947.5,139900,139900,139900,139900,125000,115000,115950,119900,125000,132450,147450,149900,149900,143500,140000,142250,140000,154000,154900,159900,149950,154900,149950,144950,142200,139900,139900,139900,138700
"Hillsborough","NH","Manchester","33","011",93,217500,209900,209900,209900,215000,214900,214900,219450,219000,209900,219000,219900,214900,197450,194040,190000,198800,199900,199000,199950,189900,169450,191900,190000,182500,187500,190000,194750,180150,199000,199900,199000,197500,197000,195400,196400,209000,209450,215305,225000,216900,224900,224700,231400,234700,229900,239500,245000,237450,230000,229900,230000,234900,229900,229900,229900,229900,225000,224900,224900,225000,220000,222450,224900,229900,232500,229000,229900,224950,225000,221000,222000,228000,218450
"Stark","OH","Canton","39","151",94,,,,,,,,,,,,,,,,,,,,,,,,,,,,,,,,74900,69900,80900,82000,82400,69900,72450,79900,79900,89900,89900,95000,96950,89900,90000,94900,89900,86950,89450,86500,82000,89900,90000,89900,89950,93950,94900,94900,96750,92500,95000,96000,99700,94900,88500,84500,79900,85000,89900,89900,89900,90000,95000
"Orange","NY","New York","36","071",95,210000,210000,210000,210000,209000,204450,204900,2e+05,2e+05,2e+05,199900,199900,190000,181000,184500,186900,189000,195000,189900,184750,180000,179000,189000,179950,179900,176500,172450,178000,172450,167000,169450,169000,169000,159999.5,179000,178450,175000,170000,166950,175000,179900,179000,179900,179000,179000,179000,167900,179000,182450,180000,180000,180000,195000,189450,199000,189000,189950,184950,184900,184900,189000,199000,189900,179000,175000,169900,161450,160500,159900,158950,153950,155400,157200,159900
"Westmoreland","PA","Pittsburgh","42","129",96,,,,,,,,,,,,,,,,,,,,,,,,,,,,,,,,,,,,,,,,,,,,,,,,,,,,,,,,,,,,89900,98650,99850,112450,99450,99900,95000,95000,94900,84900,84900,84900,84900,85000,87000
"Allen","IN","Fort Wayne","18","003",97,,,,,,,,,,,,,,,,,,,,,,,,,,,,,,,,,,,,,,,,,,,,,,,,,,,,,,,,,,,,,,72900,59900,59700,59775,59000,59700,55000,53750,59775,59700,53450,54900,54900
"Manatee","FL","North Port-Sarasota-Bradenton, FL","12","081",98,,,,,,,,,,,,,,,,,,,,,,,,,,,,,,,,,,,,,,,,,,,,,,,,,,,,,,,254990,225950,224945,235000,224990,234380,240432.5,229945,229900,244720,221995,224045,221995,242000,237495,244495,257990,255990,249720,249720
"Collier","FL","Naples","12","021",99,,,,,,,,,,,,,,,,,,,,,,,,,,,,,,,,,,,,,,,,,,,,,,,,,,,,,,,,,359000,359000,379000,385000,379250,370000,359900,349000,341445,324950,337000,349400,369867.5,369867.5,379000,358950,349000,350000
"Luzerne","PA","Scranton","42","079",100,99750,99900,94500,85500,99900,98500,98500,93500,97250,95000,89900,89900,84850,84850,83500,83500,80000,86000,84000,80000,82000,80000,79800,79900,79000,74900,79950,84950,82750,82500,79900,79900,82000,79900,83500,84000,81000,88000,88000,89700,88700,80449.5,79949.5,79999,82950,79999,85000,88200,88450,87900,85000,85000,82900,87900,91000,96900,95000,89500,89900,89900,89900,90000,89900,90000,89900,89900,90000,89900,89900,89000,82750,79999.5,79900,79000
"Cumberland","NC","Fayetteville","37","051",101,,,,,,,,,,,,,,,,,,,,,,,,,,,,,,,,,,,,,,,,,,,,,,,,103000,1e+05,95750,99000,99000,99000,112500,99250,1e+05,110000,128500,132500,128500,126000,127000,135000,130000,141250,146000,138500,135000,132500,129900,129000,120750,128900,107500
"Saint Louis City","MO","St. Louis","29","510",102,99900,102900,114000,110000,105000,109900,107000,99900,99900,104900,104900,99900,85000,90000,89900,93678,96000,89900,88500,80000,79900,79000,77250,74900,75000,69900,70000,74950,73750,75000,79900,77500,75000,79900,88250,84900,84900,83999.5,84500,89900,95000,92400,90000,89900,93475,99000,89900,87500,85000,85000,89000,89000,91300,88000,85000,85000,87250,89000,89900,89250,89000,96950,95900,99900,99000,96700,97750,95450,95900,92950,94900,89900,89000,89000
"Marion","OR","Salem","41","047",103,,,,,,,,,,,,,,,,,,,,,,,,249950,247000,259900,255000,255750,245000,209000,217400,214900,202250,209000,209500,220000,209950,222475,235000,249950,259900,250000,271950,274900,266999.5,264999,241000,265000,245000,270000,249900,277450,281950,250000,244000,230000,225000,225000,219950,225000,229900,225000,225000,239900,227450,230000,240950,267400,264900,272400,234900,250449.5,265000,250000
"Rockland","NY","New York","36","087",104,372500,359000,350000,375000,375000,375000,359900,369000,375000,372500,355000,375000,364450,349900,345000,345000,349949.5,349999,350000,359900,372400,357000,367450,350000,349900,357000,352500,352500,362000,365000,350000,365000,374999,350000,364000,350000,359000,370000,364000,375000,394450,369000,382000,385000,364500,350000,352500,369000,387500,377450,399900,399900,410000,409000,425000,429000,425000,425000,415000,4e+05,399000,399900,399450,399950,422500,430000,435000,439000,427450,424000,415000,425000,450000,437000
"Bell","TX","Killeen","48","027",105,,,,,,,,,,,,,,,,,,,,,,,,,,,,,,,,,,,139925,145000,149925,149950,145000,145000,149000,159900,159000,153000,159900,155000,143625,139900,149950,144950,140000,145000,155000,153450,150000,150000,149900,155000,145000,145000,153000,159950,162000,159900,164000,156475,150000,148400,144500,144750,141000,135000,135000,134975
"Albany","NY","Albany","36","001",106,125000,138750,139900,136950,139838.5,139900,135000,127200,129900,125950,127000,129450,132000,129900,131500,129900,130750,134900,135700,138750,135000,129900,139900,138500,133400,129900,129900,129900,129900,135000,134900,137000,135000,139000,134900,129900,129900,129900,137450,139700,145900,150000,146250,149000,149450,143450,139900,144450,139950,135000,133155,132577.5,138950,135450,139500,139900,139900,139900,143518,140000,139900,139900,139000,139250,149900,149900,148400,145000,140000,141400,140000,139900,134950,124900
"Lorain","OH","Cleveland","39","093",107,,,,,,,,,,,,,,,,,,,,,,,,,,,,,,,,,,,,,,,,,,,,84950,88950,96750,89900,89500,82900,78500,82900,78500,78500,79250,89000,89900,85000,79900,78500,70000,70500,72700,72700,72500,70750,75000,74950,74900,62450,59000,52500,49900,54700,62500
"Dutchess","NY","New York","36","027",108,239450,235000,239900,240000,236950,239900,239900,249000,250875,251750,259000,250000,240000,242500,259450,259000,257000,255000,249925,263912.5,249900,247000,239000,234900,235000,229900,229450,229900,229000,249900,225000,227000,225000,229900,245000,245000,245000,245000,234900,229925,241212.5,249900,242500,239000,239000,249450,247925,240000,234450,229000,239900,250000,239450,239450,229450,239900,239900,239950,239950,230000,224950,199925,189450,189250,210000,224900,225000,229900,220000,219500,2e+05,209000,199900,199900
"Fayette","KY","Lexington","21","067",109,,,,,,,,,,,,,,,,,,,,,,,,,,,,,,,,,,,164900,164900,171225,175000,172450,171950,177450,175000,205000,197000,195000,192400,189900,184900,189900,160000,160000,161000,167000,164700,155950,166400,155450,163500,165000,169900,172900,169900,179000,177450,176450,180000,169900,176500,185000,187450,195000,2e+05,194937.5,189900
"Winnebago","IL","Rockford","17","201",110,,,,,,,,,,,,,,,,,,,,,,,,,,,,,,,,,,,,,,,,,,,,,,,,,,,,,,,,,,,,,,,69700,69900,74700,70000,71900,69950,67950,69900,69900,65000,65000,69900
"Rockingham","NH","Boston","33","015",111,327450,299900,299900,305000,305000,315000,349900,350000,349900,344900,329900,329450,339450,349000,329000,334000,349900,359900,360000,350000,364950,350000,329900,315000,325000,317400,324900,344500,349900,349900,339900,332200,323950,329900,335975,349500,375000,375000,364000,364450,342050,359900,349900,328750,347500,342700,314900,329000,329500,347950,329450,359450,374900,375000,389900,398500,399999,375000,375000,345000,365000,369950,375000,369900,389900,369900,389000,386950,369900,370000,360000,349900,374900,399900
"Anchorage","AK","Anchorage","02","020",112,,,,,,,,,,,,,,,,,,,,,,,,,,,,,,,,,,,369000,349950,350000,354900,352450,350000,350000,349900,364900,359900,375000,382100,349900,379000,379000,376000,369500,391950,380000,389000,389500,399000,417375,4e+05,390750,379000,382250,415000,424000,429500,429000,446750,399000,424500,380000,4e+05,419000,429000,439780,434000
"Lancaster","NE","Lincoln","31","109",113,,,,,,,,,,,,,,,,,,,,,,,,,,,,,,,,,,,167000,175000,174900,144000,148000,144000,131350,129700,127500,123900,119400,119900,127000,122450,127000,127000,125000,115000,112500,117950,126200,129900,126500,128000,128000,125900,136900,128000,129500,118500,128000,136900,137900,130000,124900,130000,131200,125000,129900,125000
"Spartanburg","SC","Spartanburg","45","083",114,,,,,,,,,,,,,,,,,,,,,,,,,,,,,,,,,,,106400,99000,99000,99000,99000,98450,92450,97900,98450,99500,104000,99000,109000,110000,110000,110000,110000,105000,105000,104800,102000,105000,99650,97500,80000,81250,85000,95290,91200,95000,94950,89500,91250,92500,93700,97449.5,109900,109900,109900,110000
"Cumberland","ME","Portland","23","005",115,285000,296250,299900,298250,296250,298500,287900,289900,289950,299900,299900,299000,285000,275000,274900,275000,279000,286000,286000,279900,289000,279000,289500,279000,279900,287000,286250,289000,294500,289000,294950,284900,289900,275000,264000,250000,272000,282400,292000,289950,289900,295000,295000,299000,299250,295000,299000,299900,297750,289000,275000,299000,299000,310625,299900,299900,309000,299900,299000,295000,289900,298000,296250,299450,324900,325000,325000,319450,319000,322400,324900,325000,339900,339450
"Ingham","MI","Lansing","26","065",116,,,,,,,,,,,,,,,,,,,,,,,,,,,,,,,,,,,,,,,,,,,,87400,80000,79950,79949.5,82449.5,79999,84900,77900,75600,82450,79900,82900,94400,98950,99000,98950,90000,85950,90250,86900,82450,79900,79900,78950,79900,84950,84450,84450,69950,74500,72250
"Erie","PA","Erie","42","049",117,67450,69000,69250,69900,70900,70000,70000,70000,69000,68000,68900,69000,69500,73950,67900,68450,68900,69700,68900,69000,67700,69900,66000,64900,65000,69000,65900,65900,64450,65000,64900,65000,65000,69000,66000,64950,65450,68000,67000,69500,67000,70300,69900,69500,69700,67000,67000,72900,72000,70450,69450,69900,70450,70250,74900,78800,73000,74900,69900,69900,69900,69000,68900,69900,69900,75000,79900,72950,75000,68350,66000,67000,65000,67850
"New London","CT","New London","09","011",118,199500,219900,219900,219000,199900,189900,189950,185000,185000,185000,185000,185000,185000,179900,179000,176500,179900,185000,179900,180000,169900,162000,169500,165000,166944,165000,165000,165000,169900,168900,165000,165000,164999,164949.5,169900,165000,159900,159900,162250,168900,174950,169900,168000,169900,173000,173950,169950,168900,159900,159900,158700,159000,168522,179000,175000,172000,164900,164900,164900,160099,159900,159900,159900,159900,159900,162447.5,168000,164900,159450,155500,155000,150000,154900,149999
"Saint Clair","IL","St. Louis","17","163",119,121000,127450,129900,133950,135000,124900,132900,136900,139500,139500,129900,129900,119000,129900,119450,117900,117000,115000,120000,119950,119950,120000,115000,115000,112500,119900,120000,115000,113300,116000,124900,115000,117450,117400,119900,119900,124900,114950,110000,117500,125000,122450,125000,123150,117750,114900,115000,118000,121500,116900,109950,116400,110000,104000,111000,112900,1e+05,99950,1e+05,99900,99900,99950,1e+05,99750,99000,105000,99900,1e+05,1e+05,104900,104900,95000,99900,96900
"Madison","IL","St. Louis","17","119",120,,,,,,,,,,,,,,,,,,,,,,,,,,,,,,,,,,,,,,,,,,,,,,88000,85000,88000,88000,97450,105000,105000,110000,105000,104950,109000,1e+05,105000,105000,102500,98450,90000,94950,94900,89900,90000,90000,90000,90000,90000,85000,85000,85000,78750
"Dauphin","PA","Harrisburg","42","043",121,,,,,,,,,,,,,,,,,,,,,,,,,,,,,,,,,,,,,,,,,,,,,,,,,,,119900,127000,125277.5,122075,124250,112500,119250,122450,119900,110000,99811,110000,106000,107900,119900,109900,109900,109900,119900,115950,127450,122400,127950,119900
"Saint Joseph","IN","South Bend","18","141",122,,,,,,,,,,,,,,,,,,,,,,,,,,,,,,,,,,,,,,,,,,,,,,,,,,,,,,,,,,,,,,79200,74900,76900,76900,74000,73900,73900,73900,71450,75000,79000,77550,81250
"Chatham","GA","Savannah","13","051",123,,,,,,,,,,,,,,,,,,,,,,,,,,,,,,,,,,,,,,,,,,,,,,,,225000,225000,247250,250000,275000,274900,287900,275000,272000,265000,249000,249900,249000,235000,265000,274450,250000,259900,265000,250000,267450,267450,249900,231500,245000,240000,254950
"Merced","CA","Merced","06","047",124,,,,,,,,,,,,,,,,,,,,,,,,,,,,,,,,,,,,,,,,,,,,,,,210000,205000,210000,225000,199700,208000,220000,220000,223000,219000,220000,220000,219500,219750,240000,232450,225000,232250,221000,250000,247500,220000,220000,219999,215000,209000,2e+05,202500
"Kitsap","WA","Bremerton","53","035",125,,,,,,,,,,,,,,,,,,,,,,,,,,,,,,,,,,,,,,,,,,,,,,,224975,230500,249950,224950,235000,215000,204950,229000,229500,229500,202499.5,234000,240000,239500,239950,239000,222500,220000,214500,220000,214500,220000,231250,237500,230000,230000,233000,234950
"Brown","WI","Green Bay","55","009",126,,,,,,,,,,,,,,,,,,,,,,,,,,,,,,,,,,,,,,139900,147800,152400,144700,139900,149500,145900,133750,132500,136450,136450,142400,139900,139900,160700,156500,149900,139900,139900,139900,139900,136400,138900,139700,149900,149900,149900,149900,159400,159900,166450,159900,159650,159900,150000,164900,162400
"Norfolk City","VA","Virginia Beach","51","710",127,,,,,,,,,,,,,,,,,,,,,,,,183450,181450,189900,180000,175000,175000,175000,170443.5,169500,169000,169000,160000,160000,170000,172500,179450,170000,171000,166950,169000,169950,169900,172450,184900,199000,189900,186995,189000,189000,189000,182950,186950,189000,179900,175000,169000,167700,169900,165450,175000,174000,174700,180000,179450,175000,176000,185500,168450,169900,169950,167000
"Buncombe","NC","Asheville","37","021",128,,,,,,,,,,,,,,,,,,,,,,,,,,,,,,,,,,,360000,399900,399950,389000,350000,389250,377450,388500,375000,367450,327000,309000,325000,304450,309000,319500,319000,364950,350000,350000,350000,324950,364300,374191.5,365000,383383,389900,392450,360000,390000,399000,394500,378950,365000,379000,377000,385000,399700,396750,396750
"Cumberland","PA","Harrisburg","42","041",129,,,,,,,,,,,,,,,,,,,,,,,,,,,,,,,,,,,,,,,,,,,188945,183945,179900,189990,179900,177990,190990,192945,198995,197990,190990,191990,205990,199990,217900,217900,208945,199990,196990,199990,196990,219900,230990,230990,233990,232490,233990,233990,227445,227445,229990,219700
"Oneida","NY","Utica","36","065",130,59900,59900,59900,59900,61400,69900,69000,69000,68000,64900,68000,69450,69000,59900,63950,64900,64900,69900,69900,69900,71400,73900,75500,72700,72100,72500,69900,79900,79900,81700,79900,79900,79900,75000,74900,69950,69950,69900,69950,69900,74950,79900,79000,79900,79900,78500,76700,74900,79900,74900,69900,69900,69900,70900,65000,65000,67000,69900,69000,68900,69900,72200,69900,69900,69900,69900,73900,74900,79000,76950,72900,74900,73950,73950
"Clay","MO","Kansas City","29","047",131,,,,,,,,,,,,,,,,,,,,,,,,,,,,,,,,,,,,,,,1e+05,103500,115950,125000,110000,110000,110000,110000,119000,117000,125000,111000,114500,110000,119900,119950,119900,135000,126000,128500,125000,122475,110000,109575,120000,118500,117000,122750,137450,152450,136500,127950,128400,123450,122000,122000
"Benton","AR","Fayetteville","05","007",132,148950,150000,147500,134500,132950,131750,129900,134000,135000,137900,137900,135000,134900,134950,139400,133950,131750,125750,129950,132290,130000,130000,129950,123000,123950,130950,138500,139900,151990,150000,139450,150000,151990,150000,138000,138000,138000,125000,125000,125450,128000,126000,128000,139450,149900,133200,139900,133200,148000,154900,177000,175000,172500,171500,169900,164499,170700,163000,178500,171500,164900,177000,165000,157500,140000,163000,168900,166950,179000,179000,168000,168000,168000,174500
"Saratoga","NY","Albany","36","091",133,2e+05,197450,219900,204950,214900,214900,219450,2e+05,2e+05,202400,199900,199900,197762.5,195762.5,197000,202950,199450,199900,216500,215000,199900,194900,209000,2e+05,195000,196400,204500,199500,219700,209900,199000,199900,199900,199900,195200,205000,207000,219000,217000,211382.5,219700,227498.5,230950,224000,219700,199900,187000,204500,204500,2e+05,205000,219900,224900,222400,220000,219900,224900,219450,214950,209000,215000,249950,239900,219900,224900,219900,222245,215000,207400,191000,192000,216000,217000,218450
"Niagara","NY","Buffalo","36","063",134,51900,51000,59900,59900,59900,59900,57450,57000,57000,59900,59900,59900,64900,64900,59900,59900,59900,57500,57900,57500,56500,55000,59900,55900,59900,59900,59900,59000,59900,59400,59900,60000,64900,64900,69900,62900,69900,79500,69900,74900,66900,65450,65000,59900,63000,59900,54900,59900,54900,59900,59000,59900,59900,59900,59900,59900,59900,62900,61450,55000,57700,61999.5,61999.5,59900,59900,62450,64900,65000,64900,62500,64900,60000,59900,55000
"Barnstable","MA","Cape Cod","25","001",135,599000,549000,499000,544450,549000,549000,499000,549000,549000,499000,495000,495000,549000,527000,529000,499499.5,489900,489000,479000,462900,459000,458950,484499.5,475250,462900,447000,470600,485000,499000,499700,499000,499000,485000,499700,485000,499900,514900,549000,549000,589450,569000,572000,529000,519000,519000,499950,499000,499900,537000,499900,499000,475000,499000,504450,499000,499000,479000,479000,499000,497500,499000,479000,425000,449450,448000,443000,425000,454500,439000,450000,439000,439450,450000,450000
"Lackawanna","PA","Scranton","42","069",136,129000,129000,125000,125000,125000,125000,124900,115000,115000,114900,115000,114900,108000,109900,110000,109900,115000,115000,119000,119000,115000,114000,114900,113000,114000,111000,114997,112450,109000,109450,104900,109000,109000,103449.5,99950,99900,99500,99000,98000,99500,99900,110000,111000,109900,112000,107000,115900,115000,111000,113450,109950,105000,109000,107000,105000,104450,103450,104000,99900,99900,99000,99000,95000,95000,99000,99000,99000,95000,95000,94000,89900,89000,85000,84450
"Yavapai","AZ","Prescott","04","025",137,,,,,,,,,,,,,,,,,,,,,,,,,,,,,,,,,,,220000,244000,214900,214900,220000,227900,216250,225000,239000,219900,225000,230000,254450,244000,232000,248000,248500,248500,265450,244000,270450,234950,239250,244000,273000,287500,257500,247000,234900,255500,272250,270000,264500,239750,266000,267950,279000,275000,272450,264000
"Trumbull","OH","Youngstown","39","155",138,,83500,87494,89988,86250,77950,79450,81700,79450,79900,69900,75000,70000,69900,67500,72450,75450,75000,79900,83900,94350,86900,88950,89900,89900,92450,82500,75000,74950,75000,77000,89900,80750,74950,79900,82400,94900,84900,90900,89900,99000,106000,89900,85450,86900,85000,89900,87900,84950,85000,89900,84900,83700,84900,74900,74900,69900,74900,84900,79900,88900,79900,84900,77900,78450,79000,74500,74500,79950,75000,80000,86450,87900,90000
"Champaign","IL","Champaign-Urbana","17","019",139,149900,145000,142900,126900,135000,139900,127400,124900,129950,130000,135450,122400,124900,119900,125000,119900,130000,130000,139900,130000,128900,120000,124900,126900,129400,126950,135900,137400,134900,139900,142447.5,139900,137950,139900,139947.5,139947.5,138900,144999,150000,159500,169000,167000,149950,142000,139900,139450,135000,139900,140950,135000,134900,129900,137450,149900,129900,124900,114900,129900,132400,132400,132400,129900,138000,114900,109900,99250,114450,112500,94450,99500,110000,99900,109900,99900
"Broome","NY","Binghamton","36","007",140,83700,84900,84900,84900,79900,79900,79900,79900,79900,79900,79900,80000,81450,84450,81000,79900,80000,82950,80000,80000,80000,84500,80000,80000,79900,79900,79900,79900,79900,79900,79900,79900,79900,79500,79900,79900,82000,79900,79900,79950,80000,80000,80000,79950,79950,79950,79900,79900,79900,79900,73000,74900,75950,78499,79900,79900,79900,79900,81250,79900,79900,79900,79900,78900,79900,79900,79900,78700,78000,78000,79900,79900,74900,74900
"Saint Louis","MN","Duluth","27","137",141,,,,,,,,,,,,,,,,,,,,,,,,,,,,,,,,,,,,,,,,87450,84900,89000,98500,98500,1e+05,111200,114900,98000,90300,98000,93900,98750,99000,99000,101400,99250,97500,99500,99600,99500,98750,98000,98000,99700,99900,98500,97500,99000,96250,91525,90300,90300,90300,99500
"Mohave","AZ","Lake Havasu City","04","015",142,,,,,,,,,,,,,,,,,,,,,,,,,,,,,199900,199000,199450,214450,199000,199900,210600,219900,202450,202450,219900,219900,219900,219900,219900,219900,219900,209900,195000,205000,199900,198400,166700,155000,182450,195950,199700,182450,199900,204900,204900,204950,204900,207250,218900,211950,209900,209900,214400,209000,214500,209450,219800,224950,222450,219900
"York","ME","Portland","23","031",143,219750,212300,214900,199950,199000,204499.5,199000,199000,199000,197500,199000,199000,189900,194900,199000,195000,209450,209984.5,215000,209500,209900,209900,209950,2e+05,2e+05,199250,199000,2e+05,209900,209700,209900,204900,199950,199900,199900,199000,189900,185000,189000,189900,197000,204950,218500,205000,2e+05,199900,199900,194900,189700,188250,195825,199900,209900,214450,215000,207700,2e+05,199700,202250,199900,194900,199950,214900,220000,220000,217000,225000,225000,224900,224900,220000,225000,224900,209250
"Racine","WI","Racine","55","101",144,,,,,,,,,,,,,,,,,,,,,,,,,,,,,,,,,,,,,,,,,,,,,,,,,,,,,110000,116400,126950,117450,124900,122450,129900,128700,115000,115000,115000,117450,104900,96900,99900,89900,81950,79900,79450,79900,79900,69000
"Litchfield","CT","Torrington","09","005",145,199900,199900,199900,222400,224900,214000,212000,199900,202000,211500,219900,200950,189900,199900,202000,209900,209000,209900,199900,189900,199000,199900,199000,195000,199900,219900,246750,249900,242450,225000,216250,221937.5,215000,199000,187000,189500,182400,182450,197000,225000,239900,239900,239900,240000,249900,249900,237500,239950,215000,243950,239900,229000,240000,229900,239900,234900,259900,259900,274900,265000,229000,219900,250000,259900,269000,269000,250000,255000,252400,249900,249950,249450,249900,249900
"Ulster","NY","Kingston","36","111",146,225000,225000,225000,225000,249000,249000,239900,237000,235000,239500,225000,2e+05,199950,198500,196500,199000,205000,210000,199900,199900,199900,222400,229900,224900,215000,210000,219000,219000,223000,219000,209450,219950,219000,219000,219000,219000,224900,224900,224950,229000,227000,222450,214500,222450,210000,205000,202450,199900,199900,199900,199900,199900,209000,199900,199900,199900,195000,199000,195000,189000,179900,179900,179900,189000,199700,210000,219000,219000,219000,219000,219000,219000,219000,210000
"El Dorado","CA","Sacramento","06","017",147,,,,,,,,,,,,,,,,,,,,,,,,,,,,,,,,,,,,,,,,,,,,,,,,,,,,321950,349900,364450,407500,375000,410450,395000,448500,438000,389000,347000,349000,399000,375000,379013.5,399000,399000,399000,399900,451500,394000,424000,429000
"Pitt","NC","Greenville","37","147",148,,,,,,,,,,,,,,,,,,,,,,,,,,,,,,,,,,,117250,99900,115250,117900,105450,105450,105450,105450,96000,95500,108500,114500,109000,108000,109000,113250,110000,115000,107400,99000,99000,99000,99000,100450,101900,98900,100950,104900,101450,103000,104900,103000,99900,98950,113900,113900,114400,114500,113650,110000
"Kenosha","WI","Chicago","55","059",149,,,,,,,,,,,,,,,,,,,,,,,,,,,,,,,,,,,,,,,,,,,,,,,,,,,,,,,,,125400,129000,125150,124900,128000,125400,127650,129900,134900,129900,122000,119000,109900,104900,109900,109900,105450,109950
"Middlesex","CT","Hartford","09","007",150,,,,,,,,,,,,,,,,,,,,,,,,269900,259900,259000,245000,245000,245000,245000,229900,224000,229000,219900,219900,226500,219900,217000,224450,219950,225000,229900,244900,242500,240000,246250,244000,244000,234500,249900,240000,249900,249900,249000,249000,244950,249900,249900,243100,233000,235000,249900,243800,224900,222000,227950,209000,205500,202499.5,205900,205900,199900,199900,199000
"Boone","MO","Columbia","29","019",151,,,,,,,,,,,,,,,,,,,,,,,,,,,,,,,,,,,133700,140000,139900,132500,127900,125000,128450,134900,135000,136200,137750,135000,136250,137500,137500,150000,154500,139900,143450,159950,158000,175000,175000,175000,175000,175000,180000,162000,149000,149000,130000,139000,139450,139900,142900,165000,155000,154500,160000,160000
"Kenton","KY","Cincinnati","21","117",152,,,,,,,,,,,,,,,,,,,,,,,,,,,,,,,,,,,,,,,,,,,,,,,,,,87450,95000,99999.5,101750,99999,90000,105000,105000,1e+05,105000,105000,106500,119900,129950,127450,114900,112450,110000,107250,99900,99900,99900,99900,99900,92450
"Rensselaer","NY","Albany","36","083",153,109900,115000,115000,115000,112950,109900,110750,109849,109869,110000,109999.5,109900,109750,102000,102900,103000,109900,110000,107000,110000,113250,105000,106000,105000,99900,106450,105450,109900,119900,114900,112250,114700,114900,109375,109825,1e+05,104500,109000,109000,109949.5,119900,119000,112000,114900,110000,114900,115000,109900,109900,111250,119250,119500,124450,120000,124500,119900,119216.5,117900,117900,119500,116450,114950,114900,114733,110000,114900,112000,109900,104900,104900,99000,99000,99900,90000
"Hampshire","MA","Springfield","25","015",154,,,,,,,,,,,,,,,,,235000,253700,249900,239250,249000,244450,229900,225400,209900,195000,199000,212450,225000,229000,219900,239000,229000,234950,234900,229900,214900,216950,228000,242450,259900,269500,279900,264900,267450,240000,254900,247000,229500,239900,241950,252400,279000,272500,295000,289900,292450,292450,295900,264900,279777,256450,269777,267388.5,285000,279900,274900,250000,259900,259900,276450,259450,244450,246000
"Chittenden","VT","Burlington","50","007",155,,,,,,,,,,,,,,,,,,,,,,,,,,,,,,,,,,,,,,,,,,,,,,,,,,,,,,,,,,,,499000,474200,458900,420000,429950,434450,424900,440000,450300,450000,474000,478000,461500,474500,439900
"Schenectady","NY","Albany","36","093",156,99000,97900,90000,89990,89995,89900,89900,89000,86900,85000,79900,79900,79400,79900,84500,85000,86450,84500,80500,83700,79900,74900,80000,79900,79900,79900,79000,79900,77900,77900,76900,79900,84000,84900,80000,83000,84900,80000,84700,80000,79900,79900,79900,79900,79900,79900,79900,79900,82500,84800,79900,84600,87950,84950,86900,88500,80000,79900,75000,71150,75000,74900,73900,74400,77000,79000,73000,79000,79000,76500,76500,75000,79900,67900
"Penobscot","ME","Bangor","23","019",157,148900,148900,149900,142450,145000,149500,147000,144450,139900,139900,149250,148900,149000,149450,149900,149000,150000,150950,155500,149900,149900,159000,150000,149900,149900,149900,145450,145000,139900,141500,140000,139000,139500,139000,139900,132500,129900,129900,129900,129900,135000,135000,137000,134900,130000,129900,129000,121855,124900,124900,127900,129900,137500,135000,139236,134900,129900,129900,129900,129000,124950,124500,124500,129900,139000,139000,137500,129900,129900,129000,125000,125000,125000,124700
"Tolland","CT","Hartford","09","013",158,219900,214900,219900,232000,230950,235000,227500,221200,239900,222500,222500,223700,221200,199250,199700,199250,199900,199450,199250,199000,195000,199000,199500,205000,199500,195000,202000,209000,229900,214900,195000,199900,182450,184950,185000,199900,199900,213900,204900,218900,204900,199000,179900,179900,189000,189900,189900,179900,172400,174900,174900,189900,212000,209900,199900,189900,179900,179900,175000,174900,174900,179900,182400,175000,174900,184900,179900,174950,175000,179900,189950,179900,179900,179900
"Franklin","PA","Chambersburg","42","055",159,,,,,,,,,,,,,,,,,,,,,,,,,,,,,,119900,119950,124950,140000,145000,144900,145000,157200,144900,144900,149900,159900,149900,169575,169900,147450,142900,142900,143450,144000,145000,149900,149900,149900,149900,159000,152900,152700,139900,158900,155900,162700,171900,159900,159900,157400,157400,155400,144500,139900,139900,139900,139900,139900,139900
"Schuylkill","PA","Pottsville","42","107",160,59900,64950,65000,63700,62500,59000,59450,59000,64950,59900,65000,69000,69000,65000,69900,69900,69900,69900,67900,67900,69900,65900,65450,65000,65900,65900,65900,69000,70700,71500,65000,68950,65000,65000,65000,62500,65900,69900,68950,68900,68900,68450,65450,65900,65000,69900,64400,72000,69900,67700,69900,69450,69000,65000,65000,65000,65000,64950,69900,69450,68250,69900,69900,69000,65000,65000,65000,69900,62000,59900,59950,59250,59900,59900
"Merrimack","NH","Concord","33","013",161,,,,,,,,,,,,,,,,,,,,,,,,,,,,,,,,,,,,,,,,,,,,,,,,,,,,,,,,,,,,,194900,204900,194900,224900,225000,224950,225000,225000,225000,227000,229000,225000,217450,205450
"Cambria","PA","Johnstown","42","021",162,,,,,,,,,,,,,,,,,,,,,,,,,,,,,,,,,,,,,,,,,,,54500,44900,45900,46900,49900,49900,48500,54450,51200,48500,47500,54950,59900,50000,49650,49500,47500,49700,47500,48000,39900,39900,39900,39900,38700,39500,39900,39900,38000,39900,39900,39900
"Clark","OH","Springfield","39","023",163,,,,,,,,,,,,,,,,,,,,,,,,,,,,,,,,,,,,,,,,,,,60000,61500,63950,67900,67500,65900,66900,59900,59950,54950,63000,61500,65900,67500,70900,65900,67250,59700,55000,54950,52900,55000,55000,56700,60000,61450,64500,58900,55000,54950,54700,49900
"Fayette","PA","Pittsburgh","42","051",164,,,,,,,,,,,,,,,,,,,,,,,,,,,,,,,,,74900,79700,79900,79900,79900,79900,79900,79921,79910.5,72400,79900,82400,74900,73885,75000,72900,77000,75000,83000,84500,79950,87450,79450,79500,77250,79950,79000,77000,73400,79900,79900,73900,74450,77450,84500,80000,83450,81000,81750,79900,74450,73900
"Tazewell","IL","Peoria","17","179",165,,,,,,,,,,,,,,,,,,,,,,,,,,,,,,,,,,,,,,,,,,,,,,,,52500,52500,52500,52500,52500,52500,52500,52500,52500,52500,52500,52500,52500,52500,52500,52500,52500,46400,44900,51500,52500,51500,51500,50700,49900,51500,50700
"Chautauqua","NY","Jamestown","36","013",166,,,,,,,,,,,,,,,,,,,,,,,,,,,,,,,,,,,,,,,,,,,,,,,,,,,,,,,,,,,,,,,54900,55000,57250,55250,54900,59000,58250,55450,51900,56000,55450,49900
"Madison","IN","Indianapolis","18","095",167,,,,,,,,,,,,,,,,,,,,,,,,,,,,,,,,,,,,,,,,,,,,,,,,,,,,,,,,,,,,,,,47450,49900,50000,50000,49450,49000,44000,39900,41950,44000,44000,39950
"Berkshire","MA","Pittsfield","25","003",168,185000,189000,190000,169000,169000,169000,169000,154900,159900,174900,174900,174950,155000,149900,149900,149900,149000,149900,149900,159000,155000,155000,155000,155000,149950,149450,148000,149900,159000,159250,156700,149900,147000,142250,145000,139900,139900,139000,139450,139450,148900,146000,155000,142450,139900,139900,139000,129900,129900,139900,139900,135750,139000,139900,139900,139900,144900,144900,144900,139000,130000,137000,130000,135950,129900,139000,144200,149900,149900,149900,145000,139900,144900,139900
"Washington","RI","Providence","44","009",169,354450,319900,287700,287700,287700,299000,299900,299900,299000,309000,317000,3e+05,3e+05,3e+05,3e+05,3e+05,324900,349900,336950,349900,344450,299900,299000,287000,299900,299450,3e+05,307500,299900,315000,325000,329000,307450,299900,299900,299000,284500,284500,299000,329000,299000,294900,344900,349900,355995,347450,344900,350000,367947.5,346950,327997.5,289000,299000,299000,279000,279000,279900,279450,272450,269900,269900,250000,259900,254500,275000,275000,285000,275000,275000,285000,298950,299000,312450,322250
"Strafford","NH","Boston","33","017",170,159900,159000,152900,159900,150000,159900,169750,177450,184561,179000,169900,160450,159900,159900,174900,179950,192200,189900,189900,189900,199000,214900,219900,227000,209900,225000,218500,219900,224900,219450,219900,199900,189900,199000,189900,189900,199900,199900,199900,199900,222400,215000,219000,214900,209900,214900,214900,209900,199900,189900,194850,199700,224950,229900,224900,235000,244950,235000,234500,224900,210000,222450,239900,239900,237450,230950,224900,224999,224900,210450,194450,175000,199900,192450
"Kennebec","ME","Augusta","23","011",171,119900,119900,119900,119900,124950,127900,129400,129400,129900,130000,129900,125000,125000,125000,124950,125000,134900,130000,134710,132000,134900,129900,129900,129900,129000,129900,129900,135000,130000,135000,132000,129900,129900,129900,129949.5,128000,129450,131900,129947.5,129900,129995,135000,135500,135000,129500,129900,128750,128750,128250,124000,125000,133400,143000,141250,139900,145000,139950,149900,143900,139900,129950,132450,139900,146700,149900,150000,149900,148900,149000,146950,143900,139950,145000,140000
"Oswego","NY","Syracuse","36","075",172,,,,,,,,,,,,,,,,,,,,,,,,,,,,,,,,,,,,,79900,89900,89900,85000,97500,89900,89900,89900,89900,89900,87900,86450,84500,85000,84500,87900,86450,89900,89900,89900,89900,89900,89900,94450,89900,89500,94450,99500,95000,99250,95500,92200,85000,79500,84900,84900,86450,85000
"Windham","CT","Worcester","09","015",173,159900,154950,159900,159900,159450,162400,162400,165200,159950,162000,164450,160000,164900,164900,164900,162450,169000,169500,169900,168374.5,167000,157700,158700,149900,147450,139950,139700,143250,164900,159900,162900,161250,159900,155000,151000,157000,150000,145000,153450,152000,156000,156000,155000,150000,164900,152000,160000,155950,150000,151000,150000,152950,152950,159450,149900,145000,139900,139900,135950,129900,138443,144900,139900,140000,139900,140000,139950,145000,149900,149900,149900,145000,139900,142500
"Jefferson","NY","Watertown","36","045",174,,,,118250,118250,117500,119400,125000,119900,120000,120000,120000,120000,119900,126450,119000,124900,124900,125950,119900,110000,119500,109990,119800,119850,135000,135000,135000,129900,129450,121450,125000,124950,124900,125000,124950,115900,114950,115000,118950,129900,125000,124900,122450,119950,124950,124850,124800,128450,127900,126400,129000,127500,125450,134500,124900,124900,120000,124900,119900,119900,119900,120000,120000,120000,128900,129900,128900,129900,124900,124900,124900,119900,110000
"Ontario","NY","Rochester","36","069",175,,,,,,,,,,,,,,,,,,,,,,,,,,,,,,,,,,,,,,,,,,,,,,,,,,,,,,,,,,,,,,109900,109900,109900,109450,109900,125000,128700,124900,127500,123200,124500,126200,118000
"Androscoggin","ME","Lewiston","23","001",176,145000,145000,142450,129900,134900,137500,139900,135000,134950,135000,134450,129900,129900,125000,125000,119900,124900,127900,129900,129900,129900,125000,124950,115000,115000,118500,125000,127900,123200,121500,125000,125000,129817.5,129817.5,128867.5,125000,119900,119900,121500,124817.5,125000,134000,124995,128750,124900,124900,124900,124735,119000,119500,125000,126400,129900,139900,133500,135000,135000,135000,136700,135000,130000,129900,129900,129900,129950,138900,137200,135367.5,134900,139500,137750,134900,130000,129900
"Brunswick","NC","Myrtle Beach","37","019",177,169900,169900,162900,162900,162750,162750,163000,167450,169900,169900,170000,169900,169900,174900,179900,179900,172400,191400,172450,162450,155445,149450,149900,149000,155445,152450,157450,149900,160000,153000,159950,165150,164400,159950,151900,156950,159000,161450,161450,159000,159450,159000,159900,159900,167200,161400,161400,165500,159900,164200,159900,165700,175000,179000,182450,193000,179950,199450,189900,177000,175907.5,173465,175232.5,184540,184540,178745,179900,175215,170107.5,159900,159900,169000,155750,174450
"Tompkins","NY","Ithaca","36","109",178,,,,,,,,,,,,,,,,,,,,,,,,,,,,,,,,,,,,,,,,,,,,,,,,,,,,,,,,,,,,,,245000,264900,249250,257500,252500,252500,255000,249900,249950,249900,254900,244900,254450
"Ashtabula","OH","Ashtabula","39","007",179,,,,,,,,,,,,,,,,,,,,,,,,,,,,,,,,,,,,,,,64900,73500,69900,69900,74450,74450,74900,74900,79000,79900,79900,79500,79900,78900,74900,74900,74500,72250,69950,72000,74000,74900,79700,77250,72000,74000,76750,79900,79900,69900,69000,69200,69900,69400,69900,69900
"Putnam","NY","New York","36","079",180,424000,419900,406500,414000,434000,419000,449000,432000,467450,449500,420000,420000,399900,376995,399000,399000,427500,389000,379000,394500,389990,374995,375000,359000,360000,356500,362495,360000,359000,359000,361995,350000,364990,345000,366995,369000,359499.5,349949.5,349999,354450,359000,380000,397000,359000,350000,349499.5,352500,355000,350000,350000,350000,355000,375000,389000,439000,412450,409950,402450,439500,450000,457099,460693,395000,372000,425000,404000,425000,449500,435900,425000,417000,430000,417000,425000
"Eau Claire","WI","Eau Claire","55","035",181,,,,,,,,,,,,,,,,,,,,,,,,,,,,,,,,,,,,,,,,,,,,,,,,,,,,,,,,,,,98900,111900,114900,114900,119000,117500,117500,116950,119000,119000,124900,117400,129900,119900,135500,135500
"Floyd","GA","Rome","13","115",182,,,,,,,,,,,,,,,,,,,,,,,,,,,,,,,,,,,,,112450,116500,115000,114900,109950,119900,119900,122900,117400,117400,105900,108500,107000,119900,122900,124900,121400,117200,109500,112450,112450,109000,108500,102400,99950,114900,115000,118900,121950,116950,112450,103900,108400,106900,99900,99900,102400,99900
"Gallatin","MT","Bozeman","30","031",183,,,,,,,,,,,,,,,,,,,,,,,,,,,,,,,,,,,,,,,,,,,,,,,,,,,,,,,,,,,,,,380900,316500,289900,339500,325000,289000,315000,315000,315000,354900,359900,349950,377000
"Buchanan","MO","St. Joseph","29","021",184,,,,,,,,,,,,,,,,,,,,,,,,,,,,,,,,,,,,,,,,,,,,,,,,,82500,82500,97000,96500,94500,94500,82500,91500,91500,96000,97750,96000,91000,80000,80000,74900,78000,89900,93450,86700,89900,80500,77450,74900,72900,67500
"Grafton","NH","Claremont","33","009",185,,,,,,,,,,,,,,214900,209900,219900,209900,209900,194900,196000,209950,190450,205000,199900,199900,195000,190000,189900,199000,189900,192450,197000,192400,183400,184450,179900,182700,182700,183400,189500,187000,194900,195000,189000,189500,190000,187000,180000,172500,175000,175000,168500,195000,197500,197500,182000,180000,187500,180000,175000,159200,183450,194000,179500,179500,165000,174900,165000,160000,159950,159450,159450,159900,168000
"Matanuska Susitna","AK","Anchorage","02","170",186,,,,,,,,,,,,,,,,,,,,,,,,,,,,,,,,,,,,,,,,,,,,,,,,,,,,,318750,297500,252500,250000,294500,317500,320000,292500,319500,349000,384000,349450,342450,315000,315000,310000,322500,369240,362000,379900,405000,385000
"Chemung","NY","Elmira","36","015",187,,,,,,,,,,,,,,,,,,,,,,,,,,,,,,,,,,,,,,,,,,,,,,,,,,,,,,,,,,,,,,,56700,58500,54900,54900,54900,59949.5,59999,59900,59999,61000,61000,64900
"Madison","KY","Richmond","21","151",188,184500,184900,184700,184500,184500,186500,189000,179500,177200,174900,179500,171950,168000,169900,171950,169900,169900,169900,178700,184900,187400,179950,184900,185900,190000,169900,165000,160000,167450,175000,165250,164750,172450,175000,169900,179000,183028,176750,168000,168500,168500,174500,168500,162730,165000,162730,165000,160000,174900,174900,174900,170000,167450,169900,169900,167000,160000,150000,155000,157000,147500,147500,155000,154995,155000,155000,165000,172250,172250,159950,149900,149900,162450,153700
"Newport","RI","Providence","44","005",189,409000,404000,423000,425000,426000,449000,442000,439000,427000,391950,397000,395000,375000,375000,362950,368500,399000,419000,422000,425000,395000,375000,349900,359000,349900,358000,349900,357000,369950,397450,449000,429000,437000,429000,439900,440000,439500,495000,488000,452000,491000,499000,499000,499000,479000,498500,499000,511950,479000,425000,397000,429000,449000,474900,449000,442400,449000,439000,429000,425000,439900,449000,447000,430000,435000,449000,427000,425000,424950,424900,431500,434000,439000,444000
"Clinton","NY","Plattsburgh","36","019",190,,,,,,,,,,,,,,,,,,,,,,,,,,,,,,,,,,,,,,,,,,,,,,,,,146750,149000,149900,144500,142500,143500,139450,146500,149200,147200,144500,142500,139500,137250,139500,141250,142500,144500,142250,144900,140950,144500,150000,139900,138250,133700
"Cattaraugus","NY","Olean","36","009",191,,,,,,,,,,,,,,,,,,,,,,,,,,,,,,,,,,,,,,,,,,,,,,,,,,,,,,,,70900,75000,75000,75950,69450,69450,65500,69450,57450,61200,64900,69999,69900,72950,73000,76900,79450,79900,72900
"Cayuga","NY","Auburn","36","011",192,,,,,,,,,,,,,,,,,,,,,,,,,,,,,,,,,,,,,,,,,,,,,,,,,,,,,,,,,,,,,,,84900,74900,74900,79949.5,89900,84900,83450,80950,88100,89900,89900,86300
"Sullivan","NY",,"36","105",193,209900,204450,209900,179000,169000,163000,163950,149900,151000,158250,153000,169000,150000,149000,145900,137450,130000,142450,139900,130000,150000,159500,159000,165000,169000,159500,150000,159500,156950,157000,147000,149900,150000,134900,146000,136950,139000,152500,150000,144900,149999,149999,156450,149499.5,136995,141750,149000,139000,134995,129900,139000,154450,159000,159000,154900,156950,146750,144500,139000,139000,139000,145000,149950,154900,149450,145000,148500,148250,139000,148250,139000,132300,127000,129450
"Cheshire","NH","Keene","33","005",194,,,216500,215000,215000,215000,214900,219900,214900,214900,197400,199900,194900,189450,189000,189000,189450,191950,189000,182000,179900,183500,209000,199900,174900,187900,214000,189900,209450,219500,195000,187900,195000,195000,206500,195000,195000,195000,190000,207450,217000,217000,226950,229000,214450,214000,214450,209450,195000,199900,192000,195000,183450,179000,179900,168750,168500,168750,169000,169900,169900,2e+05,199900,185000,183500,179900,175450,175450,168700,177900,177900,199000,199900,199000
"Madison","NY","Syracuse","36","053",195,,,,,,,,,,,,,,,,,,,,,,,,,,,,,,,,,,,,,,,,,,,,,,,,,,,,,,,,,,,,109900,102450,107450,107250,99900,99900,98500,95000,89000,87000,91400,89450,90950,79900,79900
"Monroe","FL","Key West","12","087",196,,,,,,,,,,,,,,,,,,,,,,,,,,,,,,,,,,,,,,,,,,,,,,675000,629000,685000,696000,650000,599450,685000,650000,699000,659000,599000,614999.5,609499.5,650000,609000,650000,599000,699000,688500,699000,699450,699900,749900,749999,749000,749999,774900,799900,804950
"Aroostook","ME",,"23","003",197,,,,,,,,,,,,,,,,,,,99700,99900,99900,97250,95000,94950,92400,109000,110000,114900,118900,119964,119000,119928,129000,137950,134950,132400,118500,119500,119500,119900,119500,119900,119950,124900,125000,124000,123500,124250,124000,122000,123000,124500,124500,124900,116500,119000,118000,115000,115000,115000,112700,115000,115000,115900,118500,110000,109950,110000,110000,110000,110000,110000,110000,110000
"Franklin","MA","Greenfield Town, MA","25","011",198,,,,,,,,,,,,,,,,,,,,,,,,,,,,,,,,,,,,,,,,,,,,,,,,,,,,,222000,209500,219000,205950,199900,187000,175000,193450,209000,214900,187500,188700,199900,199900,199900,199000,187400,192200,183075,199500,202400,204900
"Carteret","NC","Morehead City","37","031",199,,,,,,,,,,,,,,,,,,,,,,,,,,,,,397000,399000,389900,378450,387000,388250,386000,389500,377450,379900,378450,381000,381000,385000,387000,380000,425000,412450,412450,379500,379500,374000,372000,350000,350000,376050,398000,398500,398000,395000,399000,409450,395000,348000,348000,337500,299900,312449.5,324900,327200,324900,339950,372000,339950,335000,350000
"Warren","NY","Glens Falls","36","113",200,160000,173450,179000,175500,177400,177400,185450,171450,171450,189450,199000,195000,169900,163950,159900,159900,159900,163500,168900,159900,162000,149950,149900,154000,156250,167450,160750,165000,161200,172400,179000,156500,161200,160450,159250,156250,159500,160000,159500,159250,160450,179900,169900,169900,169900,169900,193950,199000,185000,199000,219450,222450,232000,219900,227450,209900,199000,199000,189900,189250,189250,167450,150000,149900,158900,158900,159400,159900,159900,152400,156700,159400,168750,164900
"Herkimer","NY","Utica","36","043",201,,,,,,66250,65000,69500,69900,74450,73900,73900,71900,69900,66250,65000,67450,69900,78950,79900,78950,78950,77400,74450,75000,69900,67450,75500,75500,69900,69900,69900,69900,68900,69900,68900,67500,67500,65900,67500,67500,68000,69900,74450,69900,69900,68900,69900,69900,69000,67500,67950,67500,65000,65000,65000,65000,64700,64200,63200,59900,62000,64950,65000,65000,65000,65000,59900,59900,59900,62500,63200,62700,59900
"Washington","NY","Glens Falls","36","115",202,148900,134900,134900,134900,134950,129500,129500,114950,116899,125000,129900,129000,116899.5,115949.5,119450,112500,118000,114850,119950,119900,121250,129000,129450,129900,129999.5,124900,129000,126950,125000,125000,129900,124900,124500,130000,135000,129900,127700,127700,124900,129900,129950,129900,127700,124900,124900,124950,125000,124950,118950,125000,125000,129900,129950,148000,137450,137450,129700,129000,124950,125000,119900,119450,126950,139000,139900,129900,129900,129900,129900,129900,123950,119950,119450,119900
"Columbia","NY","Hudson","36","021",203,,,,,,,,,,,,,,,,,,,,,,,,,,,,,,,,,,,,,,,,,,,,,,,,,,,249500,249750,250000,265000,279000,239250,229000,229000,239000,269000,254000,277500,275000,275000,259500,259000,259500,259500,259500,260000,260000,285000,287450,285000
"Coos","OR","Coos Bay","41","011",204,,,,,,,,,,,,,,,,,,,,,,,,,,,,,,,,,,,,,,,,,,,,195000,180000,179450,179950,180000,190000,185000,190000,180000,187500,195000,214000,197000,175000,192500,199000,197000,199000,199000,199000,219000,199000,199000,199000,199000,188000,186000,195000,197000,197000,189900
"Otsego","NY","Oneonta","36","077",205,,,,,,,,,,,,,,,,,164950,164900,156500,156500,151182.5,142500,139900,139000,139950,145000,153500,153000,150000,150000,150000,149000,149500,145000,149900,149000,149450,149000,149250,149000,145000,149000,140000,139900,139900,139500,139000,146750,149000,139900,134000,139950,139900,145500,148325,146875,161000,159533.5,149950,150000,156900,148450,149900,149900,149950,159283.5,156950,149950,149450,150000,144950,144950,144500,142500
"Rutland","VT","Rutland","50","021",206,139900,150950,152000,159900,152000,149900,157450,162400,155000,155000,159900,168950,145950,142900,141900,159900,155000,159900,157950,163950,157950,156000,156000,150000,159000,160000,153525,149000,154000,154000,154000,149950,149450,149900,151500,159900,153750,155000,157450,157450,149000,144000,139450,149000,149900,145000,137500,138250,123750,125500,122450,124000,121900,125000,119450,119000,123450,129900,134450,125000,125000,129500,149000,139000,129950,125700,120450,125450,135750,132500,114900,123700,129900,137500
"Washington","VT","Barre","50","023",207,,,,,,,,,,,,,,,,,,,,,,,,,,,,,,,,,,,,,,,,,,,,,,,,,,,,,,180000,175000,180000,175000,170000,163900,165000,159000,167500,167750,160950,159000,158000,161500,162500,165000,170000,167500,170000,166250,166250
"Oxford","ME",,"23","017",208,106500,106500,100101,115000,129000,125000,125067,118500,108000,108000,104050.5,104050.5,114900,114900,114900,117500,115000,110250,115000,116250,117900,114950,118600,118250,111735,118800,119900,131000,135000,135000,139900,139900,139500,136900,139000,137950,135000,139000,139000,139000,140000,140000,139900,139000,139000,138000,137400,137250,124900,124900,129450,134900,135000,137900,139949.5,138625,137000,135000,138500,137950,132250,135450,134900,137950,139900,139900,134900,134900,130000,129900,129900,129900,129500,129250
"Windsor","VT","Claremont","50","027",209,248000,241500,248950,244000,248950,254950,277000,280000,277000,250000,249450,240000,239000,244950,249900,264500,279000,259500,239000,239000,230000,219900,230000,229950,249000,249450,249900,269000,249000,245000,237000,247450,249900,244450,239000,244450,280000,289000,295000,289000,295000,295000,295000,282000,295000,295000,289000,289000,249450,275000,249900,249900,249000,259000,249000,249450,249000,257000,249450,249450,249900,239450,259900,259000,249900,244000,235500,229000,235000,229000,229000,245000,229000,229000
"Fulton","NY","Gloversville","36","035",210,62900,72400,69900,70000,72500,71000,69999.5,68750,69500,72000,70950,72000,74500,69000,73000,70500,74900,74100,73000,73950,74900,74950,69900,69900,69900,71000,73950,78200,77150,79200,71750,69900,71950,84900,79900,75000,78900,69950,72500,69900,69900,70000,72500,72450,75000,73700,73700,69900,71200,66000,63300,69900,69900,69900,70000,69500,67900,69500,69700,67500,69000,69900,64900,59000,57250,59900,62500,63745,62500,59900,59900,55500,55000,54900
"Hancock","ME",,"23","009",211,,,,,232000,259000,252450,259000,283500,293500,309900,315000,304450,315000,299000,307000,299000,293000,299000,299000,304500,299000,317450,309950,310000,325000,307450,325000,339000,347000,349900,339000,339000,299900,325000,299000,325000,325000,330000,334500,297000,317450,299900,309900,324000,314450,299000,299500,298750,299000,295500,298750,299000,304500,324900,325000,319950,311000,325000,329450,326250,315000,325000,322000,312000,299000,299000,297000,296500,299000,296500,295000,295000,290000
"Pulaski","MO","Fort Leonard Wood","29","169",212,,,,,,,,,,,,,,,,,,,,,,,,,,,,,,,,,,,,,,,,,,,,,,,,,213000,213000,213000,229900,213000,213000,213000,213000,213000,215000,198000,192000,186000,186000,186000,187500,189450,178000,179900,184500,198900,186000,199900,199900,195000,191000
"Somerset","ME",,"23","025",213,,,,112700,118500,120900,119250,119500,99900,95500,90000,97700,106400,99900,95500,95250,95250,87950,92700,99900,99900,94000,92500,95500,1e+05,108000,104000,112950,112500,115000,114500,115000,110000,112750,108500,106000,99900,99500,101450,105000,119000,122000,119000,114900,110000,110000,109900,109900,109000,99999,107000,109900,103950,115000,110000,114900,110950,114700,109900,109000,105000,1e+05,105000,105000,108900,108950,109900,112450,109900,112800,111400,111350,105000,109900
"Taney","MO","Branson","29","213",214,,,,,,,,,,,,,,,,,,,,,,,,,,,,,,,,,,,,,,,,,,,,,,,,,,,,,,174900,174900,164950,169000,159700,154500,163900,158900,162900,169000,175000,179000,170950,169000,172000,179000,172000,158350,161850,173450,170999.5
"Franklin","NY","Malone","36","033",215,,,,,,,,,,,,,,,,,,,,,,,,,,,,,,,,,,,,,,,,,,,,,,,,,,,,,130000,122250,129900,129900,129950,129900,124500,125000,127200,121750,124500,119750,119000,119500,119500,115200,117250,119250,119750,119000,119000,119000
"Montgomery","NY","Amsterdam","36","057",216,,,,,,,,,,,,,,,,74900,69000,70750,69000,69000,65000,69000,69000,70000,69000,67250,67250,65500,64900,65250,65000,67750,65000,60000,59900,64900,65000,65000,68000,64900,62000,64900,60900,61400,63200,60900,59000,55500,59900,59999.5,62000,65000,64950,60000,62250,62000,65000,68000,64900,62500,60000,59950,59950,59000,60000,64200,59000,59000,59900,59450,59000,59500,60000,70000
"Shelby","OH","Sidney","39","149",217,,,,,,,,,,,,,,,,,,,,,,,,,,,,,,,,,,,,,,,,,,,,,,,,,,,,,,,,,74900,75000,74900,74950,74900,74950,73000,74900,74900,71450,67000,71450,64900,64900,64900,62450,68900,67900
"Franklin","KY","Frankfort","21","073",218,,,,,,,,,,,,,,,,,,,,,,,,,,,,,,,,,,,,,,,,,,,,,,,149900,150000,140000,135000,135000,135000,135000,135000,135000,129450,124950,127250,127250,135000,133250,118900,119900,121500,121500,122500,115900,113950,110000,110000,99995,86900,85000,84900
"Greene","NY",,"36","039",219,,,,,,,,,,,,,,,,,,,,,,,,,,,,,,,199000,199900,204450,224250,225000,221250,204450,202450,199900,199000,199000,199000,199000,215000,199000,192500,197000,190000,199450,199900,209000,209000,199950,199900,199000,199000,199000,199000,199000,199000,191500,199000,204000,199000,199000,179000,199000,197000,197000,195000,199000,209000,208500,199450
"Delaware","NY",,"36","025",220,,,,,,,,,,,,,,,,,,,,,,,,,,,,,,,,,,,,,,,,,149000,149000,146950,139000,134000,138900,133850,129900,129000,124450,114400,119400,125000,125000,129450,129000,134450,127450,127000,127000,123450,133450,133450,112000,115000,117950,112500,99450,109000,104499.5,109000,109500,109000,109000
"Carroll","NH",,"33","003",221,,,,,,,,,,,,,,,,,,,,,,,,,,,,,,,,,,,,,,,,,,,,,,,,,,,,229900,219900,196200,229950,229900,235000,239900,250000,244950,239950,259000,259000,249900,225000,228750,239900,249750,249250,250000,260000,255000,260000,254750
"Sullivan","NH","Claremont","33","019",222,,,,,,,155000,135950,138400,137450,149000,142450,147000,155000,159000,159000,159450,159000,159900,159900,159900,159450,154450,149900,143700,154500,157200,167500,165000,162450,152200,147000,144900,144950,149450,149900,154500,157200,149900,149900,149000,139900,139900,146950,159000,146950,149000,145500,142000,137450,137000,139000,135500,139000,134500,138450,137000,139900,138450,139900,139875,139900,137750,139900,139900,139900,139200,139200,138500,136000,139900,138500,135000,129900
"Knox","ME",,"23","013",223,220000,234450,224950,217500,199700,199900,199000,195000,189000,189000,189250,189000,189000,189000,189000,189000,189000,195000,195000,198000,195000,182250,182250,172450,168000,190000,195000,195000,187000,185000,185000,189450,189000,179000,180375,189450,181750,180625,183375,189000,192000,192000,204000,199450,205000,199450,199950,203115,199000,201507.5,199000,189000,189000,189000,195000,199000,199000,196850,193500,193500,188700,185000,187450,182500,199000,198350,195000,199000,199000,209000,189000,189000,204500,220000
"Waldo","ME",,"23","027",224,236950,220000,229000,229000,224500,220000,224500,199900,209250,199450,199950,199000,199000,199222,223000,231950,224900,224900,239000,234900,230000,225000,225000,209000,209000,198500,196450,199900,199900,198000,198500,199900,192000,179500,182250,189000,180000,189000,189000,199900,189000,189900,190000,189900,189900,189900,189500,189900,189900,189000,189900,189900,179900,192450,195000,195000,191200,193700,189900,189900,187500,179900,186250,189900,189900,189900,189700,185000,185000,192500,195000,185000,182450,179950
"Sagadahoc","ME","Portland","23","023",225,,,,,,,,,,,,,,,,,,,,,,,,,,,,,,,,,,,,,,,,,,,,,,,,,,,,,,,,,,246950,225000,218900,215000,215000,216950,225000,245000,239000,219000,205000,207000,219900,195000,192250,196500,224000
"Lincoln","ME",,"23","015",226,,,,,,,,,,,,,,,,,,,,,,,,,,,,,,,,,,,,,,250000,250000,250000,236400,247250,237800,237800,238400,225000,225000,240000,225000,199000,222500,229000,225000,239900,240000,240000,243750,241250,249000,249950,249000,249900,249900,275000,275000,275000,279000,270000,277000,284000,279000,281750,279500,281750
"Coos","NH","Berlin","33","007",227,77400,75000,74900,82400,79900,79900,79900,79900,79900,79900,85000,79950,79900,79900,79900,87250,79950,79900,79900,85000,85000,89937.5,93500,91249.5,93750,89987,87450,89900,89900,87450,89900,89000,89000,88500,84950,84900,81900,81900,77500,79900,79900,84900,79900,78750,79250,79000,79000,77000,72500,75000,79000,79000,79000,75000,69900,69900,69900,69900,69900,74900,74900,69900,74900,74950,69000,68750,68750,66000,68500,67000,68500,72400,69000,67000
"Washington","ME",,"23","029",228,,,,,,,,,,,,,,,,,,,,,,,,,,,188500,164900,159500,167000,169000,169000,165000,150000,167000,168000,164900,159900,159900,165000,168000,165000,159000,149000,149900,149000,148500,144000,139900,139900,139900,139900,143000,145000,147000,149000,147000,144900,145000,145000,145000,139000,135000,132950,139450,139900,142900,139000,139000,139900,149000,145000,139450,142000
"Schoharie","NY","Albany","36","095",229,,,,,,,,,,,,,,,,,,,,,,,,,,,,,,,,,,,,,,,,,,,,,,,,,,,,,,121200,129900,119900,132450,129900,129900,123750,121200,119900,119900,124900,134450,139900,149900,154450,149900,149900,149900,149900,144450,149000
"Caledonia","VT",,"50","005",230,,,,,,,,,,,,,,,,,,,,,,,,,,,,,,,,,,,,,,,,,135000,139000,139900,139900,139900,139900,139000,139000,139900,154500,144000,129900,139000,145900,158500,159900,150000,159500,159450,149900,149900,139000,144250,127450,120000,120000,125000,124900,125000,128750,129250,138800,149000,149000
"Franklin","ME",,"23","007",231,,,,,,,,,,,,,,,,,,,,,,,,,,,,,,,,,,,,,,125000,124200,119500,124900,127450,121950,125000,123900,129700,129900,129700,136700,146000,144750,143500,139500,137000,146000,149000,149000,139900,139950,142500,145000,140000,144500,142500,147250,140000,149000,143900,149250,143000,148750,162450,162400,148500
"Piscataquis","ME",,"23","021",232,,,,,,,,,,,,,,,,,,,,,,,132900,126500,133700,134900,134900,119900,124900,124500,121750,117950,117900,99900,89900,97500,115000,116450,115000,110000,115000,117950,110000,112500,119000,124900,119000,109000,110000,110000,115900,116950,110000,114900,118000,114900,114500,109900,109900,109900,102000,99900,95000,99000,98200,98750,100900,109000,118000,114950,115000,114900,114900,99900
"Clay","IL",,"17","025",233,,,,,,,,,,,,,,,,,,,,,,,,,,,,,,,,,,,,,,,,,,,,,,,,89900,84500,84500,79900,79900,79900,78000,74000,74700,69900,69900,69900,75000,76500,76500,79900,79450,78950,75900,79925,79900,79900,78200,76250,79900,77500,79900
