"RegionID","RegionName","SizeRank","2010-09","2010-10","2010-11","2010-12","2011-01","2011-02","2011-03","2011-04","2011-05","2011-06","2011-07","2011-08","2011-09","2011-10","2011-11","2011-12","2012-01","2012-02","2012-03","2012-04","2012-05","2012-06","2012-07","2012-08","2012-09","2012-10","2012-11","2012-12","2013-01","2013-02","2013-03","2013-04","2013-05","2013-06","2013-07","2013-08","2013-09","2013-10","2013-11","2013-12","2014-01","2014-02","2014-03","2014-04","2014-05","2014-06","2014-07","2014-08","2014-09","2014-10","2014-11","2014-12","2015-01","2015-02","2015-03","2015-04","2015-05","2015-06","2015-07","2015-08","2015-09","2015-10","2015-11","2015-12","2016-01","2016-02"
9,"California",1,5.03018108651911,4.88545291738673,4.98099619923985,5.12952038984355,5.01879915850366,5,4.95238095238095,4.76190702947954,4.63091615408268,4.5662100456621,4.53677607055187,4.47897623400365,4.4543429844098,4.51219512195122,4.62249614791987,4.78571428571428,4.55847255369929,4.54545454545454,4.41767068273092,4.44444444444444,4.32389154566897,4.34782608695652,4.2054667097601,4.16666666666666,4.12519540138908,4.15069178196366,4.08888888888889,4.4543429844098,4.32729036161731,4.21686746987952,4.22105441600271,4.0724946695096,4.08627039386755,3.90243902439025,3.70425248184916,3.43347639484979,3.39949324324325,3.42298288508558,3.33611342785655,3.45224395857308,3.33398161010832,3.23130780809959,3.17561130517625,3.13479623824452,3.125,3.09283243054342,3.04347826086957,2.94985250737463,3,3.03951367781155,3.05349035030545,3.18906605922551,3.14285714285715,3.05164192671836,3.05343511450382,3.16940052191782,3.10769230769231,3.0778701138812,3.01789178702306,2.94117733564065,2.94974639757221,3.02608695652173,3.03879310344828,3.11643433587639,3.07929176289453,3.00375469336671
54,"Texas",2,4.01606425702812,3.98422247898322,3.88387602981561,4.16666666666666,4.00801603206413,4.01766219588272,3.85860827624773,3.723701359151,3.57398141529665,3.55329949238579,3.50877192982456,3.63454484828276,3.70370370370371,3.73134328358209,3.79310344827586,4.08673894912427,3.88888888888889,3.73134328358209,3.5175879396985,3.44623856368486,3.36134453781513,3.33407423871972,3.33333888890741,3.37335620354489,3.41880341880342,3.44827586206896,3.59649122807018,3.68852459016393,3.70370370370371,3.33611342785655,3.27968181732827,3.21956229754287,3.26086956521739,3.14158447343303,3.16377850305653,3.17460317460317,3.14330625076553,3.22581165454331,3.24675324675324,3.44827586206896,3.39293590744071,3.23049596540222,3.14465408805031,3.125,3.05278683705393,3.04143702796489,3.04878048780488,3.03879310344828,3.10233438221981,3.15151515151515,3.09734513274337,3.33333333333333,3.30645161290323,3.21088790613424,3.10177705977382,3.10679611650485,3.03214069132808,3.03122158229766,3.000600120024,3.03030303030303,3.07692307692308,3.05973653499295,3.03030303030303,3.125,3.12276554231736,3.11344619575793
43,"New York",3,4.54545454545454,4.40251572327044,4.36521739130434,4.76209523809524,4.54959053685169,4.47977297745373,4.3222232106673,4.16650694417824,4.08997955010225,4.17014178482068,4.3113236853663,4.25622472866567,4.39741979474297,4.35406698564593,4.37066629930661,4.72377902321858,4.44444444444444,4.3859649122807,4.15584415584416,4.03853278992219,4.04040404040404,4.1095890410959,4.08163265306123,4.08673894912427,4.10959185588676,4.15584415584416,4.16753490310481,4.5475216007276,4.25531914893616,4.07999999999999,4.0650406504065,4.0016006402561,4.00320256204964,4.00136857063115,4.000800160032,4.00320256204964,4.04203718674212,4.00801603206413,4.01606425702812,4.34971726837755,4.11522633744856,4.16840350145894,3.92839987183627,3.84937238493723,3.87096774193548,3.86174951644245,3.86100386100386,4.00296515937731,4,4.06091370558376,4.01146131805158,4.3010752688172,4.07077053942574,4.13943355119826,3.96471014993436,3.92310710082385,4.00130300233454,3.89611401588056,3.94805194805194,4.0016006402561,4.07999999999999,4.08673894912427,4.16666666666666,4.54545454545454,4.28090428090429,4.16671875072339
14,"Florida",4,6.66666666666667,6.06428138265616,5.94117647058824,6.24882811035138,6.11764705882353,5.94623383350564,5.84905660377358,5.65117481810595,5.61797752808989,5.63656981307883,5.58659217877095,5.40832882639265,5.51724137931035,5.40540540540541,5.40832882639265,5.42069710781985,5.21327014218009,5.06717484516437,5.08379888268157,5,5,4.91692885135508,4.78204280514901,4.77142857142857,4.71571906354515,4.76341695776437,4.76190476190477,5.00146190977122,4.81481481481482,4.64581530938499,4.41178092572479,4.53731343283582,4.4543429844098,4.34971726837755,4.44444444444444,4.39693424768052,4.34971726837755,4.34782608695652,4.5475216007276,5,4.6242774566474,4.35406698564593,4.16,4.07999999999999,4.00320256204964,3.97303160105137,3.92638036809816,3.84911470361817,3.84615384615384,3.87096774193548,3.84911470361817,4.16840350145894,3.9039039039039,3.71851851851852,3.6144578313253,3.584229390681,3.57142857142857,3.46020761245674,3.45065562456867,3.41296928327645,3.38983050847458,3.34448160535117,3.38272498191163,3.584229390681,3.40909090909091,3.35483870967742
21,"Illinois",5,4.76192365843022,4.60674157303371,4.76303881876637,5.11016301691572,5.26592943654555,5,4.81171585199604,4.49438202247191,4.26439232409381,4.35161009573543,4.43478260869565,4.54545454545454,4.46666666666666,4.64898688915375,4.9671910405767,5.13083632632119,5,4.76190476190477,4.38364224771992,4.35161009573543,4.34782608695652,4.27098674521354,4.35550323719835,4.41345395343103,4.44444444444444,4.50856627592425,4.64615384615384,5.26592943654555,4.95967479674797,4.76190476190477,4.54545454545454,4.34782608695652,4.17014178482068,4.03877221324718,4.02318039644619,4.00801603206413,4.01606425702812,4.08844388819357,4.44642063139173,5.27936749786317,4.86772486772487,4.73197840584313,4.12671946644435,3.71747211895911,3.57453136303705,3.50938761186173,3.57398141529665,3.63454484828276,3.70370370370371,3.84268128296795,4.03225806451613,4.76417341591234,4.26212161465607,4.00667779632721,3.61532899493854,3.3955857385399,3.33407423871972,3.31184707712825,3.33889816360601,3.33555703802535,3.43255126864407,3.41685649202733,3.51724137931034,4.03849716419186,3.584229390681,3.40688319938691
47,"Pennsylvania",6,4.34971726837755,4.20761494252874,4.16004212743549,4.65633337081782,4.37773608505316,4.34971726837755,4.13793103448276,4.00320256204964,3.96118447378951,4.0016006402561,4.15525114155251,4.17536534446764,4.17014178482068,4.20541097128664,4.39770554493308,4.76190476190477,4.41403685150872,4.11522633744856,4.0016006402561,3.90243902439025,3.8734667527437,4,4.00320256204964,4.09381663113006,4.02505944759466,4.04040404040404,4.06840714369877,4.5475216007276,4.34971726837755,4.05369369369369,3.89678778304371,3.84836108833154,3.84763370527126,3.84911470361817,3.96204641620721,4.0060091251329,4,4,4.11522633744856,4.71974904338187,4.35161009573543,4.24277680087315,3.89105058365758,3.75991721283201,3.70507595405706,3.71851851851852,3.84615384615384,3.84911470361817,3.77777777777778,3.84615384615384,3.84911470361817,4.46995377503852,4.16788236416504,4.14201183431953,3.78787878787878,3.57398141529665,3.63454484828276,3.63636363636364,3.72272143774069,3.82800649032795,3.79746835443038,3.74919768934531,3.80915736821854,4.34877147205914,4.02000192344682,3.84911470361817
44,"Ohio",7,5.05,4.94437577255872,5.00109547987235,5.6710775047259,5.55709919422062,5.64174894217208,5.19083969465649,4.76644423260247,4.54545454545454,4.43478260869565,4.54959053685169,4.60579553394149,4.76514635806671,4.76190476190477,4.96124031007752,5.4945054945055,5.0561797752809,4.76758045292014,4.41826215022091,4.2449969678593,4.16201892744479,4.16666666666666,4.17014178482068,4.18799441600745,4.28939090649127,4.39753128693453,4.55580865603644,5.36842105263158,5.31177829099307,5.14138817480719,4.88069092937322,4.4,4.26138117855739,4.24657534246575,4.22654268808115,4.27807486631016,4.34782608695652,4.46428571428571,4.76190476190477,5.45050055617352,5.06329113924051,4.80769230769231,4.34782608695652,4.07177363699103,3.95256916996047,3.8942479456949,3.94822971185171,3.84911470361817,3.93013100436681,4.07999999999999,4.34782608695652,4.98416402733789,4.51904454486766,4.25531914893616,4,3.84763370527126,3.84689363339104,3.84763370527126,3.84911470361817,3.85852090032154,3.93595730486991,3.92307692307692,4.01606425702812,4.65332712889717,4.25985090521832,4.16666666666666
30,"Michigan",8,7.19507959092336,7.01001430615165,7.15307582260372,8.11249323958897,8.03212851405623,8.34418189308352,7.70416024653313,7.14796283059328,6.6711140760507,6.26959247648903,6.34920634920635,6.36042402826855,6.66666666666667,6.69333333333333,6.97927409910952,7.84615384615385,7.38255033557047,7.14285714285714,6.25782227784731,6.25,5.91715976331361,5.88928150765606,6.06428138265616,6.00363856882959,5.93574761261065,5.88466065123577,6.27287155205205,7.14796283059328,7.01001430615165,6.67556742323098,6.31139052513413,5.88581518540318,5.71428571428572,5.22875816993464,5.26592943654555,5.26315789473685,5.16666666666666,5.29100529100529,5.56173526140156,6.71140939597316,6.55542312276519,6.16704026091249,5.55864369093941,4.81792717086835,4.48888888888889,4.35161009573543,4.39690231028814,4.35406698564593,4.41826215022091,4.4,4.76190476190477,5.10204081632653,4.98338870431894,4.91839672861015,4.36174469787916,4.17014178482068,4.21052631578948,4.18410041841004,4.21729807005003,4.16840350145894,4.17014178482068,4.18250300120048,4.18410041841004,4.9049049049049,4.48430493273543,4.5475216007276
16,"Georgia",9,6.13650594865373,5.88581518540318,5.89390962671905,6.47491330944568,6.28930817610063,6.45161290322581,6.25195373554236,5.88238754345614,5.77507598784195,5.73065902578796,5.88581518540318,5.80130529369108,5.88928150765606,5.88928150765606,6.01880877742946,6.54676258992806,6.00000000000001,5.66091140673648,5.29100529100529,5.16666666666666,5.00465953442658,5.04922197523023,4.81481481481482,5,4.88042947779405,4.93273542600897,5,5.40832882639265,5.16146550164848,5.00125031257814,4.81221702664589,4.49088483770564,4.44444444444444,4.32432432432432,4.34858236214994,4.21792618629174,4.2903115959591,4.31654676258992,4.3839541547278,5.00250125062531,4.76606564290966,4.18410041841004,4.08663870533136,3.8135593220339,3.7356526993324,3.57270453733476,3.70370370370371,3.55411954765751,3.63247863247863,3.6979969183359,3.7796451914099,4.16666666666666,4,3.7721324095458,3.58014646053703,3.5483870967742,3.40164982475386,3.33333333333333,3.33333333333333,3.33444481493831,3.37335620354489,3.33774115256558,3.4494653328734,3.70644922164566,3.52941176470588,3.39097999321804
36,"North Carolina",10,4.81283422459893,4.55847255369929,4.54545454545454,5.0035739814153,4.91891891891892,4.61698280857365,4.43478260869565,4.22654268808115,4.1095890410959,4.16666666666666,4.19392073874567,4.25758382118148,4.35413642960812,4.23494360502235,4.38259308445231,4.66200466200466,4.44444444444444,4.27606887950296,4.0016006402561,4,4,4.0016006402561,4.06121247792819,4.01606425702812,4.000800160032,4.01606425702812,4.23239707579839,4.54545454545454,4.52173913043479,4.16065214922199,4.00168960425433,3.7721324095458,3.70370370370371,3.6979969183359,3.70507595405706,3.73609955109225,3.64963503649635,3.69477911646586,3.8478496193927,4.36681222707423,4.00574178162376,3.84763370527126,3.56234096692112,3.40136054421769,3.33704115684094,3.4494653328734,3.45065562456867,3.36842105263158,3.44887049491291,3.46020761245674,3.53950661422953,3.84615384615384,3.63128491620112,3.55329949238579,3.33334444448148,3.27455919395466,3.26435469292612,3.24149108589952,3.25806451612903,3.20523522109499,3.15186246418339,3.25561983150212,3.1970763878759,3.60240160106737,3.37711069418386,3.38217755755617
40,"New Jersey",11,4.76281196418365,4.54545454545454,4.6189376443418,5,4.90590590590591,4.84429065743944,4.54545454545454,4.35161009573543,4.25531914893616,4.35735818032338,4.43484480935498,4.50704225352113,4.62909568089218,4.65116279069767,4.74938283362128,5,4.76190476190477,4.57142857142857,4.35413642960812,4.18410041841004,4.25532820282596,4.25835953129465,4.21141311577174,4.34971726837755,4.23076923076923,4.27807486631016,4.54545454545454,4.8,4.5662100456621,4.28571428571428,4.03853278992219,4.04246631278072,3.92313851080864,3.98237285748924,4.01606425702812,4.000800160032,4.01211251835751,4.00667779632721,4.16,4.55927051671733,4.49275362318841,4.34971726837755,4.01606425702812,3.84763370527126,3.84615384615384,3.84763370527126,3.93013100436681,3.87196261682243,3.89105058365758,3.87378059226857,4.0595399188092,4.59265448788747,4.25531914893616,4.25389755011136,4.00065338454152,3.71747211895911,3.70507595405706,3.70370370370371,3.75939849624061,3.78898312571782,3.84615754438581,3.85542168674698,4.00064010241639,4.71142520612485,4.29799426934098,4.17014178482068
56,"Virginia",12,4.76190476190477,4.46666666666666,4.58857540300259,5.01513478095931,5,4.99952954660998,4.6875,4.25106276569143,4.00228702115495,4.0016006402561,4.1025641025641,4.03849716419186,4.17963343038518,4.16736122687115,4.34801513931268,4.76190476190477,4.28506315926553,4.09417010291998,4.0016006402561,3.85356454720617,3.75093773443361,3.72062342762471,3.81691392928969,3.84911470361817,3.74074074074074,3.7979125157631,4,4.20660276890309,4.14536534082901,3.96600566572238,3.84763370527126,3.67052023121387,3.65984930032293,3.51351351351351,3.5137617767711,3.50877192982456,3.38983050847458,3.53697749196141,3.59897172236504,4.00320256204964,3.82022471910113,3.71402362905284,3.36134453781513,3.2258064516129,3.04959484705825,2.97619047619048,3.06231824665283,3.05133176854782,3.03030303030303,3.00166759310728,3.03214069132808,3.38709677419354,3.33444481493831,3.2258064516129,3.04819976771196,2.94152253206259,2.82768777614139,2.8595258358994,2.91666666666667,2.89857172893285,2.93297047481953,2.94117647058824,2.94290759270159,3.22788896061975,3.1578947368421,3.11424073080849
59,"Washington",13,5,4.85672656629432,4.98294808639637,5.26454330086865,5.06569586859503,5.05050505050505,4.98416402733789,4.83870967741935,4.77499437485938,4.76303881876637,4.76417341591234,4.76303881876637,4.77897402015259,4.77326968973747,5,5.0251256281407,4.99927504712193,4.91803278688525,4.5475216007276,4.5662100456621,4.34971726837755,4.25531914893616,4.19696036937284,4.28571428571428,4.25251976309446,4.16840350145894,4.30852169608976,4.82545114572492,4.5662100456621,4.39770554493308,4.31746707761278,4.03100775193799,4.00667779632721,3.93894728676157,3.85542168674698,3.86538461538461,3.86100386100386,3.85321100917431,3.87096774193548,4.71653168175321,4.13793103448276,4.000800160032,3.63636363636364,3.40856320237763,3.46020761245674,3.35570469798657,3.43347639484979,3.3955857385399,3.38770388958595,3.35151987529229,3.5676400576537,3.84633877517809,3.55918738605799,3.36842105263158,3.44086021505376,3.32177623683158,3.27510917030568,3.22058585531639,3.33444481493831,3.2258064516129,3.33333333333333,3.28407224958949,3.22632682690757,3.57270453733476,3.29032258064517,3.4157453191844
26,"Massachusetts",14,4.0016006402561,3.73345084589887,3.84763370527126,4.2571306939123,4.17014178482068,4.16666666666666,3.84763370527126,3.63702491362066,3.51725250637024,3.54708762615775,3.66802519451649,3.74531835205992,3.63768643142961,3.63636363636364,3.68015414258189,4.26617677076955,3.84911470361817,3.8313586705647,3.57206644043579,3.45172586293147,3.4494653328734,3.35483870967742,3.48597107587169,3.53045013239188,3.4494653328734,3.39097999321804,3.5483870967742,3.80305602716469,3.51216305021909,3.57398141529665,3.34448160535117,3.24909747292419,3.22684737011939,3.24731182795699,3.34448160535117,3.33889816360601,3.22788896061975,3.22684737011939,3.33388898149691,3.57398141529665,3.40142182843802,3.27201226795863,3.07008697638746,3.03122158229766,3.0778701138812,3.125,3.12597686777117,3.15822721681019,3.12548835755587,3.02861906085024,3.09090909090909,3.22581685747373,3.17561130517625,3.33333333333333,3.18906605922551,3.12597686777117,3.14285714285715,3.13479623824452,3.17628374801482,3.19490158115521,3.21396275225787,3.16918230061073,3.06184935701164,3.30256594574669,3.26164874551972,3.22684737011939
22,"Indiana",15,4.30852897246371,4.11522633744856,4.06091370558376,4.88095238095239,4.93468795355588,4.69265593561368,4.35161009573543,4.07999999999999,3.75469336670838,3.84615384615384,3.84615384615384,3.84615384615384,3.84911470361817,3.93442622950819,4.07999999999999,4.5475216007276,4.05542459294995,3.76283404937013,3.57398141529665,3.59712230215827,3.63911332317441,3.63636363636364,3.62068965517242,3.65482233502538,3.59649122807018,3.70507595405706,3.75469336670838,4.42880119585168,4.43750000000001,3.93013100436681,3.84911470361817,3.75,3.63636363636364,3.5448827901658,3.45065562456867,3.63232023721275,3.57398141529665,3.58620689655172,3.84911470361817,4.38981562774363,4.34782608695652,3.75469336670838,3.45006047872103,3.45065562456867,3.33889816360601,3.33555703802535,3.36643255025429,3.4494653328734,3.45065562456867,3.44827586206896,3.61881785283474,4.13333333333333,3.84615384615384,3.5438596491228,3.41102899374645,3.34448160535117,3.40075185407019,3.4453781512605,3.35693981312024,3.45065562456867,3.45065562456867,3.36134453781513,3.38709677419354,3.84615384615384,3.53356890459364,3.3816425120773
8,"Arizona",16,5.59586356433992,5.26592943654555,5.23170683936688,5.70355383922764,5.4945054945055,5.46056633545918,5.44378698224852,5.15463917525774,5.05050505050505,5.00012030057315,5,4.97087936875999,4.7829378363025,4.76541670564177,4.76193990935104,4.88538742412402,4.62249614791987,4.35952158641235,4.16710078488574,4.15525114155251,4.0506329113924,3.84615384615384,3.78693562367031,3.69816452153198,3.63636363636364,3.64963503649635,3.57142857142857,4.00320256204964,3.84763370527126,3.5483870967742,3.50877192982456,3.33555703802535,3.13479623824452,3.07692307692308,3.06122448979592,2.94996265870052,2.85714285714286,2.85714285714286,2.85714285714286,2.9354847876765,2.91428571428571,2.78491452291223,2.68918073796123,2.63296471827278,2.60162601626016,2.56144916547986,2.56492466588464,2.48780487804878,2.48005438458459,2.50000625001563,2.52897787144363,2.5706940874036,2.63227165043433,2.5706940874036,2.53215173686576,2.38095238095238,2.33925645304349,2.33444497379705,2.33100233100233,2.34375,2.29108472998138,2.32092168976457,2.29707638461876,2.44125747481452,2.33100233100233,2.36157455108027
53,"Tennessee",17,4.44642063139173,4.26457789382071,4.35161009573543,4.76644423260247,4.63636363636364,4.54545454545454,4.4138891922767,4.16840350145894,4,4.12007062978222,3.96382528381759,4.12007062978222,4.12796697626419,4.26951300867244,4.31862947357238,4.80961923847696,4.36681222707423,4.29947380462137,4.01606425702812,4.0016006402561,3.84911470361817,3.8734667527437,3.85542168674698,4.00320256204964,3.85109114249037,4.0016006402561,4.12790697674419,4.54545454545454,4.35161009573543,4.08163265306123,3.84911470361817,3.71782650142993,3.63945578231293,3.6979969183359,3.56268526219266,3.58208955223881,3.63855421686747,3.584229390681,3.80849502125833,4.1670139467689,4,3.61532899493854,3.55510411376333,3.35570469798657,3.34448160535117,3.44827586206896,3.34102301056179,3.38976227517127,3.35679870399179,3.42857142857143,3.45065562456867,3.84763370527126,3.70644922164566,3.70507595405706,3.55013733708965,3.33444481493831,3.22788896061975,3.30295915857864,3.33333333333333,3.3457249070632,3.3816425120773,3.38289962825279,3.48918353105373,3.85356454720617,3.66260162601626,3.54223433242506
32,"Missouri",18,4.78095238095239,4.54959053685169,4.76694915254238,5.55864369093941,5.0251256281407,5.08379888268157,4.7943017375194,4.5475216007276,4.32345876701361,4.17014178482068,4.34782608695652,4.34971726837755,4.45269016697588,4.41176470588235,4.69783049789293,5.26870389884089,4.94897427887119,4.65332712889717,4.16840350145894,4.07999999999999,4.13793103448276,4.16666666666666,4.16,4.13793103448276,4.25531914893616,4.27807486631016,4.44938820912124,5.05025252525252,4.90566037735849,4.59136822773186,4.21052631578948,3.92208475914715,3.87596899224806,3.91276459268762,3.90625,3.95703787450538,4,4.08673894912427,4.35406698564593,5,4.5475216007276,4.25645129226948,3.84911470361817,3.70644922164566,3.70644922164566,3.6979969183359,3.70576258785136,3.71747211895911,3.70644922164566,3.71747211895911,4.00320256204964,4.34782608695652,4.16688368059173,3.84911470361817,3.72593148287071,3.62953692115144,3.5573342336573,3.57398141529665,3.66571622116044,3.70507595405706,3.61881785283474,3.63768643142961,3.75225631768953,4.04,3.92207792207793,3.70438982888038
27,"Maryland",19,5.27762017180153,5.05152556071934,5.13513513513514,5.71428571428572,5.70734656560593,5.71428571428572,5.3030303030303,4.93745885450955,4.68764648895278,4.60198081972828,4.62695199537305,4.76190476190477,4.83870967741935,4.77611940298508,4.96832277425808,5.13970334598137,5.05653291251037,4.79334855031286,4.49438202247191,4.27833223514361,4.15069178196366,4.18410041841004,4.14141414141415,4.20084033613445,4.31137724550898,4.25389755011136,4.32345876701361,4.76379518683835,4.58034351145038,4.44444444444444,4.25,4.00320256204964,3.87820512820513,3.84763370527126,3.84630178083772,3.84615384615384,3.80915736821854,3.84626479645552,3.95242807662402,4.41826215022091,4.392385130421,4.1218909849942,4.01696069994263,3.76569037656904,3.5778175313059,3.5483870967742,3.69393139841688,3.63454484828276,3.63648760390685,3.69708255547178,3.86100386100386,4.46841294298922,4.44444444444444,4.20580400953315,4.04040404040404,3.70507595405706,3.63768643142961,3.61879624279143,3.69393139841688,3.63636363636364,3.64050056882821,3.74866167023554,3.77358490566038,4.26666666666666,4.00801603206413,4
60,"Wisconsin",20,5,4.76417341591234,5.00250125062531,5.55864369093941,5.11713207998879,5.00125031257814,4.77356951823557,4.66977985323549,4.50746268656717,4.53731343283582,4.76303881876637,4.76417341591234,4.78018207282914,4.78095238095239,5.10204081632653,5.54089709762533,5.05025252525252,4.96253809754954,4.5475216007276,4.58124578695185,4.44444444444444,4.5475216007276,4.54545454545454,4.50159534895502,4.44444444444444,4.5475216007276,4.76417341591234,5.40832882639265,5.005005005005,4.83870967741935,4.5475216007276,4.16840350145894,4.16840350145894,4.00641025641025,4.16666666666666,4.14878397711016,4.00320256204964,4.11240575736807,4.30828147438966,5.14775977121068,4.56431535269709,4.5475216007276,4.0016006402561,3.84911470361817,3.798429982274,3.9012176395354,4.0016006402561,3.90930414386239,4.00320256204964,4.00320256204964,4.08673894912427,4.76190476190477,4.03238411197047,3.84831237942206,3.71747211895911,3.58521814361636,3.74531835205992,3.80757330560703,3.80853938356425,3.76257201935238,3.7721324095458,3.70644922164566,3.80753138075314,4.15711702101061,3.8955178643693,3.75469336670838
31,"Minnesota",21,5.26592943654555,5.11633762717611,5.51750201996508,6.04432505036937,5.71428571428572,5.41027953110911,5.3674832962138,5.005005005005,4.87804878048781,4.76190476190477,4.84429065743944,4.76417341591234,4.88608633155844,5,5.04762619065476,5.69811320754717,5.17687661777394,4.88226771902948,4.63215258855586,4.49609781323823,4.35161009573543,4.36681222707423,4.34782608695652,4.46647312788447,4.36681222707423,4.54545454545454,4.4782804401403,5.26592943654555,5.06329113924051,4.76417341591234,4.36170212765957,4.13930897153005,3.93712510391929,3.78909782497226,3.84790390504379,3.85882277920895,3.84911470361817,3.95440526018405,4.2571306939123,4.95247623811906,4.54450718102239,4.16,3.64194139194139,3.41102899374645,3.4494653328734,3.47905282331512,3.46020761245674,3.45065562456867,3.45065562456867,3.45065562456867,3.57398141529665,4.0265028574732,3.69942196531792,3.33425952682901,3.22684737011939,3.16834572110482,3.27868852459017,3.29032258064517,3.34807327858496,3.33444481493831,3.36666666666666,3.33889816360601,3.34346504559271,3.84763370527126,3.50877192982456,3.24301559930114
10,"Colorado",22,4.16840350145894,4.0016006402561,4.01606425702812,4.52173913043479,4.5,4.28147520135651,4.1782729805014,3.92156862745098,3.70644922164566,3.75,3.84615384615384,3.84615384615384,3.87672044028843,3.81132075471698,3.955104222341,4.42857142857143,4.0008,3.84615384615384,3.54733566051226,3.43705203086912,3.36666666666666,3.33301110896295,3.33960246210053,3.34448160535117,3.23747781605596,3.22654249660407,3.34075723830735,3.75700934579439,3.50877192982456,3.39811342197978,3.2258064516129,3.05050505050505,3.04259634888439,3.0309919095001,3.03336703741153,3.07692307692308,2.94140140128363,2.94985250737463,2.92682926829269,3.17073170731708,2.97223542523725,2.80410379575001,2.86123032904149,2.70324324324325,2.71783174994365,2.75229357798165,2.85234899328859,2.84395663649005,2.78551532033426,2.66666666666666,2.73972602739726,2.92701000370508,2.85918513223731,2.86532951289399,2.67379679144385,2.80112044817927,2.8169014084507,2.9126213592233,2.98596595998806,2.88571428571428,2.85795941697627,2.77932184546971,2.67379679144385,2.86123032904149,2.93203883495146,2.78887517691927
4,"Alabama",23,5.15119947323421,5.04740052422285,5,5.51131380204643,5.29100529100529,5.05063259495301,5.0000500005,4.87804878048781,4.77651314983335,4.54355981659025,4.44642063139173,4.54545454545454,4.59014053579271,4.78468899521531,4.81481481481482,5.005005005005,4.70742462161841,4.16400425985091,4.22484783387039,4.01606425702812,4.0016006402561,4.01606425702812,4.08673894912427,4,4.17014178482068,4.11522633744856,4.17014178482068,4.76190476190477,4.44444444444444,4.44642063139173,4.00320256204964,4.0016006402561,4.1095890410959,3.8823176152655,4.00320256204964,3.94265232974911,3.94736842105263,4.0016006402561,4.26951300867244,4.76644423260247,4.54648783814503,4.17014178482068,3.84615384615384,3.71747211895911,3.67243914546085,3.59168241965974,3.63636363636364,3.70644922164566,3.72593148287071,3.87886160024714,3.8943515655199,4.40454880731857,4.17014178482068,4.00320256204964,3.70900797409613,3.70644922164566,3.6144578313253,3.51725250637024,3.57398141529665,3.68980612883052,3.584229390681,3.64077703416404,3.57149234921655,4.16840350145894,3.77706501529641,3.45065562456867
51,"South Carolina",24,4.98382879702983,4.82529118136439,5,5.19098896682419,5.03109498648273,4.89854731517967,4.76474091721263,4.76190476190477,4.34971726837755,4.4543429844098,4.5475216007276,4.44893832153691,4.50842308754488,4.54959053685169,4.76417341591234,6.25260525218842,4.76190476190477,4.49971878515186,4.35406698564593,4.30851063829787,4.08673894912427,4.16840350145894,4.15525114155251,4.30314707771355,4.13338990584717,4.08163265306123,4.35161009573543,4.99577524292353,4.54545454545454,4.2016806722689,4.13793103448276,3.88349514563107,3.92322967627489,3.75469336670838,3.70644922164566,3.70644922164566,3.67309458218549,3.84615384615384,3.7721324095458,4.26736668725551,4.07213496218732,3.71520455056721,3.63636363636364,3.4453781512605,3.36134453781513,3.36134453781513,3.33750527939404,3.30531521364306,3.33889816360601,3.34448160535117,3.29833082044645,3.52941176470588,3.44311918315713,3.2258064516129,3.17712470214456,3.19638493695351,3.125,3.03122158229766,2.95384615384615,3.03030303030303,3.03049589008813,3.0426516779633,3.11804008908686,3.13479623824452,3.05697611843144,2.94290759270159
25,"Louisiana",25,4.54545454545454,4.26962321975843,4.35634958590482,4.9998354721948,4.92206726825266,4.76417341591234,4.48582375478927,4.35283854069068,4.14171298786684,4.000400080016,4.23191541183718,4.28807166430928,4.07999999999999,4.13318570072762,4.36174469787916,4.76644423260247,4.34782608695652,4.1095890410959,3.92257742257742,4.05113736973262,3.84911470361817,3.85766080763368,3.94605882592194,3.75587185600023,3.89927146024707,4,3.94230769230769,4.03853278992219,4.16840422574367,3.85226819518258,3.79681888147768,3.69753706961548,3.70370370370371,3.6697247706422,3.83803359531515,3.84615384615384,3.66922433543038,3.84615384615384,4.13793103448276,4.31654676258992,4.13793103448276,4.08163265306123,3.95108534046982,3.57270453733476,3.51724137931034,3.45065562456867,3.57142857142857,3.50877192982456,3.57142857142857,3.70370370370371,3.86598580146967,4.21039610958749,4.04040404040404,3.63967242948134,3.57398141529665,3.51175851175851,3.50877192982456,3.47263095938788,3.37625806492755,3.57142857142857,3.52492689708068,3.4243228890069,3.52002981695702,3.97727272727273,3.50938771991404,3.40238197381055
24,"Kentucky",26,4.08673894912427,3.92313851080864,4.16840350145894,4.54959053685169,4.35406698564593,4.18901057857786,4.00801603206413,3.84911470361817,3.84714029238267,3.78174629139754,3.82746847964821,3.84911470361817,3.84911470361817,3.84596893420004,3.96396396396397,4.34782608695652,4.0016006402561,3.84911470361817,3.57398141529665,3.63129922410426,3.47827599257007,3.51185250219491,3.63306152705708,3.61881785283474,3.57398141529665,3.59712230215827,3.94646248812915,4,4,3.84911470361817,3.70644922164566,3.56096862600728,3.57533590280806,3.57142857142857,3.51724137931034,3.66281310211946,3.63636363636364,3.70507595405706,3.84911470361817,4.84165380652502,4.08901493228383,3.84615384615384,3.40986587860878,3.36134453781513,3.29218106995884,3.29390681003585,3.24909747292419,3.36134453781513,3.40909090909091,3.43347639484979,3.51537744641193,3.74759368984224,3.5483870967742,3.33555703802535,3.22606663926023,3.23624595469255,3.14285714285715,3.20424885763178,3.13725490196078,3.26884589726484,3.14285714285715,3.33333333333333,3.36176470588235,3.63597399814273,3.36400560224089,3.22684737011939
46,"Oregon",27,5.00244166866664,4.92192211458266,5.0125313283208,5.40540540540541,5.40832882639265,5.23513656607182,5.29100529100529,5.00125031257814,4.80403092426632,4.81704596162428,4.76644423260247,4.76417341591234,4.76190476190477,4.80952380952381,4.96111611390242,5,4.85714285714286,4.8659082135477,4.87804878048781,4.55847255369929,4.47997634241046,4.48430493273543,4.26439232409381,4.34782608695652,4.21455938697318,4.12371134020618,4.04624277456648,4.37727383962803,4.16840350145894,3.84862091084028,3.8918918918919,3.70507595405706,3.73563218390804,3.63636363636364,3.57270453733476,3.55765109301329,3.59804701226166,3.4494653328734,3.4494653328734,3.57206644043579,3.63636363636364,3.5778175313059,3.3687265917603,3.33333333333333,3.26164874551972,3.22602990179762,3.22684737011939,3.27868852459017,3.19634703196348,3.25657129565015,3.33333333333333,3.5733429763157,3.33333333333333,3.33500092648183,3.29414068480046,3.33555703802535,3.12695434646654,3.33356114076321,3.28407224958949,3.28154942650644,3.22788896061975,3.23624595469255,3.33444481493831,3.70370370370371,3.38400127072701,3.46020761245674
45,"Oklahoma",28,3.78862008799541,3.77777777777778,3.57142857142857,4.11996040852407,4.12844036697247,4.34782608695652,3.76399754328049,3.71747211895911,3.54295837023915,3.44827586206896,3.63431503065767,3.63180257670693,3.70576258785136,3.63454484828276,3.87096774193548,4.35729847494554,3.81640672257522,3.70370370370371,3.50877192982456,3.46020761245674,3.42007434944238,3.36275805528267,3.33977875213267,3.33333333333333,3.33333333333333,3.33333333333333,3.40909090909091,3.57398141529665,3.52941176470588,3.44827586206896,3.33333333333333,3.15792797818925,3.36134453781513,3.22841000807103,3.33333333333333,3.33611342785655,3.41103009618368,3.46907993966817,3.41396998141056,4.00192133223301,3.62928458960798,3.50877192982456,3.33555703802535,3.2258064516129,3.33889816360601,3.19298245614035,3.12695434646654,3.07692307692308,3.14285714285715,3.2258064516129,3.19489633173844,3.43434343434343,3.33333333333333,3.04270950953665,3.22788896061975,3.12472586677968,3.12695434646654,3.06441525953721,3.01003344481605,3.06441525953721,3.125,3.13725490196078,3.07692307692308,3.33904486387682,3.2258064516129,3.1243945274658
11,"Connecticut",29,4.44642063139173,4.4124136856861,4.36681222707423,4.85281385281385,4.9510929353805,4.95679854479308,4.41273812786185,4.14722654224987,4.00801603206413,4.16840350145894,4.14399330263708,4.36681222707423,4.40095693779904,4.41501103752759,4.50680828273622,5,4.62639109697933,4.4449383813687,4.14003889969436,4.09836065573771,4.08653846153846,4.08329930583912,4.15964601769911,4.18848167539267,4.17014178482068,4.1681139485622,4.35161009573543,4.84429065743944,4.60526315789473,4.34971726837755,4.13935889198258,3.84911470361817,3.84763370527126,3.77500943752359,3.85170919595571,3.86100386100386,3.92581361729135,4.00320256204964,4.1095890410959,4.76417341591234,4.45859872611465,4.37567308329752,3.97494014201953,3.84689363339104,3.77500943752359,3.70644922164566,3.84763370527126,3.84763370527126,3.84689363339104,3.92156862745098,4.00320256204964,4.76417341591234,4.16663472221157,4.51445274439753,4.00320256204964,3.77358490566038,3.75,3.71747211895911,3.80753138075314,3.84763370527126,3.84911470361817,3.84911470361817,3.88826557812736,4.41306266548985,4.05651493848903,4.00293550384003
19,"Iowa",30,4.08673894912427,4,4.13318570072762,4.35161009573543,4.58015267175572,3.84763370527126,3.84911470361817,3.84615384615384,3.6979969183359,3.70644922164566,3.77777777777778,4,4.01302593877243,3.94256833605034,4.04,4.40914409144091,4.00320256204964,3.84615384615384,3.57142857142857,3.49309751240423,3.44827586206896,3.5733429763157,3.63636363636364,3.55120970505586,3.60462731090339,3.70370370370371,3.61736349014512,4.04040404040404,4.07923263386107,3.68980612883052,3.63801728058208,3.4965034965035,3.44851369059935,3.58905338716914,3.6144578313253,3.70644922164566,3.70644922164566,3.70644922164566,4.00320256204964,4.34782608695652,4,4,3.45423143350605,3.57142857142857,3.4453781512605,3.57398141529665,3.53356890459364,3.55029585798816,3.60722891566265,3.51724137931034,3.67376866749768,4,3.68949482139083,3.45065562456867,3.3028276267019,3.08404192584983,3.22841000807103,3.08370044052864,3.22788896061975,3.33333333333333,3.2737672109275,3.23192256397433,3.34821845630687,3.77421385977258,3.36400560224089,3.22788896061975
34,"Mississippi",31,5.21739130434783,5.19902861366276,5.00250125062531,5.2645436656412,5.09410461183719,5.04298561151079,5.00250125062531,4.86501248439451,4.65116279069767,4.69565217391304,4.76417341591234,4.68583599574015,4.76417341591234,5,5.00375281461096,5.23809523809524,5.00250125062531,4.35161009573543,4.54545454545454,4.17014178482068,4.40191387559809,4.15853118196952,4.26212161465607,4.1025641025641,4.14410876415421,4.3010752688172,4.8182224467589,5.31916565805813,5.18457814312371,5.00140754103633,4.40095693779904,4.64447184545829,4.50704225352113,4.41112252761366,4.20091324200913,4.35161009573543,4.28239956503906,4.36681222707423,4.56725303562228,5.26315789473685,4.78589420654912,4.57961171610504,4.21571342842635,4.0016006402561,3.84615384615384,3.76146788990825,3.70370370370371,3.70644922164566,4.01146131805158,4.17014178482068,4.34971726837755,4.96314013887153,4.5662100456621,4.26432385625631,4.1095890410959,4.13131940133802,3.6697247706422,3.78781986466517,3.77892325315006,4.00667779632721,3.88594228900351,3.84911470361817,3.8734667527437,4.46769790718835,4.25531914893616,3.6697247706422
6,"Arkansas",32,5.08379888268157,4.80961923847696,5.38045960139609,5.55864369093941,5.69620253164557,6.10615312353218,5.12952038984355,4.87288682410634,4.6337313726692,4.72377902321858,4.54545454545454,4.61538461538461,4.34971726837755,4.64919695688927,4.57675474144918,4.95867768595041,4.36197351280938,4.13318570072762,4.01002506265664,3.90522158841597,3.88800763289842,3.86100386100386,3.87182910547397,4.00320256204964,4.01606425702812,3.85989992852037,4.01606425702812,4.41767068273092,4.47761194029851,4.29787234042553,3.9776421093534,4,3.70644922164566,3.98689956331878,3.93675379154566,4.00320256204964,4.16586804890041,4.16840350145894,4.24621212121212,4.96632996632996,4.49438202247191,4.32456112901711,3.90889911437857,3.77285865760309,3.8942479456949,3.77405963014216,3.6354542423232,3.62953692115144,3.75234668335419,3.94337714863499,3.85542168674698,4.41501103752759,4.04040404040404,3.84911470361817,3.70370370370371,3.5778175313059,3.51048352588789,3.64963503649635,3.62245939404544,3.57142857142857,3.8204833141542,3.7721324095458,3.92405063291139,4.64156781846312,3.97379912663756,3.63636363636364
23,"Kansas",33,4.21232346172336,4,4.04795500145649,4.71877979027645,4.40683929074022,4.28877769835597,4.16667534725839,3.75289189998693,3.58526793841201,3.58620689655172,3.74531835205992,3.7570459314745,3.70576258785136,3.84911470361817,4,4.35129453300187,4.11334638023639,3.77777777777778,3.70644922164566,3.50250178699071,3.58102346099345,3.70507595405706,3.7074074074074,3.75469336670838,3.70438970179663,3.88888888888889,4.17014178482068,4.34782608695652,4.15929203539823,3.84615384615384,3.84615384615384,3.57398141529665,3.47490347490348,3.70370370370371,3.63636363636364,3.6144578313253,3.57142857142857,3.93098948645602,3.87096774193548,4.5475216007276,4.4,4.00320256204964,3.6332481186624,3.5483870967742,3.38709677419354,3.42857142857143,3.48128807658834,3.47490347490348,3.44827586206896,3.47490347490348,3.57398141529665,4.24856151544541,3.79245283018868,3.53162317558602,3.43171404283552,3.125,3.27350860532858,3.21100917431193,3.24193548387097,3.34346504559271,3.34969323754134,3.47463516330785,3.26884589726484,3.81437672092152,3.5733429763157,3.39684958025984
55,"Utah",34,4.77707006369427,4.76190476190477,4.81231953801733,5.39165818921669,5.10204081632653,4.92063492063493,4.95297648824412,4.69907742630332,4.5475216007276,4.44444444444444,4.59090909090909,4.65116279069767,4.44642063139173,4.29419826404751,4.76341695776437,4.76644423260247,4.61538461538461,4.04040404040404,4.16666666666666,3.96643783371472,3.84763370527126,3.63768643142961,3.70644922164566,3.63879562143422,3.54638209266008,3.51741465950442,3.57398141529665,3.57398141529665,3.77500943752359,3.24324324324324,3.22788896061975,3.09171213302156,3.09090909090909,2.9857430934438,3.03122158229766,2.94290759270159,2.98507462686567,2.94819132528527,3,3.10077519379846,2.81136360263013,2.82156753752084,2.77854959711031,2.70343336036767,2.68486411235641,2.66666666666666,2.79030189703884,2.87811195855519,2.77932184546971,2.66852109411219,2.66666666666666,2.67734127722957,2.62270513300862,2.66666666666666,2.63227165043433,2.75842853162441,2.85714285714286,2.77854959711031,2.85877644368211,2.94117647058824,2.7842233373471,2.78115841314923,2.7545251673692,3.09471709909347,3.12597686777117,2.86532951289399
42,"Nevada",35,5.8303886925795,5.67018442165429,5.68369752877908,6.06060606060606,5.77889447236181,5.88581518540318,5.98802395209581,5.48780487804879,5.55864369093941,5.21739130434783,5.17330574236937,5.00250125062531,5.10204081632653,5.00112525630907,5.009993061812,5.22948938611589,5.02858636348786,5.00036509586437,4.95641685832779,5,4.88883911071288,4.65116279069767,4.76214285714286,4.54803918749836,4.2571306939123,4.44444444444444,4.35179946908046,4.8,4.76190476190477,5.00459136822773,4.63930596142256,4.62699077954736,4.44029541116919,3.8465811965812,3.80249986759176,3.77777777777778,3.6697247706422,3.93700787401575,4.00320256204964,4.29400719714081,4.18564626831832,3.9893426317401,3.584229390681,3.47242659080505,3.3693828102234,3.16163883763645,3.26164874551972,3.16333118140736,3.06122448979592,3.11804008908686,3.03122158229766,3.31698456099787,3.24324324324324,3.03636363636364,3.12548843388559,3.1613468450461,3.003003003003,2.9126213592233,2.94117647058824,2.88433241273147,2.83149109738241,2.74,2.85714285714286,2.95734309102249,2.94672717454625,2.88823019086177
41,"New Mexico",36,4.57286432160804,4.42392263709275,4.3722741560637,4.5662100456621,4.56571371848322,4.52261306532663,4.41634086012926,4.35406698564593,4.12079070122987,4.07735144312394,4.28790199081164,4.3010752688172,4.34782608695652,4.28571428571428,4.44444444444444,4.76190476190477,4.40588235294118,4.34782608695652,4.18410041841004,4.13864471696542,4.13885180240321,4.14096216855992,4,4.00667824300136,4.04040404040404,4.0016006402561,4.08673894912427,4.64121018347407,4.6330445303048,4.3691984632639,4.04858299595142,4,3.84615384615384,3.84911470361817,3.7892962036332,3.76107222567861,3.76891139305742,4.07999999999999,3.9743931715124,4.76190476190477,4.1674538644994,3.84615384615384,3.57398141529665,3.48837209302325,3.40777488873646,3.59948586118252,3.67892976588629,3.7244077012706,3.70438982888038,3.66636421682293,3.80116959064327,4.18093909809391,3.84911470361817,3.57142857142857,3.38553733737301,3.33333333333333,3.4,3.30110036678893,3.44827586206896,3.27528896275591,3.38289962825279,3.18906605922551,3.45006047872103,4.00560929705688,3.62903225806451,3.53461738677772
61,"West Virginia",37,5.88754834652962,5.88235294117647,6.13496932515337,6.27928772258669,6.11179525070296,6.27945032629483,5.64689063616869,5.80751952450065,5.40540540540541,5.25129524057121,5.54745707806932,5.55864369093941,5.26592943654555,5.46227077082884,5.54925551435546,6.09756917481032,5.29100529100529,5.58113902914024,5.56483716580397,5.12820512820513,5.07936507936508,5.01127568420048,5.00250125062531,5.00303761602031,5.17241379310345,5.0251256281407,5.26592943654555,5.55864369093941,5.58659217877095,5.26939806272743,4.92063492063493,5,4.76247179033557,5.0251256281407,5.00375312781516,5.19593594341278,5.18248175182482,5.21008807191219,5.10294919154605,5.26870389884089,5.005005005005,5,4.62369651726842,4.62637260375954,4.70361697689524,4.81077694235589,4.5489006823351,4.65047839358309,4.78211848797446,4.65224495979742,4.95258166491043,5.00125062531266,5.18999518999519,5,4.84995497730489,4.57286432160804,4.58625796642482,4.5475216007276,4.65840707266268,4.52201606203268,4.54545454545454,4.83870967741935,4.5794598063552,5.42978036598399,5.13611225056419,4.93662441627751
38,"Nebraska",38,3.92313851080864,3.77358546517352,3.57142857142857,4.4,4.04246631278072,3.70507595405706,3.70370370370371,3.52941176470588,3.37692509284596,3.30489192263936,3.38289962825279,3.55850422195416,3.5402883749232,3.70507595405706,3.77880420836541,4.17014178482068,3.57142857142857,3.50030032315315,3.2397445989679,3.125,3.12548843388559,3.05808080808081,3.18906605922551,3.1501520394254,3.14285714285715,3.28638497652582,3.3123960664489,3.50877192982456,3.59158542842484,3.29032258064517,3.33333333333333,3.1501520394254,3.12695434646654,3.2258064516129,3.2258064516129,3.3005452164767,3.2258064516129,3.2610139551316,3.33555703802535,3.75469336670838,3.33555703802535,3.33555703802535,2.98507462686567,3.03030303030303,3.10748102250477,2.94731205327001,2.87769784172662,3.07692307692308,3.10197751066305,3.07692307692308,3.2258064516129,3.51724137931034,3.125,3.03951367781155,2.7605147862128,2.78164116828929,3,3.06122448979592,3.05555555555556,3.00198853096473,2.98953662182362,3.04143702796489,3.06499580333067,3.23563589412524,3.2258064516129,3.16553888084047
20,"Idaho",39,5.56173526140156,5.27287437686108,5.71428571428572,5.72246065808297,5.88581518540318,5.88581518540318,5.87301587301587,5.05305838976213,5.00277932184547,5.09339328951919,5.31746920492721,5.21739130434783,5.40613606307037,5.02124372344535,5.09690358374569,5.08474576271186,5.06072874493927,5.15365685303562,4.95740427465641,4.47761194029851,4.40588235294118,4.18410041841004,4.34782608695652,4.25341877418227,4.3691984632639,4,4.00363967242948,4.78325859491778,4.28550207961972,4.00534045393859,3.50877192982456,3.65340299801502,3.51133790440149,3.67417677642981,3.57398141529665,3.44827586206896,3.40549537795912,3.38254141486324,3.49672489082969,3.76884422110553,3.59067584641964,3.09278350515464,3.22788896061975,3.00774494322882,3.099173553719,3.10077519379846,3.12695434646654,3.19270654559449,3.17460317460317,3.06441525953721,3.06209829978733,3.04679292511726,3.33555703802535,3.22684737011939,2.91403593977659,2.95033608975289,2.79635258358663,2.88488186328092,2.9251241988111,2.94204177699323,2.85795941697627,2.85877644368211,2.80898876404494,2.98139768849476,2.85877644368211,2.63296471827278
18,"Hawaii",40,5.67612687813022,4.90087685855891,4.54545454545454,5.47368421052632,5.26870389884089,5.26385059780275,4.80952380952381,4.77793919269482,4.88046800672051,4.77604202668141,4.63181759295246,4.35729847494554,4.47291526185659,4.76190476190477,4.49560249409526,5.13083632632119,5,4.76281196418365,4.23782674355551,4.78223594153774,4.77516987671587,4.68497576736672,4.11522633744856,4.27505330490405,4.45152158527954,4.77326968973747,4.79246985481093,4.65116279069767,4.78468899521531,4.56133179216825,4.33811802232855,4.35445428534048,4.52173913043479,4.27174190722966,4.15253886010363,4.10439679445528,4.12775015502565,4.00951470820272,3.64745011086475,4.35161009573543,4.00014669824171,3.90371017555267,3.63636363636364,4,3.89972144846796,3.7008503110198,3.64285714285715,3.63636363636364,3.87494637494638,3.85270819952901,3.98463754200672,3.88461538461539,3.79572118702554,3.8678451120298,3.84969104164866,3.57270453733476,3.84615384615384,3.57142857142857,3.60113421550095,3.83690457838755,3.7721324095458,3.70370370370371,3.69809201109573,3.68182808452954,3.88979952086748,3.58851674641149
28,"Maine",41,5.58659217877095,5.2923076923077,5.40540540540541,5.91715976331361,6.25,5.36842105263158,5.0125313283208,5.19031141868512,4.84429065743944,5.00250125062531,5.21978835941213,5.13970334598137,5.36585365853659,5.26324099854208,5.29100529100529,5.71510227411914,5.26592943654555,5.0251256281407,5.00250125062531,4.83162518301611,4.68227424749164,4.88006617038875,4.91421924978192,4.9049049049049,4.85714285714286,5.005005005005,4.97806028867465,5.31914893617022,5.26315789473685,5.01506531657285,5.0761421319797,4.54545454545454,4.40917450455109,4.44444444444444,4.78468899521531,4.69283361862718,4.57286432160804,4.49564519898188,4.77915452134025,5.50305725403002,5.00250125062531,4.80952380952381,4.78282068808385,4.36172341276936,4.34782608695652,4.44444444444444,4.41176470588235,4.45859872611465,4.50204638472033,4.54545454545454,4.94484594903005,5.26592943654555,4.88721804511278,5.7672958932663,4.93345543345544,4.66030989272944,4.34831763590666,4.28693912546442,4.37498884821076,4.26439232409381,4.35161009573543,4.56234129968069,4.30851063829787,5.00166722240747,4.77695988222304,4.72368995412888
39,"New Hampshire",42,5.28722492140612,5.26440473108288,5.23809523809524,5.5984555984556,6.06428138265616,5.71755288736421,5.42929292929293,5.17330589620678,5.00025182573659,4.78824828900632,5.00125031257814,4.95022904237816,5.14138817480719,5,5.36672629695886,5.45652964714441,5.35424553812872,5.25923162998881,5.00250125062531,4.76474091721263,4.54417290726556,4.80952380952381,4.62184873949579,5.0032683815677,4.81857492009776,4.76795979515656,5.26454330086865,5.34979423868313,5.26870389884089,5.36528587386068,5.05178107502514,4.35406698564593,4.11156051091204,4.05198312236287,4.51825097710776,4.25531914893616,4.16945510278307,4.22594142259414,4.33440687063875,5.00250125062531,4.85272371887482,4.57949018950193,4.15762557077625,3.97379912663756,3.68034055727554,3.71747211895911,3.84763370527126,3.82081686429513,3.82765916522408,3.97379912663756,4.16840350145894,4.58715596330275,4.36681222707423,4.17536534446764,4.01606425702812,3.84763370527126,3.58620689655172,3.82765531062125,3.84860798472048,3.84763370527126,3.84763370527126,3.70370370370371,3.84812730805577,4.44592647484234,4.30622009569378,3.80343761333138
50,"Rhode Island",43,5.5581288110125,5.3900038518899,5.2654673507754,5.35905680600214,5.33333333333333,5.77777777777778,5.26592943654555,5.00250125062531,4.95794937464603,4.76303881876637,4.99972228173328,5.03145450172778,5.00250125062531,5.0251256281407,5.40540540540541,5.45454545454546,5.55864369093941,5.15463917525774,4.77326968973747,4.94117647058824,4.8864234438961,4.76417341591234,4.69626027687817,5,4.53287197231834,4.65551633093811,4.38106045595644,5.26592943654555,4.90196078431373,4.65224495979742,4.43478260869565,4.1970802919708,4.34877147205914,4.33249370277078,4.25729212998016,4.34971726837755,4.44642063139173,4.24778761061947,4.276186739898,4.54855606878964,5.00075106915737,4.5475216007276,4.28633689924174,4.16840350145894,4.12250992388652,3.84763370527126,4.01606425702812,4.02666666666667,3.92876296616044,4.1675350840628,4.10466906105695,4.36893203883495,3.86032649190544,4.21069427700163,4.13586838464383,4.00801603206413,3.91609157629532,4.0016006402561,3.85356454720617,3.8560411311054,3.84763370527126,3.97379912663756,3.70644922164566,4.24242424242425,4.0016006402561,4.36681222707423
35,"Montana",44,5.79527616544373,5.57103064066853,6.04229607250756,6.2720511402053,5.71428571428572,5.9748427672956,5.58659217877095,5.55555555555556,5.49090909090909,4.77137252372406,4.91183879093199,4.81849842609336,4.90196078431373,5.15605856954241,5.05555555555556,5.26870389884089,5.26315789473685,4.98099619923985,5.36048591754379,5.0087681666629,4.66511370145915,5.00062507813477,5.00062515628907,4.65116279069767,4.55580865603644,4.8,5.06596311711517,4.51991828396323,5.00250125062531,4.80771939089869,4.68227424749164,4.01606425702812,3.8942479456949,4.06060606060606,3.89705483538537,4,4.11339633129516,3.61766767936434,3.80761523046093,4.67222884386174,3.94267053701016,3.85394874719745,3.75,3.31989247311828,3.46020761245674,3.51724137931034,3.63636363636364,3.84615384615384,3.56388329979879,3.38983050847458,3.64745011086475,3.75863331938049,4.1095890410959,3.57270453733476,4.04040404040404,3.63295027875754,3.62318840579711,3.63636363636364,3.84800384800384,3.65424196787149,3.63321799307958,3.50877192982456,3.50250178699071,4.01696069994263,3.70370370370371,3.33904923724472
13,"Delaware",45,4.38068916638654,4.34782608695652,4.29812480830989,4.87273850531502,4.34971726837755,4.54793583943875,4.32692307692307,4.16988913902474,4.0016006402561,4.03405785347391,4.44642063139173,4.45291956785357,4.54855606878964,4.39599714081487,4.52173913043479,5.05050505050505,4.76190476190477,4.76190476190477,4.56380677721702,4.25531914893616,4.18192135159058,4.34142752023546,4.00106695118698,4.16668402785012,4.21708276996478,4.08163265306123,4.00320256204964,4.41501103752759,4.17014178482068,4.01606425702812,3.45065562456867,3.34168988447859,3.6354542423232,3.80915736821854,3.63454484828276,3.65853658536586,3.6241610738255,3.63601322186626,3.70370370370371,3.92270222404737,3.84738699882696,3.70782401735102,3.47490347490348,3.33333333333333,3.15923162406732,3.48837209302325,3.23529411764706,3.34448160535117,3.24709450265884,3.31821437097159,3.44827586206896,3.70576258785136,3.57270453733476,3.33333333333333,3.19383259911894,3.09978981082975,3.16126450580232,3.03951367781155,3.14434951053305,3.23755617572684,3.121001977204,3.22788896061975,3.08268226957094,3.24675324675324,3.23415569656465,3.355271703832
52,"South Dakota",46,4.0268456375839,3.65461847389559,3.89674480402392,4.27418600299401,4.00320256204964,4.11240575736807,3.72843822843822,3.68980612883052,3.51351351351351,3.68671423717296,3.56926073732191,3.60946745562131,3.57398141529665,3.87897595034911,3.85728420410502,4.18355347717887,3.73493975903615,3.45065562456867,3.35477941176471,3.2371293580971,3.51486792337815,3.50877192982456,3.6354542423232,3.51724137931034,3.61663652802894,3.84763370527126,3.53252900791777,4.16,3.7899066396814,3.77595972309629,3.73654211526282,3.44199822292428,3.61591000401768,3.41772151898734,3.54288550863383,3.3867581545394,3.41392185562589,3.37335620354489,3.62450163102573,3.64781788910062,3.584229390681,3.45006047872103,3.09584214235377,3.08245686690768,3.43911377644511,3.33583523294095,3.23076923076923,3.45543161851271,3.26176224887652,3.33778371161548,3.33555703802535,3.44531968702293,3.68386084448905,3.24038861869175,3.34339613447991,3.16122233930453,3.07692307692308,3.26213641431033,3.10077519379846,3.33500092648183,3.24224177860121,3.21331784746419,3.30403152470445,3.76440581900623,3.29032258064517,3.06441525953721
3,"Alaska",47,3.16033632937083,2.94266018558997,2.85877644368211,3.12249799839872,3.05283224400871,3.125,2.89939112786315,2.78990574642749,2.76726726726727,2.95065440902712,2.86396181384249,2.90259167134719,2.88235393853077,2.80136068149387,2.94638005003811,3.24324324324324,2.82340344105984,3.05188199389623,2.63157894736842,2.80224179343475,2.6928147659855,2.75675675675676,3.03963062716429,2.92861609934781,2.92689891490577,2.6829268292683,2.84431137724551,2.88732394366197,3.1578947368421,2.81224888113083,2.77777777777778,2.38095238095238,2.54980058792482,2.72373540856031,2.58047529259882,2.77932184546971,2.7027027027027,2.66666666666666,2.75977032783848,2.89939112786315,2.74546300604932,2.88640619172935,2.5390668047872,2.38095238095238,2.53164556962026,2.63157894736842,2.55910462067604,2.64001593070145,2.63261818435355,2.40384615384616,2.20052842143924,2.5706940874036,2.57400683751623,2.5974025974026,2.34613521606388,2.37209302325582,2.3296447291788,2.3998313381875,2.53228665484933,2.63296471827278,2.55319148936171,2.50125062531266,2.3351669752698,2.63539703893748,2.38123589516778,2.26336038789923
37,"North Dakota",48,3.57398141529665,3.43561363230153,3.31374179054544,3.84615384615384,3.33555703802535,3.04334307293677,3.22684737011939,3.13708710570921,2.9218407596786,2.92072322670376,3.20706870921939,3.5438215129556,3.12695434646654,3.1945788964182,3.07692307692308,3.22841000807103,3.03698289319256,3.17742165354314,3.12825860271115,2.70200051961549,3.07869968205217,3.4,3.53356890459364,3.399183685719,3.73601321329704,3.1502767134951,3.39325324485717,3.2258064516129,3.16892749328058,4.00320256204964,4.13461538461538,3.47490347490348,3.09644330078607,3.14189882948868,3.45923933495141,3.65874199137688,3.39097999321804,3.22684737011939,3.24952859836581,3.69747899159664,3.33555703802535,3.48965283656403,3.30164535610157,2.85877644368211,3.12548843388559,2.67857142857143,2.94290759270159,2.98507462686567,3.47809735027955,3.19091400757167,2.91086520797309,2.75152862701501,3.07328605200946,3.22788896061975,3.03951367781155,2.84641963541046,2.87356321839081,3.10744382022472,3.03122158229766,3.25985663082438,3.22684737011939,3.2000423605077,3.21509143819662,3.06517909571345,3.12989045383412,3.22788896061975
58,"Vermont",49,5.71428571428572,5.45125862301026,6.02547674346174,6.66666666666667,5.69620253164557,5.26592943654555,5.24581784386617,5.58299566020093,4.78696741854636,5.30314712984193,5.58659217877095,5.6,5.40540540540541,5.6657223796034,5.58659217877095,6.06060606060606,6.13266583229036,5.45609291132053,5.23190389294404,4.71700809909481,5.17241379310345,5.23809523809524,5.52850165248165,5.26592943654555,5.29100529100529,5.19031141868512,4.82676224611708,5.88235294117647,5.61690140845071,5.2321778940484,5.07354501096104,5.09915014164306,4.45647085526222,5.0125313283208,5.0125313283208,5.08860759493671,5.0251256281407,5.09139248919907,5.22127810231899,5.60229313441083,5.55864369093941,5.79880183580436,4.77326968973747,4.78916989443305,4.65116279069767,4.52667870094811,4.79758653540807,4.76514635806671,4.7968253968254,4.78582820688084,5.03054842558114,5.71428571428572,5.37153708487533,5.51311170761925,5,4.94438332722161,4.54545454545454,4.68227424749164,4.74119182253153,4.63603090687271,4.87804878048781,4.98127340823971,5.22875816993464,5.59941853836507,5.41529776714733,4.76190476190477
12,"District of Columbia",50,5.43382125030729,4.62448377581121,4.96998999666556,4.76795979515656,5.26371196968102,4.16666666666666,4.00320256204964,3.4371982412445,3.73831775700935,3.85542168674698,3.85821277387542,4.00240160115287,3.96659707724426,4.25531914893616,4.12250992388652,4.05813341871155,4.32281391301239,3.97160323983608,3.8916652167469,3.69717071209609,3.85542168674698,3.80564263322884,3.6734547989027,3.76736451583555,3.71188940741053,3.44827586206896,3.91764428543694,3.67036430866218,4.000400080016,4.09297625063163,3.70370370370371,4.01248646370067,4.016,4.16710078488574,4.00071692847358,3.4354881974249,3.86767349874146,3.63636363636364,3.98079615923185,3.62427152217894,3.41880652748479,3.4487515519382,3.38745608453159,3.47658217223435,3.57206655438166,3.38144433340859,3.63572184962937,3.69596415837639,3.75939849624061,3.69393139841688,3.51571100252998,3.50938761186173,3.84617603563098,3.78187462936477,3.62450351719089,3.84615384615384,3.33704115684094,3.68647040214927,3.54005358762843,3.50877192982456,3.45065562456867,3.40404647493344,3.53308802074891,3.65482233502538,3.4833579275291,3.63636363636364
62,"Wyoming",51,5.33727810650888,4.54450718102239,4.83162518301611,5.00062507813477,4.69767441860465,5.05203754643678,4.54545454545454,4.78095238095239,4.44509988087602,4.18882440275341,4.30828147438966,4.84429065743944,4.91458235754845,4.40195642507781,4.52095181159975,4.68227424749164,4.77469454636127,4.11208736694316,4.0452620621349,3.91427109190861,4.08163265306123,4.00320256204964,3.63636363636364,3.79654439619329,3.84690856872575,3.57398141529665,3.89678778304371,4.40279040827071,4.53731343283582,3.52112676056338,3.47356284856285,3.38983050847458,3.33416689821761,3.49600443180673,3.67327983494489,3.73831775700935,3.67393371928166,3.27956989247312,3.25068713596035,4.09480881456319,3.70370370370371,3.52220520673813,3.66072788183341,3.05808080808081,3.06441525953721,3.11923565487269,3.2315915391334,3.22650032265003,3.3533603788428,3.26530612244897,3.13689446366782,2.91428571428571,3.62419556056924,2.94290759270159,3.25806451612903,3.26658291457287,3.45065562456867,3.14285714285715,3.38327694538424,3.0778701138812,3.22134786117837,3.13479623824452,3.37837837837838,3.29032258064517,3.51384697661856,3.38380603910926
