geocode,lat,lng,price_sqft
"Los Angeles County,CA",34.0522265,-118.2436596,116.7965
"Cook County,IL",41.7376587,-87.697554,102.1927
"Maricopa County,AZ",33.2917968,-112.4291464,66.7996
"San Diego County,CA",32.7157305,-117.1610966,105.3936
"Orange County,CA",33.7174708,-117.8311428,121.3253
"Kings County,NY",40.6781784,-73.9441579,119.4948
"Miami-Dade County,FL",25.7616798,-80.1917902,68.5042
"Dallas County,TX",32.8024682,-96.83509989999999,
"Queens County,NY",40.7282239,-73.7948516,115.5749
"Riverside County,CA",33.9532966,-117.3961192,71.8406
"San Bernardino County,CA",34.9592083,-116.419389,70.045
"Clark County,NV",36.0795613,-115.094045,74.7545
"King County,WA",47.5480339,-121.9836029,97.4232
"Wayne County,MI",42.2790746,-83.33618799999999,84.1233
"Tarrant County,TX",32.7732044,-97.35165579999999,
"Santa Clara County,CA",37.3336581,-121.8907041,160.6791
"Broward County,FL",26.190096,-80.365865,66.2089
"New York County,NY",40.7830603,-73.9712488,
"Philadelphia County,PA",40.0152766,-75.1311874,56.9081
"Alameda County,CA",37.6016892,-121.7195459,139.4875
"Middlesex County,MA",42.467206,-71.2874209,102.7592
"Suffolk County,NY",40.9848784,-72.61511689999999,91.71
"Sacramento County,CA",38.47467,-121.3541631,81.3472
"Bronx County,NY",40.8370495,-73.86542949999999,93.0546
"Nassau County,NY",40.6546145,-73.55941279999999,
"Palm Beach County,FL",26.6514503,-80.2767327,72.1804
"Cuyahoga County,OH",41.433923,-81.67582,66.0006
"Hillsborough County,FL",27.9903597,-82.3017728,55.5958
"Allegheny County,PA",40.4450813,-80.0087746,54.4597
"Oakland County,MI",42.59219239999999,-83.33618799999999,85.4134
"Franklin County,OH",40.0154745,-82.99316069999999,71.26100000000001
"Hennepin County,MN",45.0208911,-93.5094574,80.0792
"Orange County,FL",28.4844995,-81.2518833,59.1869
"Fairfax County,VA",38.9085472,-77.2405153,116.4591
"Contra Costa County,CA",37.8534093,-121.9017954,121.4737
"Saint Louis County,MO",38.6103023,-90.4125181,71.4253
"Pima County,AZ",32.057499,-111.6660725,68.5486
"Montgomery County,MD",39.1547426,-77.2405153,114.1571
"Honolulu County,HI",21.3069857,-157.8584319,167.8096
"Westchester County,NY",41.1220194,-73.7948516,139.6679
"Milwaukee County,WI",43.03879490000001,-87.9065334,51.5376
"Fresno County,CA",36.9858984,-119.2320784,65.2061
"Shelby County,TN",35.1268552,-89.9253233,51.3213
"Fulton County,GA",33.8033965,-84.3962535,71.5503
"Mecklenburg County,NC",35.2632655,-80.8543847,67.0531
"Erie County,NY",42.9023958,-78.8661589,60.5421
"Du Page County,IL",41.8243831,-88.0900762,92.5094
"Fairfield County,CT",41.2559654,-73.37086959999999,116.41
"Pinellas County,FL",27.876394,-82.7778579,56.0638
"Bergen County,NJ",40.9262762,-74.07701,113.4644
"Wake County,NC",35.8031909,-78.5660852,76.8798
"Hartford County,CT",41.7924343,-72.8042797,79.8106
"Duval County,FL",30.3500511,-81.6035062,53.1984
"Prince Georges County,MD",38.78492110000001,-76.8720961,92.2227
"New Haven County,CT",41.3266911,-72.8042797,79.5237
"Macomb County,MI",42.7168759,-82.82097399999999,80.8034
"Kern County,CA",35.4937274,-118.8596804,62.5396
"Ventura County,CA",34.3704884,-119.1390642,117.2359
"Middlesex County,NJ",40.4111363,-74.35874729999999,85.2746
"Gwinnett County,GA",33.9190653,-84.01674229999999,60.7115
"San Francisco County,CA",37.7749073,-122.4193878,186.9295
"Baltimore County,MD",39.4647665,-76.7336521,80.1451
"Hamilton County,OH",39.2355447,-84.56414699999999,63.7351
"Montgomery County,PA",40.2290075,-75.3878525,80.4736
"Worcester County,MA",42.4096528,-71.8571331,77.98
"Pierce County,WA",47.0675877,-122.1295269,76.3392
"Essex County,NJ",40.7947466,-74.2648829,79.3596
"Collin County,TX",33.1795213,-96.49297969999999,
"Monroe County,NY",43.2841246,-77.7452081,63.7395
"Essex County,MA",42.7051144,-70.90712359999999,91.8112
"Jefferson County,KY",38.1938097,-85.64348700000001,63.1936
"Multnomah County,OR",45.5145659,-122.5863212,86.427
"Suffolk County,MA",42.3522866,-71.0504229,81.931
"Oklahoma County,OK",35.6038323,-97.35165579999999,42.7698
"San Mateo County,CA",37.4337342,-122.4014193,197.1026
"Snohomish County,WA",48.0329979,-121.8339472,99.1538
"Lake County,IL",42.3689363,-87.8271534,99.4331
"Dekalb County,GA",33.7956441,-84.2278796,56.1093
"Cobb County,GA",33.8999297,-84.56414699999999,64.0189
"San Joaquin County,CA",37.9175935,-121.1710389,81.2661
"Will County,IL",41.5054724,-88.0900762,80.3212851405622
"Norfolk County,MA",42.17668,-71.1448516,102.9517
"Denton County,TX",33.1418611,-97.179026,59.2126
"Jefferson County,AL",33.4914122,-86.9824288,43.8991
"Hudson County,NJ",40.7453199,-74.05351259999999,72.175
"Monmouth County,NJ",40.2589455,-74.12399599999999,90.1447
"Davidson County,TN",36.1342563,-86.8220341,57.0279
"Providence County,RI",41.8881582,-71.4774291,78.9958
"Bucks County,PA",40.4107964,-75.2479061,80.704
"El Paso County,CO",38.9108325,-104.4723301,66.9805
"Baltimore City County,MD",39.3994936,-76.60684990000001,59.2479
"Lee County,FL",26.6630286,-81.9534815,59.7636
"Tulsa County,OK",36.1593471,-95.94097099999999,46.7949
"Kent County,MI",43.0097027,-85.52002399999999,48.5745
"Polk County,FL",27.8617347,-81.6911559,45.8217
"District of Columbia County,DC",38.8588633,-76.89885559999999,
"Denver County,CO",39.76161889999999,-104.9622498,76.5643
"Ocean County,NJ",39.9652553,-74.3118212,78.0293
"Arapahoe County,CO",39.62031,-104.332644,91.6041
"Delaware County,PA",39.907793,-75.3878525,71.8051
"Bristol County,MA",41.7938406,-71.1448516,79.3554
"Brevard County,FL",28.263933,-80.7214417,53.3588
"Summit County,OH",41.0918991,-81.5596427,65.5607
"New Castle County,DE",39.5392979,-75.667356,78.6122
"Anne Arundel County,MD",38.9530109,-76.5488232,94.2115
"Union County,NJ",40.6595001,-74.2883536,88.0291
"Montgomery County,OH",39.7620028,-84.3542049,60.2945
"Jefferson County,CO",39.5800298,-105.2662931,89.8712
"Washington County,OR",45.5469616,-123.1386021,92.9205
"Lancaster County,PA",40.0466571,-76.17837390000001,65.8612
"Douglas County,NE",41.3148116,-96.19513200000002,66.2731
"Kane County,IL",41.987884,-88.4016041,
"Stanislaus County,CA",37.5090711,-120.9876321,75.1355
"Camden County,NJ",39.8592439,-75.0143824,57.5578
"Ramsey County,MN",44.9963986,-93.0615978,65.9816
"Passaic County,NJ",41.1231647,-74.35874729999999,88.6813
"Chester County,PA",40.0010204,-75.8069082,81.8945
"Lake County,IN",41.4897279,-87.30161319999999,
"Plymouth County,MA",41.9120406,-70.7168469,83.0527
"Volusia County,FL",29.0279842,-81.0754657,51.7364
"Morris County,NJ",40.8336038,-74.54632819999999,106.804
"Guilford County,NC",36.0899873,-79.8296743,66.122
"Dane County,WI",43.0186073,-89.5497632,
"Sonoma County,CA",38.5779555,-122.9888319,119.7079
"Spokane County,WA",47.65869300000001,-117.4225481,72.1407
"Richmond County,NY",40.5795317,-74.1502007,111.6758
"Onondaga County,NY",43.026819,-76.17837390000001,55.2432
"Pasco County,FL",28.3232418,-82.4319405,44.8157
"Hampden County,MA",42.1172314,-72.6624209,68.0706
"Greenville County,SC",34.9297484,-82.34518899999999,59.0621
"Burlington County,NJ",39.8558488,-74.6868815,74.4975
"Tulare County,CA",36.1341739,-118.8596804,65.1107
"Lucas County,OH",41.6894388,-83.3789389,53.9047
"Adams County,CO",39.8398269,-104.1930918,81.1151
"Virginia Beach City County,VA",36.7302959,-76.0258382,63.6564
"York County,PA",39.9512496,-76.7336521,62.2629
"Jefferson County,LA",29.6498691,-90.11206960000001,
"Knox County,TN",35.9874629,-83.9419784,53.4698
"Polk County,IA",41.6278423,-93.5003454,67.1794
"Genesee County,MI",43.0777289,-83.67739279999999,
"Clark County,WA",45.7466471,-122.5194378,81.8872
"Santa Barbara County,CA",34.4208321,-119.6982057,102.3502
"Seminole County,FL",28.7131688,-81.20781640000001,60.1496
"Washoe County,NV",40.5608387,-119.6035495,90.1275
"Monterey County,CA",36.3136201,-121.3541631,123.4292
"Solano County,CA",38.3104969,-121.9017954,91.4816
"Mobile County,AL",30.6082227,-88.24611829999999,42.1827
"Berks County,PA",40.3451566,-75.9927652,60.7398
"Prince William County,VA",38.7838939,-77.6077865,71.628
"Hillsborough County,NH",42.83347939999999,-71.6673352,68.0081
"Dakota County,MN",44.731554,-93.17796589999999,104.0167
"Waukesha County,WI",43.0072599,-88.32393090000001,
"Richland County,SC",34.0412165,-80.9428911,52.8667
"Pulaski County,AR",34.75386150000001,-92.2236667,48.1492
"Sarasota County,FL",27.1995986,-82.34518899999999,64.296
"Clackamas County,OR",45.2023855,-122.1188945,92.2026
"Pinal County,AZ",32.8162061,-111.2845025,53.0293
"Stark County,OH",40.8684676,-81.2518833,58.0864
"Orange County,NY",41.3911653,-74.3118212,76.7082
"Butler County,OH",39.440463,-84.5222189,64.6027
"Mercer County,NJ",40.3028533,-74.7337069,87.5162
"Westmoreland County,PA",40.2353963,-79.4703885,57.1571
"Saint Charles County,MO",38.7881062,-90.4974359,68.751
"Lane County,OR",43.9610092,-122.6618227,81.8801
"Forsyth County,NC",36.1200003,-80.1875065,54.4635
"Charleston County,SC",32.7956561,-79.7848422,58.0951
"Lehigh County,PA",40.6519679,-75.5742467,63.1917
"Placer County,CA",39.0915751,-120.8039474,94.3601
"Washtenaw County,MI",42.3076493,-83.8473015,90.5844
"Orleans County,LA",30.1126874,-89.8879304,
"Madison County,AL",34.72397309999999,-86.49965460000001,
"Marion County,FL",29.2787765,-82.12783999999999,46.1265
"Anoka County,MN",45.3292832,-93.2197005,85.4414
"Somerset County,NJ",40.5292099,-74.64004320000001,102.8179
"Manatee County,FL",27.4799195,-82.34518899999999,61.9147
"Collier County,FL",26.069985,-81.42789839999999,74.6467
"Luzerne County,PA",41.1404353,-75.9927652,
"Cumberland County,NC",34.9542604,-78.74762079999999,59.641999999999996
"Saint Louis City County,MO",38.6270025,-90.19940419999999,41.6476
"Chesterfield County,VA",37.3673217,-77.6077865,60.5136
"Marion County,OR",44.8446393,-122.5927411,73.1686
"Loudoun County,VA",39.076767,-77.6536125,96.2089
"Rockland County,NY",41.1489458,-73.98300290000002,105.9502
"McHenry County,IL",42.3039993,-88.4016041,88.16901408450701
"Henrico County,VA",37.5059332,-77.3324425,66.6186
"Albany County,NY",42.57567969999999,-73.93598209999999,76.5899
"Lorain County,OH",41.4116881,-82.12783999999999,66.07
"Larimer County,CO",40.6955572,-105.5943388,79.9849
"Northampton County,PA",40.7749283,-75.294569,62.8646
"Escambia County,FL",30.6389408,-87.3413599,46.7261
"Dutchess County,NY",41.7784372,-73.7477857,
"Lake County,FL",28.702847,-81.77870209999999,55.1032
"Fayette County,KY",38.06064780000001,-84.4802606,63.3347
"Winnebago County,IL",42.3121109,-89.1705998,
"Rockingham County,NH",42.9931261,-71.0497768,70.5371
"Boulder County,CO",40.1512114,-105.5005483,90.4371
"Gloucester County,NJ",39.7103023,-75.1078332,67.5302
"Howard County,MD",39.2873463,-76.964306,96.4054
"Douglas County,CO",39.2587106,-104.9388853,86.7808
"Lancaster County,NE",40.8471492,-96.663812,71.8602
"Spartanburg County,SC",34.860551,-81.9534815,55.0989
"Cumberland County,ME",43.81329789999999,-70.3870587,67.1417
"Ingham County,MI",42.6468943,-84.3542049,
"Erie County,PA",42.0521954,-80.1875065,52.3053
"Saint Lucie County,FL",27.3225563,-80.54384499999999,47.3201
"Leon County,FL",30.4906177,-84.1857115,63.1896
"Atlantic County,NJ",39.5333379,-74.6868815,60.5811
"New London County,CT",41.5185189,-72.0468164,80.2418
"Saint Clair County,IL",38.40081199999999,-89.9253233,
"San Luis Obispo County,CA",35.3102296,-120.4357631,105.7715
"Horry County,SC",33.9196567,-78.9288242,64.6379
"Madison County,IL",38.9041402,-89.9253233,49.5198
"Osceola County,FL",28.1019838,-81.0754657,57.093
"Dauphin County,PA",40.2734277,-76.7336521,59.1885
"Durham County,NC",36.0221805,-78.9031279,
"Chatham County,GA",31.9994194,-81.1196075,53.9302
"Ottawa County,MI",42.95302299999999,-86.0937312,
"Rutherford County,TN",35.7724263,-86.3376761,55.5657
"Lexington County,SC",33.9309651,-81.2518833,53.9126
"Santa Cruz County,CA",37.0453988,-121.9579578,152.5262
"Clayton County,GA",33.5571944,-84.375233,57.5182
"Merced County,CA",37.2009788,-120.7120023,70.2432
"Cleveland County,OK",35.254964,-97.35165579999999,48.5485
"Weld County,CO",40.3920718,-104.7158226,62.7852
"Marin County,CA",38.083403,-122.7633036,186.68400000000003
"Thurston County,WA",46.8645747,-122.7695986,79.9291
"Kitsap County,WA",47.6476607,-122.6412583,84.7208
"Kalamazoo County,MI",42.2278346,-85.52002399999999,
"Brown County,WI",44.45616740000001,-87.9334803,
"Alachua County,FL",29.6579549,-82.3017728,53.0683
"Harford County,MD",39.5838964,-76.3637285,79.2819
"Yakima County,WA",46.543606,-120.7558292,64.3848
"Norfolk City County,VA",36.8803005,-76.2507153,57.9505
"Mahoning County,OH",40.9871753,-80.7214417,48.4839
"Buncombe County,NC",35.59313770000001,-82.4752757,65.3941
"Washington County,MN",44.8896877,-92.8577105,66.7918
"Cumberland County,PA",40.1299841,-77.2405153,69.4201
"Oneida County,NY",43.2371798,-75.4344727,45.1455
"Saint Tammany County,LA",30.4357418,-89.9253233,
"Frederick County,MD",39.3844507,-77.4701972,84.7925
"Lake County,OH",41.7112668,-81.24558549999999,75.4207
"Montgomery County,AL",32.2077447,-86.17517590000001,56.7773
"York County,SC",34.9871367,-81.2518833,
"Chesapeake City County,VA",36.83284,-76.3416319,60.0199
"Benton County,AR",36.2661518,-94.479976,51.4057
"Butte County,CA",39.6445906,-121.5543062,72.8014
"Saratoga County,NY",43.0324245,-73.93598209999999,67.8457
"Jefferson County,MO",38.2310301,-90.52578229999999,73.4383
"Niagara County,NY",43.3119496,-78.74762079999999,49.3656
"Barnstable County,MA",41.69909579999999,-70.32091129999999,83.4348
"Lackawanna County,PA",41.4421199,-75.5742467,
"Cherokee County,GA",34.2514526,-84.4802606,60.9146
"Warren County,OH",39.4241422,-84.1857115,66.6477
"Linn County,IA",42.0659844,-91.67606909999999,
"Yavapai County,AZ",34.6463981,-112.4291464,63.7957
"Trumbull County,OH",41.3064984,-80.7214417,46.1992
"Washington County,PA",40.1367719,-80.1875065,44.3869
"Arlington County,VA",38.8816208,-77.09098089999999,147.2428
"Gaston County,NC",35.2895651,-81.20781640000001,53.3295
"Richmond City County,VA",37.5425571,-77.4093087,48.7768
"Henry County,GA",33.4347963,-84.14351359999999,61.5386
"Jackson County,OR",42.334535,-122.7646577,74.51899999999999
"Washington County,AR",35.9307703,-94.15137639999999,54.5335
"New Hanover County,NC",34.2154913,-77.88245959999999,75.6367
"Union County,NC",34.9338651,-80.54384499999999,54.5213
"Whatcom County,WA",48.8787167,-121.9718657,79.5406
"Champaign County,IL",40.2138865,-88.24611829999999,
"Yolo County,CA",38.7646021,-121.9017954,94.9841
"Broome County,NY",42.1791865,-75.8533954,46.3271
"Richmond County,GA",33.3205339,-82.08429009999999,44.4161
"Saint Louis County,MN",47.7395106,-92.3623921,
"Mohave County,AZ",35.2143346,-113.7632828,57.8825
"Saginaw County,MI",43.4044253,-84.01674229999999,46.1877
"Sangamon County,IL",39.7337353,-89.62516459999999,
"Clermont County,OH",39.0500636,-84.1499347,62.7202
"Sussex County,DE",38.65308410000001,-75.4344727,
"York County,ME",43.4132697,-70.6702521,70.46
"Yuma County,AZ",32.6527533,-113.9536466,57.2835
"Racine County,WI",42.727213,-88.0326922,
"Shelby County,AL",33.3039292,-86.6611083,87.6295
"Tuscaloosa County,AL",33.3227653,-87.460397,57.2222
"Kanawha County,WV",38.2556905,-81.42789839999999,42.5138632162662
"Clay County,FL",29.9943564,-81.77870209999999,57.5102
"Saint Johns County,FL",29.9719419,-81.42789839999999,66.8191
"Litchfield County,CT",41.7866294,-73.2765361,83.9691
"Muscogee County,GA",32.4794133,-84.8984775,47.7304
"Anderson County,SC",34.5528328,-82.6483442,38.5153
"Peoria County,IL",40.7156396,-89.77553379999999,
"Hawaii County,HI",19.5429151,-155.6658568,94.4618
"Williamson County,TN",35.9179271,-86.86218269999999,66.4258
"Ulster County,NY",41.8586493,-74.3118212,61.4139
"Baldwin County,AL",30.6010744,-87.77633329999999,
"El Dorado County,CA",38.74263759999999,-120.4357631,92.8063
"Livingston County,MI",42.6207951,-83.8473015,
"Okaloosa County,FL",30.57734009999999,-86.6611083,58.0531
"Newport News City County,VA",37.0870821,-76.4730122,59.4186
"Hall County,GA",34.30778,-83.804868,59.5027
"Cabarrus County,NC",35.4168123,-80.5882803,66.2558
"Berkeley County,SC",33.1260618,-80.0087746,51.1741
"Onslow County,NC",34.6540094,-77.4701972,49.8501
"Shasta County,CA",40.7908864,-121.8474493,71.5711
"Outagamie County,WI",44.4636545,-88.4016041,
"Forsyth County,GA",34.2358502,-84.14351359999999,
"Benton County,WA",46.3166362,-119.5021582,72.7582
"Imperial County,CA",33.0113694,-115.4733554,
"Delaware County,OH",40.3033098,-83.03613759999999,79.7306
"Hernando County,FL",28.5578826,-82.4752757,45.3842
"Medina County,OH",41.080133,-81.9534815,79.5672
"Muskegon County,MI",43.294941,-86.1261056,42.9658
"Beaver County,PA",40.6367812,-80.365865,52.3808
"Monroe County,PA",41.0458376,-75.2479061,52.8043
"McLean County,IL",40.5478429,-88.86469799999999,51.6954
"Johnston County,NC",35.4403514,-78.3842227,69.6224
"Bay County,FL",30.1805306,-85.684578,50.6874
"Pitt County,NC",35.5589221,-77.4242972,57.6407
"Carroll County,MD",39.5423418,-77.0564464,89.2022
"Winnebago County,WI",44.0126679,-88.7108964,
"Licking County,OH",40.1460895,-82.4752757,
"Kenosha County,WI",42.5810954,-88.0533751,75.2832
"Kent County,RI",41.6579147,-71.7147951,82.10799999999999
"Middlesex County,CT",41.46985050000001,-72.4731529,88.9885
"Scott County,IA",41.6393199,-90.6393702,63.1282
"Porter County,IN",41.5248577,-87.10237459999999,
"Saint Clair County,MI",43.016179,-82.6483442,59.7899
"Davidson County,NC",35.7748479,-80.1875065,50.6451
"Kent County,DE",39.1440612,-75.4344727,59.5857
"Beaufort County,SC",32.2860396,-80.7214417,92.5835
"Greene County,OH",39.697399,-83.8897057,67.4639
"Portage County,OH",41.1887572,-81.2518833,67.498
"DeSoto County,MS",34.9065453,-89.9626799,
"Sumner County,TN",36.4718084,-86.49965460000001,54.4687
"Rock County,WI",42.6251506,-89.0179332,
"Jackson County,MI",42.1764362,-84.3542049,
"Aiken County,SC",33.6005783,-81.6035062,48.3716
"Charlotte County,FL",26.8946009,-81.909826,50.6247
"Kenton County,KY",38.9863872,-84.56414699999999,64.5265
"Iredell County,NC",35.8310501,-80.89865019999999,63.4897
"Rensselaer County,NY",42.673664,-73.55941279999999,58.0419
"Pueblo County,CO",38.2528534,-104.4723301,67.2854
"Sarpy County,NE",41.0744042,-96.19513200000002,46.7933
"Hampshire County,MA",42.3471357,-72.6624209,80.2916
"Deschutes County,OR",43.83251,-121.2616541,74.8528
"Cumberland County,NJ",39.2587106,-75.06111469999999,52.5712
"Berrien County,MI",42.0320742,-86.7416374,
"Chittenden County,VT",44.3959289,-72.9962431,
"Bibb County,GA",32.7865735,-83.7199136,50.9621
"Maui County,HI",20.7983626,-156.3319253,126.2151
"Schenectady County,NY",42.8493445,-73.98300290000002,52.9015
"Catawba County,NC",35.6840748,-81.2518833,53.4457
"Centre County,PA",40.8765649,-77.8367282,62.7783
"Penobscot County,ME",45.3230777,-68.5806727,
"Kings County,CA",36.0988489,-119.8815203,63.1743
"Tolland County,CT",41.8418987,-72.37846789999999,84.0316
"Monroe County,MI",41.9738893,-83.5070203,
"Santa Rosa County,FL",30.7689907,-86.9824288,52.2639
"Alamance County,NC",36.0117388,-79.4253776,63.6015
"Johnson County,TX",32.4133566,-97.35165579999999,41.497
"Madera County,CA",37.251926,-119.6962677,64.8932
"Stearns County,MN",45.5844792,-94.5865603,39.9255
"Franklin County,PA",39.8923855,-77.6536125,
"Ellis County,TX",32.2619765,-96.83509989999999,
"Sussex County,NJ",41.1288481,-74.6868815,85.1493
"Schuylkill County,PA",40.6873058,-76.17837390000001,27.5472
"Rock Island County,IL",41.39982089999999,-90.563609,
"Washington County,MD",39.641762,-77.719993,65.473
"Mesa County,CO",38.9585381,-108.6175626,62.1089
"Charles County,MD",38.5221781,-77.10249019999999,83.6089
"Merrimack County,NH",43.2844846,-71.6673352,56.8549
"Martin County,FL",27.0804935,-80.4103957,70.8336
"Fairfield County,OH",39.830506,-82.6483442,63.2941
"Olmsted County,MN",43.995179,-92.38136209999999,68.3966
"Cambria County,PA",40.4894231,-78.74762079999999,
"Paulding County,GA",33.9142037,-84.8984775,61.2407
"Randolph County,NC",35.7449531,-79.8296743,56.5551
"Citrus County,FL",28.8848842,-82.5185837,44.8844
"Lee County,AL",32.5888702,-85.39627689999999,50.8155
"Alexandria City County,VA",38.8048355,-77.0469214,139.6626
"Houston County,GA",32.4219655,-83.63484299999999,49.8822
"Rowan County,NC",35.6303455,-80.54384499999999,54.0009
"Clark County,OH",39.8912092,-83.67739279999999,55.0988
"Indian River County,FL",27.6947732,-80.54384499999999,51.7849
"Hampton City County,VA",37.0215555,-76.3246135,59.1561
"Florence County,SC",33.9828684,-79.6502105,50.2306
"Fayette County,PA",39.9272324,-79.6502105,31.0693
"Dorchester County,SC",33.1680383,-80.54384499999999,50.6303
"Napa County,CA",38.5024689,-122.2653887,120.8357
"Calhoun County,MI",42.2073905,-85.02334599999999,
"Tazewell County,IL",40.5522078,-89.4742177,
"Chautauqua County,NY",42.2312829,-79.560344,37.0018
"Humboldt County,CA",40.7450055,-123.8695086,72.7069351230425
"Coconino County,AZ",35.6647545,-111.4752851,80.8748
"Robeson County,NC",34.6383858,-79.1096901,
"Marathon County,WI",44.850452,-89.8505012,
"Orange County,NC",36.0263022,-79.1096901,81.3932
"Lebanon County,PA",40.3666686,-76.5025742,60.2059
"Douglas County,GA",33.7290225,-84.7315563,60.0184
"Washington County,WI",43.3932586,-88.24611829999999,
"Cochise County,AZ",31.82845799999999,-109.949686,54.7625
"Berkshire County,MA",42.311782,-73.1821623,62.4626
"Black Hawk County,IA",42.447804,-92.38136209999999,44.0032
"Johnson County,IA",41.6698982,-91.5983959,81.2929
"Scott County,MN",44.6834072,-93.54079089999999,105.6827
"Stafford County,VA",38.4334566,-77.4242972,72.161
"Hunterdon County,NJ",40.56695149999999,-74.92087719999999,96.3556
"Coweta County,GA",33.3716708,-84.7315563,57.6802
"Blair County,PA",40.4531318,-78.3842227,
"Washington County,RI",41.45681130000001,-71.6673352,87.0023
"Sebastian County,AR",35.2260397,-94.315422,38.9326
"Wood County,OH",41.34784579999999,-83.67739279999999,57.4841
"Wright County,MN",45.1538202,-94.01909429999999,84.431
"Richland County,OH",40.7566723,-82.5185837,47.8953
"Comanche County,OK",34.6612778,-98.3964938,45.8524
"Columbia County,GA",33.5098514,-82.25832969999999,55.2205
"Strafford County,NH",43.238329,-71.0236044,54.8643
"Blount County,TN",35.6710541,-83.8473015,44.5241
"Washington County,TN",36.3321016,-82.5185837,40.6486
"Wayne County,NC",35.3565499,-77.973865,
"Spotsylvania County,VA",38.204165,-77.6077865,68.1344
"Kennebec County,ME",44.4499153,-69.7038278,44.2142496210207
"Oswego County,NY",43.482533,-76.17837390000001,34.5092024539877
"Pickens County,SC",34.9046217,-82.6483442,50.5145
"Boone County,KY",38.9940572,-84.7315563,
"Calhoun County,AL",33.7701576,-85.80766,
"Windham County,CT",41.8275622,-72.0468164,65.6394
"Parker County,TX",32.7415519,-97.87216,
"Skagit County,WA",48.4241961,-121.7114362,84.6815
"Clarke County,GA",33.9519347,-83.357567,52.1634
"Linn County,OR",44.4099768,-122.53401,80.1585
"Jefferson County,NY",44.0607421,-75.9927652,37.342
"Lycoming County,PA",41.2720004,-77.10249019999999,44.4052
"Canadian County,OK",35.5593784,-98.04651849999999,44.4586
"Sheboygan County,WI",43.7173595,-87.9284801,
"Kendall County,IL",41.5507043,-88.4403883,
"Harnett County,NC",35.35786480000001,-78.8835548,61.1463
"La Crosse County,WI",43.8617023,-91.13530200000001,
"Wayne County,OH",40.7588598,-81.9534815,44.7659
"Wilson County,TN",36.1626241,-86.2970998,52.8465
"La Salle County,IL",41.4363987,-88.94138650000001,
"Warren County,KY",36.9886043,-86.49965460000001,
"Kankakee County,IL",41.1790977,-87.77633329999999,
"Faulkner County,AR",35.1035858,-92.38136209999999,52.0096
"Saint Lawrence County,NY",44.4473142,-74.930206,25.8869
"Allegan County,MI",42.5938744,-85.9084434,61.0201
"Macon County,IL",39.8949055,-89.0179332,
"Carroll County,GA",33.5642239,-85.0649071,46.3156
"Lowndes County,GA",30.8600022,-83.2934086,48.691
"Warren County,NJ",40.8841854,-74.92087719999999,81.9811
"Ontario County,NY",42.85098379999999,-77.2864879,54.7269
"Columbiana County,OH",40.7902581,-80.7657804,34.0789
"Bay County,MI",43.7109732,-84.01674229999999,36.646
"Eaton County,MI",42.5886496,-84.7733325,64.9625
"Androscoggin County,ME",44.19124160000001,-70.17070369999999,
"Douglas County,OR",43.1260694,-123.2492364,58.7257
"Sumter County,SC",33.9123048,-80.4103957,44.5813
"Navajo County,AZ",35.4019765,-110.1402594,43.6619
"Brunswick County,NC",34.0275398,-78.2020387,66.3293
"Saline County,AR",34.5708215,-92.539603,49.236000000000004
"Henderson County,NC",35.3725873,-82.4319405,57.7591
"Fayette County,GA",33.4502206,-84.4802606,65.842
"Allen County,OH",40.769946,-84.14351359999999,40.8061
"Hardin County,KY",37.6565708,-86.0121573,
"De Kalb County,IL",41.8329981,-88.7108964,
"Saint Marys County,MD",38.1060259,-76.3637285,80.921
"Etowah County,AL",34.0455341,-86.05296039999999,
"Berkeley County,WV",39.4885604,-78.0651931,52.3982
"Craven County,NC",35.0877672,-77.0564464,
"Kaufman County,TX",32.5889211,-96.3089299,37.3125
"Whitfield County,GA",34.8033566,-84.981754,48.9428
"Miami County,OH",40.081473,-84.1857115,62.8046
"Cowlitz County,WA",46.1746472,-122.7746902,
"Walworth County,WI",42.6202834,-88.55653099999999,
"Woodbury County,IA",42.3166158,-95.9832577,
"Fond du Lac County,WI",43.7008379,-88.24611829999999,
"Tompkins County,NY",42.4575747,-76.5488232,62.8242
"Ashtabula County,OH",41.9396982,-80.7214417,46.1256
"Franklin County,MO",38.3953601,-91.13530200000001,
"Adams County,PA",39.8522417,-77.2864879,65.8781
"Cecil County,MD",39.5739403,-75.94632399999999,79.8369
"Bartow County,GA",34.2660473,-84.8150781,56.1042
"Newton County,GA",33.5544296,-83.8473015,55.521
"Lenawee County,MI",41.8433859,-84.01674229999999,56.8228
"Hanover County,VA",37.7772071,-77.5160788,69.5252
"Putnam County,NY",41.4351069,-73.7948516,97.7888
"Yamhill County,OR",45.1771983,-123.2395303,79.6729
"Steuben County,NY",42.321027,-77.3783789,31.165
"Albemarle County,VA",38.0567092,-78.6114999,84.4816
"Bradley County,TN",35.1937778,-84.8567932,43.4841
"Highlands County,FL",27.3400286,-81.34002679999999,43.4035
"Nevada County,CA",39.1346666,-121.1710389,94.7113
"Eau Claire County,WI",44.7683909,-91.28910359999999,49.0863
"Wicomico County,MD",38.3941813,-75.667356,57.8202
"Madison County,TN",35.6479574,-88.86469799999999,42.0423
"Cleveland County,NC",35.361354,-81.6035062,43.9304
"Cape May County,NJ",39.105884,-74.8273184,
"Roanoke City County,VA",37.4315734,-78.6568942,54.8953
"Craighead County,AR",35.8260959,-90.6773046,44.7204
"Cabell County,WV",38.43919270000001,-82.25832969999999,37.2513
"Floyd County,GA",34.2828967,-85.2308414,
"Monongalia County,WV",39.6695849,-79.96403389999999,48.4871
"Garland County,AR",34.5559285,-93.17796589999999,47.1873
"Nash County,NC",35.9597948,-77.973865,55.6907
"Flagler County,FL",29.4086072,-81.2518833,50.3426
"Portsmouth City County,VA",36.8331137,-76.3294799,54.1644
"Sutter County,CA",39.0219764,-121.6739371,70.7576
"Dougherty County,GA",31.5439375,-84.2278796,39.5068
"Northumberland County,PA",40.86743389999999,-76.6874701,
"Montgomery County,VA",37.2070304,-80.4103957,
"Wayne County,NY",43.2020024,-77.010385,68.0546
"Dubuque County,IA",42.4694679,-90.8294002,
"Rockingham County,NC",36.4335041,-79.8296743,
"Sumter County,FL",28.6747526,-82.08429009999999,64.6243
"Geauga County,OH",41.4641521,-81.20781640000001,72.4969
"Pottawattamie County,IA",41.3911501,-95.4777811,
"Marshall County,AL",34.3652297,-86.3376761,
"Lauderdale County,AL",34.8840876,-87.658113,
"Tuscarawas County,OH",40.3978972,-81.42789839999999,52.4487
"Orangeburg County,SC",33.5635155,-81.0754657,37.6264
"Roanoke County,VA",37.2467123,-80.1205256,77.175
"Lawrence County,PA",40.957855,-80.365865,
"Carver County,MN",44.82543099999999,-93.7841503,93.4085
"Burke County,NC",35.7616931,-81.73494199999999,47.0062
"Campbell County,KY",38.8951891,-84.3962535,62.7609
"Story County,IA",42.1040438,-93.5003454,
"Grant County,WA",47.1981147,-119.3732456,48.4072022160665
"Grafton County,NH",43.9087929,-71.825994,
"Chemung County,NY",42.1362071,-76.7798172,37.784
"Crawford County,PA",41.6661391,-80.2767327,
"Dodge County,WI",43.3994215,-88.7108964,
"Calvert County,MD",38.49495030000001,-76.5025742,82.384
"Sherburne County,MN",45.4644612,-93.7298983,70.4576
"Lapeer County,MI",43.0482433,-83.1649001,
"Moore County,NC",35.3674493,-79.4703885,
"Mendocino County,CA",39.5500194,-123.438353,
"Grand Traverse County,MI",44.687984,-85.52002399999999,
"Wood County,WV",39.2154345,-81.47183869999999,38.4215
"Rogers County,OK",36.3898068,-95.6457951,
"Ozaukee County,WI",43.3677129,-87.9273089,
"Hunt County,TX",33.1967938,-96.15269850000001,
"Muskingum County,OH",39.9478393,-81.9534815,
"Benton County,OR",44.6281686,-123.3873877,91.0113
"Rockdale County,GA",33.6752492,-84.0378894,56.8385
"Suffolk City County,VA",36.7188467,-76.57980789999999,60.6175
"Saint Croix County,WI",45.0497844,-92.3875695,
"Walton County,GA",33.7708613,-83.7199136,54.1015
"Jefferson County,WI",43.089927,-88.7108964,
"Midland County,MI",43.57509779999999,-84.3542049,65.5185
"Saint Clair County,AL",33.6530112,-86.3376761,61.4442
"Caldwell County,NC",35.9227448,-81.5596427,55.2192
"Madison County,KY",37.7143001,-84.3121264,
"Newport County,RI",41.5016969,-71.2399037,87.0591
"Josephine County,OR",42.3447572,-123.4568737,57.7244
"Clinton County,NY",44.7904203,-73.6005824,44.4199
"Clearfield County,PA",40.9519685,-78.5660852,
"Vermilion County,IL",40.122469,-87.697554,
"Manitowoc County,WI",44.109588,-87.7752368,43.3856
"Wilson County,NC",35.6925497,-77.88245959999999,
"Cullman County,AL",34.2011537,-86.8220341,
"Cattaraugus County,NY",42.2318132,-78.74762079999999,27.2409
"Cayuga County,NY",42.7655231,-76.5488232,36.6885
"Glynn County,GA",31.2624169,-81.6035062,62.3485
"Scioto County,OH",38.861065,-82.99316069999999,38.6403
"Elmore County,AL",32.5647083,-86.0121573,57.8321
"Raleigh County,WV",37.7381597,-81.2518833,27.9643
"Island County,WA",48.19765,-122.579457,80.7869
"Rockwall County,TX",32.8721646,-96.365157,59.902
"Frederick County,VA",39.2096441,-78.2601024,
"Lincoln County,NC",35.4637028,-81.20781640000001,
"Franklin County,WA",46.49373629999999,-118.8672379,59.9993
"Ross County,OH",39.3294895,-83.05954229999999,51.9669
"Somerset County,PA",40.022493,-78.9288242,
"Sullivan County,NY",41.6897493,-74.7805192,
"Jefferson County,AR",34.227351,-91.9099238,31.2789
"Payne County,OK",36.1449988,-97.0068393,
"Cheshire County,NH",42.9259375,-72.236379,55.9105431309904
"Erie County,OH",41.4349882,-82.4752757,45.9348
"White County,AR",35.2900612,-91.7538817,37.8377
"Lancaster County,SC",34.7253411,-80.6770787,
"Rockingham County,VA",38.5825919,-78.8835548,
"Van Buren County,MI",42.2459665,-86.0121573,
"Umatilla County,OR",45.7750424,-118.7606453,50.1455
"Lynchburg City County,VA",37.293999,-77.300544,46.8252
"Lewis County,WA",46.6195461,-122.4554639,
"Polk County,OR",44.9266528,-123.4919256,71.1379
"Clinton County,MI",42.9663458,-84.5222189,55.5635
"Anderson County,TN",36.0809574,-84.2278796,39.1107
"Allegany County,MD",39.6255251,-78.6114999,33.1713
"Hancock County,OH",41.0273131,-83.67739279999999,54.2341
"Wood County,WI",44.4747774,-90.0746767,
"Putnam County,FL",29.6265157,-81.77870209999999,25.5811
"Bullitt County,KY",37.9842107,-85.684578,63.3957
"Oconee County,SC",34.74924500000001,-82.99316069999999,
"Christian County,KY",36.8410586,-87.460397,
"Augusta County,VA",38.2004562,-79.24511489999999,
"Surry County,NC",36.3743453,-80.6770787,
"Madison County,NY",42.98059749999999,-75.8069082,41.2863
"Nassau County,FL",30.5927334,-81.8224362,58.8393
"Monroe County,FL",24.5557001,-81.78259849999999,122.7968
"Wagoner County,OK",35.91923970000001,-95.51973939999999,39.1497
"Grays Harbor County,WA",46.9953526,-123.7012468,
"Chelan County,WA",47.9445331,-120.6749068,
"Yuba County,CA",39.2547027,-121.3998995,61.1869
"Aroostook County,ME",46.819941,-68.4766064,
"Apache County,AZ",35.5313224,-109.3783206,30.2663438256659
"Clallam County,WA",48.0405122,-124.016766,
"Franklin County,MA",42.530599,-72.61511689999999,59.3498
"De Kalb County,AL",34.5211397,-85.684578,
"Muskogee County,OK",35.7111198,-95.3102505,25.241999999999997
"Shiawassee County,MI",42.949754,-84.1857115,
"Belmont County,OH",40.0325848,-80.89865019999999,25.8233
"Isabella County,MI",43.598799,-84.8567932,
"Bulloch County,GA",32.3595678,-81.77870209999999,
"Portage County,WI",44.4735957,-89.4742177,
"Creek County,OK",35.8362494,-96.3226072,27.0467
"Jefferson County,OH",40.38717219999999,-80.7657804,
"Greenwood County,SC",34.1672949,-82.12783999999999,
"Pottawatomie County,OK",35.275439,-97.0068393,27.5676
"Barrow County,GA",34.0142667,-83.6986568,55.2746
"Wilkes County,NC",36.202858,-81.2518833,
"Harrison County,WV",39.33481260000001,-80.365865,
"Armstrong County,PA",40.8790518,-79.4703885,
"Walker County,GA",34.6858231,-85.35496499999999,
"Darlington County,SC",34.3649897,-80.0087746,43.8806
"Bedford County,VA",37.2538794,-79.4703885,66.9045
"Lonoke County,AR",34.7591647,-91.9099238,47.2852
"Rutherford County,NC",35.4258737,-81.909826,41.61600000000001
"Columbia County,FL",30.1812696,-82.605118,38.9645
"Columbia County,PA",41.0274439,-76.3637285,43.122
"Kauai County,HI",21.9661076,-159.5737912,
"Marquette County,MI",46.644579,-87.5593823,
"Troup County,GA",33.0698575,-85.02334599999999,
"Walker County,AL",33.8563605,-87.30161319999999,
"James City County,VA",37.3002132,-76.8028933,69.3956
"Marion County,OH",40.5518645,-83.12200740000002,
"Carteret County,NC",34.9019263,-76.5488232,60.7039
"Klamath County,OR",42.69527670000001,-121.6142133,49.9506
"Williamson County,IL",37.7183241,-88.86469799999999,
"Robertson County,TN",36.5250666,-86.86218269999999,47.7363
"Dallas County,IA",41.6120022,-93.9878427,
"Salem County,NJ",39.5848777,-75.3878525,66.0442
"Warren County,NY",43.6078891,-73.7477857,59.7179
"McCracken County,KY",37.03306070000001,-88.7108964,
"York County,VA",37.2103925,-76.3868797,68.2182
"Livingston County,NY",42.7576923,-77.8367282,56.4504
"Carbon County,PA",40.901975,-75.667356,55.828220858895705
"Fauquier County,VA",38.7208787,-77.79097759999999,78.9012
"Pike County,KY",37.4842087,-82.4752757,
"Athens County,OH",39.30303079999999,-82.12783999999999,48.9874110563766
"Lake County,CA",39.08396440000001,-122.8084496,71.4966
"Herkimer County,NY",43.1630587,-74.8741045,35.6571
"Rice County,MN",44.2749995,-93.33889169999999,
"Spalding County,GA",33.2636732,-84.3121264,50.5015
"Blue Earth County,MN",43.9505132,-93.9878427,
"Catoosa County,GA",34.8981727,-85.14793639999999,56.3487
"Ionia County,MI",42.9892119,-85.02334599999999,30.7643
"Pittsylvania County,VA",36.7440186,-79.4703885,
"Chatham County,NC",35.7211289,-79.17806999999999,
"Tehama County,CA",40.0982197,-122.174605,66.2905
"Liberty County,GA",31.842969,-81.47183869999999,
"Sampson County,NC",34.9197548,-78.3842227,
"Montcalm County,MI",43.3057341,-85.1894045,
"Washington County,NY",43.2519472,-73.37086959999999,47.6811
"Columbia County,NY",42.3678759,-73.55941279999999,57.7942
"Coos County,OR",43.242897,-124.1057369,59.637
"Hamblen County,TN",36.2054334,-83.2934086,37.9718
"Crow Wing County,MN",46.5957987,-94.1401699,
"Lawrence County,OH",38.6232686,-82.5185837,29.1822
"Chippewa County,WI",45.0673752,-91.2924666,
"Mercer County,WV",37.4322638,-81.1196075,
"Otsego County,NY",42.5779779,-75.06111469999999,
"Sauk County,WI",43.4066375,-89.9253233,
"Crawford County,AR",35.5762761,-94.315422,39.0238
"Washington County,OH",39.4626397,-81.47183869999999,50.7802
"Pope County,AR",35.440627,-93.0175712,38.8677
"Kershaw County,SC",34.3671762,-80.5882803,
"Rutland County,VT",43.6448675,-72.99329689999999,
"Saint Joseph County,MI",41.9118044,-85.52002399999999,
"Tipton County,TN",35.5217179,-89.7379958,45.4413
"Sandusky County,OH",41.3559092,-83.12200740000002,50.7245
"Knox County,OH",40.459564,-82.3017728,
"Mason County,WA",47.4251146,-123.1951376,
"Franklin County,NC",36.0741417,-78.2426748,50.4497
"Stanly County,NC",35.30145540000001,-80.23213129999999,33.0721
"Garfield County,OK",36.4361392,-97.87216,42.801556420233496
"Jackson County,GA",34.1174511,-83.54965659999999,
"Oldham County,KY",38.3560025,-85.47880649999999,
"Georgetown County,SC",33.4213399,-79.29021329999999,51.9544
"Belknap County,NH",43.5024246,-71.4073938,58.558558558558595
"Genesee County,NY",42.9837843,-78.1564432,
"Granville County,NC",36.2799451,-78.6114999,
"Huron County,OH",41.1266687,-82.6483442,43.83
"Washington County,VT",44.1986663,-72.6972529,
"Lenoir County,NC",35.2326725,-77.6077865,
"Barry County,MI",42.5354321,-85.35496499999999,54.9142
"Wise County,TX",33.2895861,-97.69822719999999,
"Haywood County,NC",35.624394,-82.99316069999999,47.7408
"Clay County,MN",46.878186,-96.42575889999999,
"Laurel County,KY",37.0693489,-84.1857115,
"Walla Walla County,WA",46.23698419999999,-118.5854769,65.4486
"Hall County,NE",40.8817333,-98.5721016,
"Duplin County,NC",34.8840095,-78.0195387,
"Whiteside County,IL",41.7605503,-89.8505012,
"Columbus County,NC",34.2548658,-78.74762079999999,
"Lee County,NC",35.4693744,-79.1548533,
"Carter County,TN",36.2638604,-82.12783999999999,28.0554
"Pike County,PA",41.3361875,-75.06111469999999,
"Blount County,AL",34.0145152,-86.49965460000001,
"Otter Tail County,MN",46.51894350000001,-95.8935983,
"Columbia County,WI",43.40466319999999,-89.3226954,
"Seneca County,OH",41.1585179,-83.1649001,
"Windsor County,VT",43.4369244,-72.61511689999999,
"Edgecombe County,NC",35.8840053,-77.6536125,37.3517
"Marion County,WV",39.5288627,-80.23213129999999,
"Garfield County,CO",39.6584775,-107.763621,104.8901
"Franklin County,VA",36.9458815,-79.8296743,
"Broomfield County,CO",39.9420154,-105.044052,85.6736
"Pickaway County,OH",39.687828,-82.99316069999999,59.2583
"Saline County,KS",38.8174853,-97.69822719999999,56.5908
"Fulton County,NY",43.1118737,-74.4994517,35.4688
"Tuolumne County,CA",38.029655,-119.9740534,77.2732
"Cherokee County,SC",35.0120404,-81.6035062,
"Carson City County,NV",33.8016521,-118.1907235,84.4532
"San Benito County,CA",36.5760883,-120.9876321,
"Gordon County,GA",34.4891699,-84.8567932,
"Walton County,FL",30.56401989999999,-86.17517590000001,49.5398
"Venango County,PA",41.3896611,-79.8296743,
"Washington County,VA",36.7678354,-81.9534815,46.0351
"Campbell County,VA",37.221014,-79.1096901,
"Halifax County,NC",36.2646764,-77.6077865,34.5559
"Autauga County,AL",32.5791817,-86.49965460000001,57.6183
"Colbert County,AL",34.7117567,-87.89424509999999,
"Hancock County,ME",44.5770308,-68.3566918,
"Boone County,IL",42.34849759999999,-88.8263006,71.8902
"Henry County,VA",36.6588867,-79.96403389999999,
"Chisago County,MN",45.524828,-92.9550305,78.822
"Gila County,AZ",33.6370567,-110.5215459,60.9153
"Jefferson County,WV",39.3059841,-77.88245959999999,
"Jackson County,AL",34.7090388,-86.0121573,
"Ashland County,OH",40.9435588,-82.3017728,
"Darke County,OH",40.1056572,-84.68974949999999,
"Knox County,IL",40.8776411,-90.2244662,
"Wayne County,PA",41.67388649999999,-75.2479061,46.875
"Saint Charles County,LA",29.9273657,-90.3371889,
"Lincoln County,MO",39.0669568,-90.9820668,
"Grady County,OK",35.0472662,-97.87216,22.8512
"Waupaca County,WI",44.4705941,-89.0179332,
"Union County,OH",40.36163820000001,-83.33618799999999,48.129
"Cass County,MI",41.9299158,-86.0121573,
"Effingham County,GA",32.378148,-81.38393260000001,
"Somerset County,ME",45.5913402,-69.9999212,
"Pender County,NC",34.5170729,-77.8367282,
"Eagle County,CO",39.576406,-106.7234639,137.7709
"Lyon County,NV",38.9524739,-119.1390642,
"Franklin County,NY",44.5926135,-74.3387798,
"Winona County,MN",44.006499,-91.7538817,48.8009
"Worcester County,MD",38.1584227,-75.4344727,62.1219
"Jefferson County,TN",36.0417825,-83.46435509999999,
"La Plata County,CO",37.2125857,-107.763621,77.9721
"Tioga County,NY",42.1256317,-76.3637285,44.088161209068005
"Watauga County,NC",36.1941825,-81.73494199999999,49.6506
"Washington County,OK",36.6770984,-95.94097099999999,34.3139
"Crittenden County,AR",35.3021443,-90.37483540000001,50.0144
"Camden County,GA",30.898276,-81.6035062,
"Henry County,IL",41.361088,-90.0746767,
"Chenango County,NY",42.4972314,-75.62080879999999,31.9427
"LeFlore County,OK",34.8622042,-94.645035,
"Dale County,AL",31.4645298,-85.684578,
"Montgomery County,NY",42.915521,-74.4525627,
"Grundy County,IL",41.3500531,-88.4016041,
"Dearborn County,IN",39.1713075,-84.981754,
"Coffee County,AL",31.4751172,-86.0121573,
"Bristol County,RI",41.7257893,-71.3111773,97.0353
"Bedford County,PA",39.98695499999999,-78.5660852,
"Jackson County,FL",30.7150882,-85.1894045,
"Dickson County,TN",36.1459799,-87.30161319999999,43.6335
"Boyd County,KY",38.3833265,-82.6915429,
"Shelby County,OH",40.3689335,-84.2278796,59.6168
"Columbia County,OR",45.9197103,-123.0357231,83.0832
"Cortland County,NY",42.5440918,-75.9927652,
"Franklin County,KY",38.2481018,-84.8984775,
"Greene County,NY",42.2957321,-74.12399599999999,41.8267
"Clinton County,IA",41.878563,-90.563609,
"Calumet County,WI",44.1586082,-88.24611829999999,
"Allegany County,NY",42.3129816,-78.0195387,22.673000000000002
"Harrisonburg City County,VA",37.4315734,-78.6568942,
"Elko County,NV",41.2220182,-115.2837585,
"Jessamine County,KY",37.895573,-84.56414699999999,53.58
"Loudon County,TN",35.7374411,-84.3121264,38.5779
"Newaygo County,MI",43.55935820000001,-85.76666449999999,
"Laurens County,GA",32.433014,-82.99316069999999,
"Delaware County,NY",42.2452081,-74.8741045,38.1371
"Carroll County,NH",43.8128209,-71.25060669999999,
"Queen Annes County,MD",39.0263572,-76.1319953,69.2251
"Macoupin County,IL",39.2375268,-89.9253233,
"Franklin County,VT",44.8429222,-72.9340443,
"Carter County,OK",34.1996254,-97.35165579999999,21.6459
"Osage County,OK",36.6189367,-96.2375947,33.5982
"Santa Cruz County,AZ",31.5986127,-110.8076084,51.0952
"Stokes County,NC",36.4244396,-80.23213129999999,
"Scott County,KY",38.3172361,-84.56414699999999,63.9655
"Douglas County,NV",38.9265035,-119.6499162,94.4823
"Cherokee County,OK",35.8994729,-94.976654,
"Hoke County,NC",35.0432488,-79.24511489999999,
"Hopkins County,KY",37.3153093,-87.5791287,
"Fremont County,CO",38.5306514,-105.5005483,
"Culpeper County,VA",38.491821,-77.973865,76.1975
"Hillsdale County,MI",41.8685961,-84.5222189,
"Mifflin County,PA",40.652279,-77.6077865,
"Richmond County,NC",35.003045,-79.7848422,
"Kay County,OK",36.8234478,-97.179026,37.2645
"Gadsden County,FL",30.5562947,-84.6479124,50.901916572717
"Henderson County,KY",37.7415161,-87.5791287,
"Warren County,IA",41.30805489999999,-93.5003454,
"Goodhue County,MN",44.4430251,-92.6983868,69.2748
"Fayette County,WV",38.0615913,-81.0754657,21.6035
"Lincoln County,OR",44.609549,-123.942359,87.6193
"Perry County,PA",40.371376,-77.2405153,52.9118
"Auglaize County,OH",40.5781556,-84.3542049,47.7884
"Saint John the Baptist County,LA",30.1118331,-90.4879916,
"Huntingdon County,PA",40.4155273,-78.0195387,
"Logan County,OH",40.38996789999999,-83.8473015,47.3747
"Pittsburg County,OK",34.9879281,-95.81428849999999,21.7247
"Baldwin County,GA",33.0338083,-83.2934086,
"Calaveras County,CA",38.1960477,-120.6805037,88.3981
"Colquitt County,GA",31.2072856,-83.8473015,
"Vance County,NC",36.3479057,-78.4297187,
"Branch County,MI",41.8913835,-85.02334599999999,
"Jefferson County,PA",41.147013,-78.9288242,
"Tazewell County,VA",37.124747,-81.5596427,
"Itasca County,MN",47.5507924,-93.5683651,
"Stephens County,OK",34.5203466,-97.87216,29.9193
"McDowell County,NC",35.6984405,-82.08429009999999,
"Siskiyou County,CA",41.7743261,-122.5770126,66.4432
"Brown County,OH",38.9300335,-83.8699226,
"Whitman County,WA",46.8363403,-117.5887295,
"Thomas County,GA",30.8417409,-83.8473015,
"Windham County,VT",43.0151325,-72.8042797,
"Ohio County,WV",40.1111311,-80.610489,33.4031
"Beltrami County,MN",48.0370038,-94.82892389999999,
"Douglas County,WI",46.3490012,-91.75768889999999,
"Cerro Gordo County,IA",43.1543186,-93.20296750000001,
"Nye County,NV",38.58071109999999,-116.0413889,
"Dunn County,WI",44.909416,-91.9099238,
"Dallas County,AL",32.2332138,-87.14228949999999,
"Crawford County,OH",40.8268068,-82.99316069999999,
"Sullivan County,NH",43.3770392,-72.236379,
"Chilton County,AL",32.944392,-86.6611083,
"Highland County,OH",39.2228606,-83.5070203,42.338
"Stevens County,WA",48.4558249,-117.9059909,
"Charlottesville City County,VA",37.4315734,-78.6568942,
"Miller County,AR",33.3335556,-93.86553029999999,
"McKean County,PA",41.8133351,-78.4751945,
"Nelson County,KY",37.7647455,-85.47880649999999,
"Madison County,OH",39.9154985,-83.3789389,
"Danville City County,VA",37.29376,-77.303069,40.9199
"Habersham County,GA",34.6478893,-83.54965659999999,
"Orleans County,NY",43.2524601,-78.2308005,48.0718436344427
"Mecosta County,MI",43.6201025,-85.35496499999999,
"Fulton County,OH",41.5719341,-84.14351359999999,55.3624
"Wayne County,WV",38.1598501,-82.4752757,29.4135
"Bryan County,OK",33.902127,-96.3226072,
"Sequoyah County,OK",35.5155322,-94.7691586,
"Holmes County,OH",40.5540928,-81.909826,
"Coffee County,GA",31.5182285,-82.82097399999999,
"Preble County,OH",39.7778251,-84.68974949999999,50.8374
"Kandiyohi County,MN",45.11445519999999,-95.0155836,
"Barren County,KY",36.9676836,-85.84862360000001,
"Wyoming County,NY",42.8264498,-78.0897329,34.5246
"Greene County,AR",36.1314931,-90.563609,39.0816
"Shelby County,KY",38.1778076,-85.2308414,
"Clinton County,OH",39.4089295,-83.8111854,48.8107
"Shenandoah County,VA",38.8413778,-78.5660852,55.8752
"Tioga County,PA",41.76494659999999,-77.2864879,
"Shawano County,WI",44.7683909,-88.7108964,
"Logan County,OK",35.9404623,-97.5247243,21.8086
"Warren County,PA",41.8143331,-79.29021329999999,
"Union County,AR",33.1431092,-92.539603,
"Tallapoosa County,AL",32.9201244,-85.84862360000001,
"Suwannee County,FL",30.24850959999999,-82.99316069999999,39.0
"Baxter County,AR",36.3261815,-92.38136209999999,
"Delaware County,OK",36.4263135,-94.81059549999999,
"Polk County,GA",34.0132398,-85.14793639999999,37.2314
"Wise County,VA",37.0240877,-82.605118,
"Ottawa County,OH",41.6268435,-82.99316069999999,53.3194
"Montrose County,CO",38.468304,-108.1428669,
"Mayes County,OK",36.2322429,-95.3102505,29.144000000000002
"Davie County,NC",35.9367033,-80.5882803,46.538000000000004
"Okanogan County,WA",48.58968309999999,-119.6522139,
"Pierce County,WI",44.7508921,-92.38136209999999,
"Kittitas County,WA",47.17495479999999,-120.9319411,
"Mercer County,OH",40.59405479999999,-84.68974949999999,
"Levy County,FL",29.3178545,-82.82097399999999,39.3342
"Pasquotank County,NC",36.2927068,-76.317414,
"Marshall County,IA",42.0407088,-92.9375739,
"Des Moines County,IA",40.9123374,-91.17369939999999,
"Jackson County,NC",35.3265409,-83.12200740000002,
"Tift County,GA",31.4205597,-83.54965659999999,
"Champaign County,OH",40.10258169999999,-83.804868,48.3166
"Okmulgee County,OK",35.6795873,-95.9832577,35.310734463276795
"Okeechobee County,FL",27.3462015,-80.89865019999999,34.2612
"Clarion County,PA",41.1982095,-79.4703885,
"Knox County,ME",43.9969995,-68.9242652,
"Murray County,GA",34.7928029,-84.7315563,
"Person County,NC",36.3528221,-78.9288242,
"Floyd County,KY",37.5455463,-82.7778579,
"Essex County,NY",44.0107408,-73.9507728,49.3408
"Clinton County,PA",41.3331937,-77.6536125,
"Mower County,MN",43.6824988,-92.6983868,
"Hendry County,FL",26.6105319,-81.0754657,
"Cheatham County,TN",36.184749,-87.10237459999999,42.4748
"Defiance County,OH",41.3491725,-84.4802606,
"Livingston County,IL",40.8688604,-88.55653099999999,
"Colleton County,SC",32.8242297,-80.7214417,
"Jefferson County,IL",38.2267348,-88.86469799999999,
"Woodford County,IL",40.7128889,-89.1705998,
"Benton County,MN",45.7211058,-93.9732855,
"Douglas County,WA",47.7790617,-119.7474606,
"Fayette County,TN",35.1257427,-89.4742177,30.7721
"Yadkin County,NC",36.2023597,-80.6770787,
"Escambia County,AL",31.1394734,-87.14228949999999,
"Amador County,CA",38.3488921,-120.7740931,83.1636
"Webster County,IA",42.3974963,-94.15137639999999,
"Manassas City County,VA",37.4315734,-78.6568942,82.2880080280983
"Isanti County,MN",45.6301379,-93.2537327,
"Talbot County,MD",38.7803973,-76.1319953,73.4358
"Covington County,AL",31.3066438,-86.49965460000001,
"Clinton County,IL",38.56844419999999,-89.62516459999999,
"Williams County,OH",41.55076020000001,-84.5222189,
"Warren County,VA",38.9331749,-78.24761459999999,65.9706
"Newberry County,SC",34.309094,-81.6035062,
"Pontotoc County,OK",34.7685043,-96.663812,26.526999999999997
"Graham County,AZ",33.076805,-109.7591675,49.3182
"Alexander County,NC",35.8974199,-81.20781640000001,
"Calloway County,KY",36.6402766,-88.28504199999999,
"Marshall County,MS",34.7729491,-89.4742177,
"Bennington County,VT",43.0278745,-73.13496049999999,
"Delta County,MI",45.7124142,-86.98441749999999,
"Clatsop County,OR",46.0210796,-123.7653042,
"Scotts Bluff County,NE",41.8140936,-103.6362715,
"Greenup County,KY",38.5665695,-82.95015579999999,
"Boone County,AR",36.3118662,-93.0175712,50.8001
"Coshocton County,OH",40.27358230000001,-81.9534815,
"Gloucester County,VA",37.4128281,-76.5025742,59.6954
"Green County,WI",42.6287336,-89.62516459999999,
"Jasper County,IA",41.6414924,-93.0175712,
"Addison County,VT",44.1197293,-73.164338,
"Dodge County,NE",41.6472611,-96.663812,
"McLeod County,MN",44.8440016,-94.315422,
"Independence County,AR",35.8174139,-91.5983959,
"Steele County,MN",43.9758523,-93.17796589999999,
"Ware County,GA",31.134411,-82.4752757,
"Lincoln County,NE",40.9338037,-100.8000051,
"Halifax County,VA",36.6945049,-78.9288242,
"Scotland County,NC",34.8451203,-79.4703885,
"Perry County,OH",39.7641353,-82.25832969999999,
"Lee County,IL",41.6789842,-89.3226954,
"Douglas County,MN",45.9279387,-95.4218815,
"Prince George County,VA",37.1593052,-77.2405153,69.9014
"Whitley County,KY",36.726335,-84.1857115,
"Wapello County,IA",41.0148894,-92.38136209999999,
"Clark County,KY",37.959945,-84.14351359999999,
"Morgan County,IL",39.7341219,-90.2244662,
"Greenbrier County,WV",38.0198478,-80.54384499999999,24.0283
"Sagadahoc County,ME",43.8171265,-69.7825531,
"Isle of Wight County,VA",36.9288915,-76.6874701,59.1988130563798
"Seneca County,NY",42.7651891,-76.8720961,32.3755
"Bladen County,NC",34.5882404,-78.5660852,
"Clarendon County,SC",33.6734243,-80.1875065,
"Lassen County,CA",40.5394389,-120.7120023,74.0974
"Madison County,NE",41.9108264,-97.5247243,
"De Soto County,FL",27.2142078,-81.77870209999999,32.4693
"Morrow County,OH",40.5303751,-82.8007993,
"Christian County,IL",39.5672183,-89.3226954,
"McClain County,OK",35.0282316,-97.4814163,48.9721886336155
"Putnam County,OH",41.0540759,-84.1857115,
"Lincoln County,ME",44.108282,-69.511031,
"Williamsburg County,SC",33.62936060000001,-79.6502105,
"Lawrence County,AL",34.567428,-87.30161319999999,
"Lincoln County,OK",35.6342646,-96.83509989999999,22.6035
"Effingham County,IL",39.06217729999999,-88.55653099999999,
"Chambers County,AL",32.9028048,-85.35496499999999,
"Macon County,NC",35.1197519,-83.33618799999999,44.0752
"Dare County,NC",35.6549619,-75.62080879999999,
"Orange County,VA",38.24266739999999,-77.973865,
"Jasper County,IN",41.0040981,-87.14228949999999,
"Marion County,IA",41.3173818,-93.17796589999999,
"Jackson County,OH",39.0060382,-82.6483442,
"Morrison County,MN",45.9846475,-94.052545,
"Louisa County,VA",37.9925909,-77.973865,
"McCurtain County,OK",34.1481711,-94.81059549999999,
"Botetourt County,VA",37.5774613,-79.7848422,
"Marshall County,WV",39.8926818,-80.6770787,32.5023
"Transylvania County,NC",35.2190534,-82.7778579,
"Caroline County,MD",38.9105018,-75.8533954,
"Coos County,NH",44.7288907,-71.27872669999999,
"Monroe County,IL",38.2742526,-90.1869644,
"Hot Spring County,AR",34.3393795,-92.97755579999999,
"Pike County,AL",31.8395163,-86.0121573,
"Sumter County,GA",31.9981596,-84.2278796,
"Oconee County,GA",33.8231988,-83.4430118,
"Schoharie County,NY",42.65503349999999,-74.4994517,47.7872
"Nicollet County,MN",44.3572855,-94.27436279999999,
"Emmet County,MI",45.6418969,-84.9769067,
"Dorchester County,MD",38.4152819,-76.17837390000001,47.4438
"McDonough County,IL",40.3885122,-90.6773046,
"Becker County,MN",46.9164628,-95.7036557,
"Petersburg City County,VA",37.206523,-77.3406699,50.2997601918465
"Amherst County,VA",37.5588285,-79.1096901,62.45824983299929
"Platte County,NE",41.59406,-97.5247243,
"Harris County,GA",32.7032697,-84.8567932,
"Ottawa County,OK",36.7710787,-94.81059549999999,23.4089
"Franklin County,AL",34.3967457,-87.6186379,
"Polk County,MN",47.6635085,-96.4170534,
"Muhlenberg County,KY",37.17725009999999,-87.14228949999999,
"Adams County,NE",40.5596231,-98.5721016,
"Malheur County,OR",43.21716,-117.5791892,
"Freeborn County,MN",43.6656285,-93.33889169999999,
"Delta County,CO",38.8531357,-107.763621,
"Gallia County,OH",38.8619254,-82.34518899999999,
"Marion County,AL",34.0441174,-87.77633329999999,
"Wakulla County,FL",30.1301689,-84.3542049,56.5749235474006
"Franklin County,ME",45.0386059,-70.3979538,
"Hancock County,WV",40.5123559,-80.5660657,30.0852
"Bryan County,GA",32.0236584,-81.47183869999999,
"Wayne County,GA",31.5092107,-81.909826,
"Garrett County,MD",39.5681243,-79.29021329999999,46.9591
"Lumpkin County,GA",34.5813972,-83.9744262,
"Jefferson County,WA",47.7424541,-123.3040062,
"Pine County,MN",46.0983087,-92.80707079999999,36.443148688046605
"Caddo County,OK",35.10556,-98.3088441,
"Pickens County,GA",34.4497166,-84.4592701,
"Randolph County,WV",38.8092552,-80.0087746,
"Hocking County,OH",39.4909358,-82.4752757,
"Harlan County,KY",36.8890304,-83.2077645,
"Wythe County,VA",36.9484414,-81.0848477,
"Jackson County,WV",38.8139943,-81.64734399999999,37.9552
"Fayette County,OH",39.5919809,-83.46435509999999,
"Carroll County,OH",40.5328331,-81.0754657,
"Haralson County,GA",33.8021715,-85.1900684,
"Van Wert County,OH",40.871234,-84.56414699999999,33.6668
"Pike County,OH",39.0713471,-83.03613759999999,
"Mason County,MI",43.9664537,-86.49965460000001,
"Bell County,KY",36.741122,-83.63484299999999,
"Jones County,GA",33.0002582,-83.5070203,
"Adams County,OH",38.8383232,-83.4806638,
"Caroline County,VA",38.0445557,-77.2864879,
"Bradford County,FL",29.97238179999999,-82.1713632,42.6948
"Boyle County,KY",37.6526034,-84.8150781,
"Lee County,GA",31.8128435,-84.14351359999999,
"Gilmer County,GA",34.6935359,-84.4802606,
"Wyoming County,PA",41.5004703,-76.0391909,
"Saint Francis County,AR",34.9926533,-90.7152749,
"Henry County,OH",41.3659897,-84.01674229999999,
"Mineral County,WV",39.4068988,-78.8835548,26.7647
"Morgan County,CO",40.2989226,-103.7289167,
"Glenn County,CA",39.6437813,-122.4467238,59.375
"Madison County,GA",34.0990245,-83.2077645,
"Powhatan County,VA",37.5643209,-77.88245959999999,
"Dinwiddie County,VA",37.0769043,-77.6536125,
"Summit County,CO",39.5911871,-106.0640179,
"Decatur County,GA",30.8720058,-84.5222189,
"Montgomery County,NC",35.3587922,-79.87448359999999,
"Hardee County,FL",27.4501733,-81.8224362,
"Carter County,KY",38.3204714,-83.03613759999999,
"Le Sueur County,MN",44.461555,-93.9151438,
"Peach County,GA",32.5892926,-83.8260884,
"Garvin County,OK",34.7289063,-97.35165579999999,11.5384615384615
"Custer County,OK",35.6710818,-98.92453429999999,
"Carroll County,AR",36.2987495,-93.5003454,
"Cherokee County,NC",35.1134803,-84.05902900000001,
"Toombs County,GA",32.0795072,-82.34518899999999,
"Upson County,GA",32.9047684,-84.3121264,
"White County,GA",34.6567728,-83.7199136,
"Baker County,FL",30.3931168,-82.3017728,
"Lewis County,NY",43.840112,-75.4344727,
"Edgefield County,SC",33.8015886,-81.9534815,
"Anson County,NC",34.9054732,-80.1875065,
"Mingo County,WV",37.76078010000001,-82.1713632,
"Logan County,KY",36.869834,-86.86218269999999,
"Geneva County,AL",31.0990456,-85.684578,
"Montgomery County,KY",38.0314578,-83.8897057,
"Somerset County,MD",38.0862333,-75.8533954,
"Jackson County,OK",34.5834576,-99.456155,
"Monroe County,GA",32.9746846,-83.8897057,
"Nicholas County,WV",38.3307714,-80.7657804,
"Winchester City County,VA",37.2645414,-76.6495609,
"Stephens County,GA",34.5458998,-83.2934086,
"Dickinson County,MI",45.9601394,-87.8616098,
"Ouachita County,AR",33.5828512,-92.9375739,
"Mille Lacs County,MN",45.9228403,-93.6218744,
"Benton County,IA",42.1387249,-92.0665197,
"Chattooga County,GA",34.4632661,-85.31362179999999,
"Cherokee County,AL",34.1665322,-85.684578,
"Cleburne County,AR",35.4605769,-92.0665197,
"Brown County,MN",44.2294379,-94.645035,
"Iosco County,MI",44.3340462,-83.63862259999999,
"Lyon County,MN",44.3981292,-95.89871389999999,
"Union County,OR",45.2334122,-118.0410627,
"Fluvanna County,VA",37.8532863,-78.24761459999999,
"Johnson County,AR",35.6026275,-93.5003454,
"Montezuma County,CO",37.3257517,-108.6175626,
"Tattnall County,GA",32.0634576,-82.08429009999999,
"Seminole County,OK",35.1197519,-96.663812,17.4906997342781
"Yates County,NY",42.64308459999999,-77.1485163,
"Prentiss County,MS",34.6324369,-88.5178518,
"Tillamook County,OR",45.5293478,-123.7052374,
"Cass County,NE",40.8755529,-96.15269850000001,
"Hart County,GA",34.3500039,-82.95015579999999,
"Wasco County,OR",45.0600051,-121.2375121,
"Grady County,GA",30.9050079,-84.2278796,
"Plymouth County,IA",42.776665,-96.15269850000001,
"Woodford County,KY",38.0721662,-84.7315563,
"Washington County,FL",30.548737,-85.684578,
"Todd County,MN",46.0307728,-94.8315488,
"Churchill County,NV",39.6626678,-118.4863963,
"Salem City County,VA",37.3921685,-77.1519496,73.5665
"Jasper County,SC",32.491436,-81.0754657,
"Manistee County,MI",44.2444704,-86.32422249999999,
"Hickman County,TN",35.80127969999999,-87.460397,44.364
"Grant County,KY",38.6565245,-84.6479124,
"Juniata County,PA",40.5521642,-77.4242972,
"Poinsett County,AR",35.6078586,-90.6393702,
"Columbia County,AR",33.1285176,-93.17796589999999,
"Taylor County,KY",37.332884,-85.31362179999999,
"Winston County,AL",34.1690087,-87.3413599,
"Dawson County,NE",40.9427264,-99.8124935,
"Fredericksburg City County,VA",38.2767454,-77.5434016,
"Bremer County,IA",42.76108199999999,-92.38136209999999,
"Upshur County,WV",38.8696797,-80.23213129999999,
"Otsego County,MI",45.0992063,-84.6482398,
"Brooke County,WV",40.2697757,-80.5660657,25.9486
"Page County,VA",38.63013309999999,-78.52065,48.7540628385699
"Hampshire County,WV",39.3349019,-78.5660852,34.336999999999996
"Fairfield County,SC",34.4478348,-81.0754657,
"Wyoming County,WV",37.6339466,-81.5596427,
"Meigs County,OH",39.0874307,-81.9971108,
"Staunton City County,VA",37.3203029,-76.743605,
"Caswell County,NC",36.3860217,-79.29021329999999,
"Iowa County,WI",42.9416737,-90.0746767,
"Fannin County,GA",34.8580405,-84.2278796,
"Butts County,GA",33.2691443,-83.9532571,
"King George County,VA",38.2372863,-77.1485163,
"Antrim County,MI",44.9730441,-85.1769095,
"Currituck County,NC",36.4189826,-75.94632399999999,
"Routt County,CO",40.4771623,-107.1011931,
"Mitchell County,GA",31.2230067,-84.1857115,
"Crisp County,GA",31.8875724,-83.804868,
"Johnson County,KY",37.8048335,-82.8640623,
"Teller County,CO",38.86115789999999,-105.1726816,62.9061
"Burke County,GA",33.088805,-81.9534815,
"Meeker County,MN",45.1353179,-94.5150543,
"Scott County,VA",36.6815794,-82.605118,
"Franklin County,IN",39.4233977,-85.0649071,
"Elbert County,CO",39.35370040000001,-104.1930918,78.0078
"Plaquemines County,LA",29.3240045,-89.4742177,
"Clark County,AR",34.0232374,-93.17796589999999,
"Jersey County,IL",39.0704754,-90.37483540000001,
"Bibb County,AL",32.9562798,-87.14228949999999,
"Randolph County,AL",33.2681523,-85.52002399999999,
"Logan County,CO",40.7056181,-102.989615,
"Jo Daviess County,IL",42.3148804,-90.2244662,
"Grainger County,TN",36.3059333,-83.54965659999999,
"Barnwell County,SC",33.279925,-81.47183869999999,
"Wyandot County,OH",40.8471492,-83.33618799999999,
"Hempstead County,AR",33.6530112,-93.66232389999999,
"Emanuel County,GA",32.5726629,-82.3017728,
"Hopewell City County,VA",37.3043154,-77.28720009999999,43.3333333333333
"Taylor County,FL",30.0993767,-83.67739279999999,
"Fairfax City County,VA",37.229904,-76.687494,
"Mahaska County,IA",41.32958800000001,-92.6983868,
"Curry County,OR",42.54405029999999,-124.2781761,
"Logan County,AR",35.2475011,-93.66232389999999,
"Hood River County,OR",45.5605475,-121.6378798,
"Dawson County,GA",34.412912,-84.14351359999999,
"Gage County,NE",40.1989041,-96.663812,
"Rockbridge County,VA",37.8062214,-79.5153773,
"Macon County,TN",36.4983882,-85.971322,34.3112244897959
"Yell County,AR",35.0810824,-93.33889169999999,
"Beckham County,OK",35.2687266,-99.634135,
"Northampton County,NC",36.4159635,-77.4242972,
"Franklin County,GA",34.3645724,-83.2077645,
"Meriwether County,GA",33.0561282,-84.68974949999999,
"McDuffie County,GA",33.5258626,-82.5185837,
"Ashley County,AR",33.1565939,-91.7538817,
"Dodge County,GA",32.1287268,-83.2077645,
"Phillips County,AR",34.4611206,-90.86751339999999,
"Lincoln County,WV",38.1761009,-82.08429009999999,21.0084033613445
"Goochland County,VA",37.74159969999999,-77.973865,
"Leelanau County,MI",45.0821226,-86.07336339999999,
"Washington County,IA",41.3477966,-91.7538817,
"Ogemaw County,MI",44.3270741,-84.1857115,
"Worth County,GA",31.5282489,-83.8897057,
"Wabasha County,MN",44.3020812,-92.2236667,44.4617
"Asotin County,WA",46.1460123,-117.2085208,
"Anderson County,KY",37.998648,-84.981754,
"Nobles County,MN",43.71969319999999,-95.81428849999999,
"Union County,GA",34.8457601,-83.9744262,
"Mercer County,KY",37.8258603,-84.8984775,
"Conway County,AR",35.2727492,-92.6983868,
"Putnam County,GA",33.3069978,-83.3789389,
"Washington County,GA",32.962702,-82.82097399999999,
"Marengo County,AL",32.2459085,-87.77633329999999,
"Dakota County,NE",42.4040965,-96.5356449,
"Waynesboro City County,VA",38.0567092,-78.6114999,
"Crook County,OR",44.0978126,-120.0963654,
"Buchanan County,IA",42.4566006,-91.9099238,
"Butler County,AL",31.6760284,-86.6611083,
"Pacific County,WA",46.5180824,-123.8264512,
"Fayette County,IA",42.9258199,-91.9099238,
"Fillmore County,MN",43.6956298,-92.0665197,
"Martin County,MN",43.6266807,-94.479976,
"Carroll County,IA",42.0566912,-94.81059549999999,
"Wayne County,KY",36.7571907,-84.8567932,
"Saunders County,NE",41.168563,-96.663812,
"Madison County,NC",35.8237518,-82.6915429,
"Polk County,AR",34.5268097,-94.15137639999999,
"Texas County,OK",36.8301318,-101.4339148,
"Jones County,IA",42.1516737,-91.13530200000001,
"Kewaunee County,WI",44.5202599,-87.38107269999999,
"Polk County,NC",35.2686842,-82.1713632,
"La Paz County,AZ",34.0061091,-113.9536466,
"Hubbard County,MN",47.1860527,-94.94114230000001,
"Klickitat County,WA",45.888824,-120.9711029,
"Buena Vista County,IA",42.6705452,-95.1432068,
"McIntosh County,OK",35.3466151,-95.6457951,
"Washington County,NE",41.5541889,-96.19513200000002,
"Kent County,MD",39.2713804,-76.1319953,
"Elbert County,GA",34.0795372,-82.8640623,
"Dodge County,MN",43.9842889,-92.8577105,
"Woodward County,OK",36.413792,-99.3673084,
"Breckinridge County,KY",37.7982002,-86.4592091,
"Plumas County,CA",39.99268319999999,-120.8039474,
"Bourbon County,KY",38.2170752,-84.2278796,
"Allen County,KY",36.7650471,-86.21584969999999,
"Holmes County,FL",30.8740806,-85.80766,19.372
"Saluda County,SC",34.008713,-81.73494199999999,
"Jackson County,IA",42.1560699,-90.52578229999999,
"Marion County,KY",37.585137,-85.2308414,
"Paulding County,OH",41.0783882,-84.68974949999999,
"Berrien County,GA",31.3118535,-83.2077645,
"Madison County,FL",30.4586334,-83.5070203,
"Smith County,TN",36.2388468,-85.971322,38.1638
"Waseca County,MN",43.961388,-93.66232389999999,
"Union County,TN",36.3194272,-83.804868,33.541
"Houston County,MN",43.7051652,-91.44346900000001,
"Arkansas County,AR",34.2354138,-91.28910359999999,
"Poweshiek County,IA",41.6530119,-92.539603,
"Otero County,CO",37.9397663,-103.6362715,
"Pierce County,GA",31.343806,-82.1713632,
"Adams County,WA",46.9272238,-118.51098,
"Adair County,KY",37.076403,-85.31362179999999,
"Southampton County,VA",36.6788512,-77.10249019999999,
"Inyo County,CA",36.3091865,-117.5495846,86.0186
"Drew County,AR",33.5156463,-91.7538817,
"Cedar County,IA",41.8346154,-91.13530200000001,
"New Kent County,VA",37.4653757,-76.964306,
"Greene County,VA",38.3120359,-78.4524591,
"Banks County,GA",34.378542,-83.46435509999999,
"Schuyler County,NY",42.3796425,-76.8720961,
"Lamar County,GA",33.0765883,-84.14351359999999,
"Unicoi County,TN",36.073032,-82.5185837,31.4631
"Montour County,PA",41.02623029999999,-76.6874701,
"Appling County,GA",31.712238,-82.25832969999999,
"Hart County,KY",37.3101304,-85.84862360000001,
"Clayton County,IA",42.7785285,-91.28910359999999,
"Franklin County,AR",35.5927966,-93.8248241,
"Jackson County,AR",35.6479574,-91.13530200000001,
"Randolph County,AR",36.3457918,-90.9820668,
"Cross County,AR",35.2998913,-90.8294002,
"Pike County,GA",33.0881873,-84.3962535,
"Morgan County,GA",33.5794186,-83.46435509999999,
"Grant County,AR",34.2628015,-92.4208713,
"Bristol City County,VA",36.5313769,-82.3328532,
"Yancey County,NC",35.888897,-82.34518899999999,
"Chaffee County,CO",38.7536679,-106.2522143,
"Avery County,NC",36.1198414,-81.909826,
"Bond County,IL",38.902985,-89.4742177,
"Delaware County,IA",42.4634009,-91.44346900000001,
"Ben Hill County,GA",31.7664035,-83.2077645,
"Russell County,KY",36.9806476,-85.0649071,
"Morgan County,WV",39.5073361,-78.24761459999999,35.746201966041106
"Benzie County,MI",44.645845,-86.03712639999999,
"Mason County,KY",38.6194103,-83.8897057,
"Potter County,PA",41.6682559,-77.8367282,
"Lawrence County,AR",35.9969735,-91.13530200000001,
"Colonial Heights City County,VA",37.2141243,-77.3617755,
"Simpson County,KY",36.7772014,-86.6207943,
"Henry County,AL",31.4469377,-85.1894045,
"Van Buren County,AR",35.6266232,-92.539603,
"Giles County,VA",37.3132885,-80.6770787,
"Sharp County,AR",36.16759740000001,-91.44346900000001,
"Fayette County,AL",33.6871392,-87.77633329999999,
"Cook County,GA",31.1428037,-83.46435509999999,
"Pitkin County,CO",39.159101,-106.8178377,
"Chester County,TN",35.4270939,-88.6723578,29.7560975609756
"Spencer County,KY",38.0123167,-85.31362179999999,
"Sevier County,AR",34.0346222,-94.27436279999999,
"Gilchrist County,FL",29.6871128,-82.82097399999999,
"Jefferson County,GA",33.0740753,-82.4319405,
"Taylor County,WV",39.3417635,-79.96403389999999,
"Jefferson County,IA",41.0236358,-91.9099238,
"Lawrence County,IL",38.7157534,-87.77633329999999,
"Polk County,TN",35.1371578,-84.56414699999999,
"Seward County,NE",40.9078649,-97.0984646,
"Clay County,IA",43.1368038,-95.1432068,
"Dickinson County,IA",43.4049388,-95.18492189999999,
"Marion County,AR",36.3194702,-92.6983868,
"Dade County,GA",34.9109017,-85.47880649999999,
"Barbour County,WV",39.1398692,-80.0087746,
"Pawnee County,OK",36.2918339,-96.7065914,
"Dukes County,MA",41.4039539,-70.6692655,101.1941
"Humboldt County,NV",41.5931459,-118.5500954,
"Pike County,IL",39.5662363,-90.8294002,
"Dixie County,FL",29.5207227,-83.1649001,
"Iowa County,IA",41.6624604,-92.0665197,
"Floyd County,IA",43.0615947,-92.8577105,
"Rabun County,GA",34.9027286,-83.3789389,
"Alleghany County,VA",37.8531975,-80.0534923,
"Brooks County,GA",30.8730159,-83.54965659999999,
"Kanabec County,MN",45.9329034,-93.2883531,
"Park County,CO",39.0897928,-105.5943388,
"Baker County,OR",44.7652304,-117.67692,
"Clay County,AR",36.3492244,-90.37483540000001,
"Redwood County,MN",44.3516109,-95.3102505,
"Greene County,GA",33.5186591,-83.1649001,
"Casey County,KY",37.3157449,-84.8984775,
"King William County,VA",37.7372121,-77.1485163,
"Page County,IA",40.7635099,-95.1432068,
"Harrison County,OH",40.3340479,-81.1196075,
"Gulf County,FL",29.8001623,-85.35496499999999,
"Marshall County,OK",34.0103349,-96.79223549999999,
"San Juan County,WA",48.61180350000001,-122.9602621,
"Otoe County,NE",40.675971,-96.11029429999999,
"Renville County,MN",44.66744449999999,-94.976654,
"Madison County,AR",35.9466415,-93.66232389999999,
"Hamilton County,IA",42.4141275,-93.66232389999999,
"Grayson County,VA",36.6721195,-81.20781640000001,
"Las Animas County,CO",37.2994909,-104.1001326,
"Alamosa County,CO",37.654039,-105.876004,
"Henry County,KY",38.4268385,-85.14793639999999,
"Carroll County,IL",42.0385843,-89.9626799,
"Gunnison County,CO",38.6437083,-107.0067031,
"Choctaw County,OK",33.9851472,-95.51973939999999,
"Mills County,IA",41.0624496,-95.6457951,
"Morgan County,OH",39.6521907,-81.8224362,
"Kingfisher County,OK",35.9181468,-97.87216,
"Craig County,OK",36.7571907,-95.1432068,
"Nelson County,VA",37.7478599,-78.8835548,
"Union County,KY",37.6638744,-87.97268100000001,
"Roane County,WV",38.7564882,-81.42789839999999,
"Oglethorpe County,GA",33.9119731,-83.03613759999999,
"Pendleton County,KY",38.6900889,-84.359802,
"Butler County,IA",42.7502186,-92.8577105,
"Missaukee County,MI",44.366621,-85.02334599999999,
"Fulton County,PA",39.9048759,-78.1564432,
"Grand County,CO",40.0727382,-106.0640179,
"Jefferson County,FL",30.4311978,-83.8897057,
"Estill County,KY",37.6975384,-83.9744262,
"Monroe County,OH",39.7199038,-81.0754657,
"Calhoun County,FL",30.3475302,-85.1894045,
"Screven County,GA",32.7074673,-81.6035062,
"Faribault County,MN",43.6448766,-93.9878427,
"Long County,GA",31.7755541,-81.8224362,
"Fleming County,KY",38.3987633,-83.67739279999999,
"McIntosh County,GA",31.4748147,-81.38393260000001,
"Allamakee County,IA",43.2430754,-91.44346900000001,
"Manassas Park City County,VA",37.4315734,-78.6568942,
"Newton County,IN",40.9703076,-87.42075179999999,
"Mono County,CA",37.9218608,-118.9528645,
"Saline County,NE",40.4930367,-97.179026,
"Larue County,KY",37.5189552,-85.7256372,
"Atoka County,OK",34.4509901,-95.9832577,
"Lincoln County,AR",33.9185116,-91.714958,
"Ford County,IL",40.4988592,-88.2071598,
"Williamsburg City County,VA",37.2707022,-76.7074571,
"Clarke County,VA",39.15165830000001,-77.973865,
"Hardy County,WV",39.0416116,-78.9288242,
"Hughes County,OK",35.1380279,-96.3226072,
"Cass County,IA",41.2538068,-94.976654,
"Morgan County,KY",37.9145713,-83.2934086,
"Jasper County,GA",33.3246924,-83.7199136,
"Lewis County,KY",38.5079686,-83.3789389,
"Wadena County,MN",46.6415934,-94.936044,
"Cannon County,TN",35.8070317,-86.05296039999999,
"Moffat County,CO",40.6138379,-108.2377519,
"Howard County,AR",34.1318213,-94.028678,
"Izard County,AR",36.1610924,-91.9099238,
"York County,NE",40.7941448,-97.5247243,
"Cass County,IL",39.9398601,-90.26200419999999,
"Webster County,KY",37.4892188,-87.7369607,
"Murray County,OK",34.4383273,-97.0498442,
"Madison County,VA",38.436934,-78.24761459999999,
"Little River County,AR",33.6808926,-94.19234000000002,
"Pamlico County,NC",35.1337865,-76.6874701,
"Bleckley County,GA",32.4087854,-83.3789389,
"Desha County,AR",33.8773585,-91.44346900000001,
"Pend Oreille County,WA",48.43590649999999,-117.3173375,
"Caldwell County,KY",37.1501019,-87.89424509999999,
"Lunenburg County,VA",36.92614349999999,-78.24761459999999,
"Appanoose County,IA",40.6806102,-92.8577105,
"Glades County,FL",26.984415,-81.0754657,
"Haskell County,OK",35.2393825,-95.1015225,
"Butler County,KY",37.2086395,-86.7013894,
"Marshall County,IL",40.9972934,-89.3606298,
"Todd County,KY",36.8338638,-87.14228949999999,
"Grundy County,IA",42.4369506,-92.8577105,
"Stone County,AR",35.8075142,-92.2236667,
"Northampton County,VA",37.226762,-75.9927652,
"Falls Church City County,VA",38.88233400000001,-77.1710914,
"Fulton County,AR",36.3797374,-91.7928402,
"Greensville County,VA",36.60568860000001,-77.6077865,
"Okfuskee County,OK",35.4878871,-96.3226072,
"Shelby County,IA",41.7177667,-95.3102505,
"Edmonson County,KY",37.1941682,-86.21584969999999,
"Poquoson City County,VA",37.4315734,-78.6568942,
"Archuleta County,CO",37.1604318,-107.0067031,
"Pulaski County,GA",32.232644,-83.46435509999999,
"Rio Grande County,CO",37.5749508,-106.4405872,
"Blaine County,OK",35.8825489,-98.3964938,
"Grant County,WV",39.1042079,-79.1548533,
"Heard County,GA",33.2990406,-85.14793639999999,
"Chicot County,AR",33.3419551,-91.28910359999999,
"Washington County,KY",37.7516142,-85.14793639999999,
"Cottonwood County,MN",44.0488692,-95.3102505,
"Washita County,OK",35.3234027,-98.92453429999999,
"Bath County,KY",38.1068164,-83.7199136,
"Pushmataha County,OK",34.4820384,-95.3102505,
"Noble County,OK",36.4799034,-97.179026,
"Franklin County,FL",29.7817695,-84.8567932,
"Bradley County,AR",33.5081368,-92.2236667,
"Lancaster County,VA",37.7475945,-76.5025742,
"Box Butte County,NE",42.19114709999999,-103.0817903,
"Pike County,AR",34.1876975,-93.66232389999999,
"Green County,KY",37.2570117,-85.56121,
"Scott County,AR",34.8854732,-93.9878427,
"Watonwan County,MN",43.9323091,-94.479976,
"Alleghany County,NC",36.4940839,-81.1196075,
"Latimer County,OK",34.835035,-95.3102505,
"Essex County,VA",37.9671684,-76.964306,
"Skamania County,WA",45.9428524,-121.8962257,
"Red Willow County,NE",40.2353963,-100.5296115,
"Early County,GA",31.3901106,-84.8984775,
"Evans County,GA",32.1427011,-81.909826,
"Pope County,MN",45.5472257,-95.4363717,
"Middlesex County,VA",37.6040106,-76.5257007,
"Johnston County,OK",34.2855117,-96.62106109999999,
"Custer County,NE",41.3491322,-99.72326729999999,
"Carroll County,KY",38.6748355,-85.0649071,
"Mitchell County,IA",43.37107020000001,-92.8577105,
"Montgomery County,IA",41.0438839,-95.18492189999999,
"Franklin County,IA",42.7372361,-93.33889169999999,
"Clay County,NC",35.0964003,-83.7199136,
"Nowata County,OK",36.7344388,-95.6457951,
"Colfax County,NE",41.6268435,-97.0068393,
"Keokuk County,IA",41.3397063,-92.2236667,
"Towns County,GA",34.9208214,-83.7199136,
"Perry County,AR",34.96032,-92.8976254,
"Yellow Medicine County,MN",44.7380445,-95.8564864,
"Holt County,NE",42.3803308,-98.6600586,
"Lee County,AR",34.7712669,-90.8294002,
"Jackson County,MN",43.598799,-95.1432068,
"Nantucket County,MA",41.2834904,-70.0994482,124.0133
"Metcalfe County,KY",37.0032438,-85.64348700000001,
"Lanier County,GA",31.02912689999999,-83.03613759999999,
"Yuma County,CO",40.1448234,-102.2547919,
"Cheyenne County,NE",41.2509264,-103.0817903,
"Humboldt County,IA",42.7482597,-94.19234000000002,
"Swift County,MN",45.2315651,-95.71960419999999,
"Modoc County,CA",41.4565165,-120.629366,
"Calhoun County,IA",42.3785903,-94.645035,
"Wayne County,NE",42.2479453,-97.179026,
"Irwin County,GA",31.5893221,-83.2934086,
"Montgomery County,AR",34.5424074,-93.66232389999999,
"Kiowa County,OK",34.9742541,-98.92453429999999,
"Marshall County,MN",48.36535199999999,-96.674424,
"Hancock County,GA",33.2882621,-83.03613759999999,
"Love County,OK",33.985839,-97.2221421,
"Palo Alto County,IA",43.1580878,-94.645035,
"Terrell County,GA",31.7370079,-84.4802606,
"Crittenden County,KY",37.3673645,-88.0900762,
"Phelps County,NE",40.4903536,-99.456155,
"Dawes County,NE",42.6551733,-103.0817903,
"Cuming County,NE",41.95401529999999,-96.83509989999999,
"Hamilton County,NE",40.919722,-98.04651849999999,
"Clear Creek County,CO",39.6904464,-105.6412527,
"Nevada County,AR",33.6621386,-93.33889169999999,
"Turner County,GA",31.6976531,-83.63484299999999,
"Woods County,OK",36.7181862,-98.7481167,
"Graham County,NC",35.3634623,-83.804868,
"Cedar County,NE",42.56103239999999,-97.179026,
"Seminole County,GA",30.9331429,-84.8984775,
"Murray County,MN",44.0243398,-95.81428849999999,
"Pocahontas County,WV",38.3101706,-80.0087746,21.043771043771
"Prairie County,AR",34.7636336,-91.5983959,
"Knox County,NE",42.6712397,-97.87216,
"Gilmer County,WV",38.9203312,-80.8543847,
"Cleveland County,AR",33.86580070000001,-92.2236667,
"Gallatin County,KY",38.7295069,-84.87763919999999,
"Franklin City County,VA",31.7700759,-106.489093,
"Hancock County,KY",37.8280909,-86.761749,
"Bracken County,KY",38.7117016,-84.05902900000001,
"Butler County,NE",41.1375727,-97.179026,
"Keith County,NE",41.1815863,-101.5248055,
"Richardson County,NE",40.0898025,-95.6457951,
"Lyon County,KY",37.0247261,-88.0900762,
"Kit Carson County,CO",39.3844507,-102.5298028,
"Searcy County,AR",35.9721,-92.6983868,
"Monroe County,AR",34.5918747,-91.13530200000001,
"Dallas County,AR",34.0346533,-92.6983868,
"Tillman County,OK",34.4478348,-98.92453429999999,
"Monroe County,IA",41.0040981,-92.8577105,
"Trousdale County,TN",36.396385,-86.15482689999999,
"Merrick County,NE",41.2031926,-98.0028892,
"Lafayette County,AR",33.2511695,-93.62178019999999,
"Pleasants County,WV",39.3761707,-81.1416691,
"Worth County,IA",43.3580686,-93.33889169999999,
"Jefferson County,NE",40.16807319999999,-97.179026,
"Major County,OK",36.3479671,-98.5281613,
"Rappahannock County,VA",38.6762327,-78.1564432,
"San Miguel County,CO",37.9781237,-108.1428669,
"Lake County,CO",39.1941167,-106.2992912,
"Pierce County,NE",42.2257474,-97.5247243,
"Nemaha County,NE",40.4074745,-95.81428849999999,
"Tucker County,WV",39.1083806,-79.6502105,
"Nicholas County,KY",38.37676250000001,-84.05902900000001,
"Ida County,IA",42.3418685,-95.4777811,
"Lexington City County,VA",37.78402080000001,-79.4428157,
"Wallowa County,OR",45.592984,-116.9717994,
"Burt County,NE",41.8252059,-96.3226072,
"Fulton County,KY",36.5630482,-89.1324866,
"Huerfano County,CO",37.6125984,-104.9388853,
"Antelope County,NE",42.1902446,-98.04651849999999,
"Rio Blanco County,CO",39.9814297,-108.2377519,
"Buena Vista City County,VA",37.7343004,-79.35392379999999,
"Clay County,NE",40.5975479,-98.04651849999999,
"Kearney County,NE",40.5328331,-98.92453429999999,
"Jefferson County,OK",34.1672949,-97.87216,
"Howard County,NE",41.20204349999999,-98.5721016,
"Bedford City County,VA",41.1915348,-73.6588953,
"Stanton County,NE",41.9329995,-97.179026,
"Miller County,GA",31.2008218,-84.7315563,
"Grant County,MN",45.9729315,-96.0471362,
"Dixon County,NE",42.4257719,-96.83509989999999,
"Covington City County,VA",37.7882202,-80.03113640000001,
"Coal County,OK",34.568577,-96.2800864,
"Fillmore County,NE",40.47101190000001,-97.5247243,
"Alfalfa County,OK",36.7435919,-98.3964938,
"Beaver County,OK",36.7440186,-100.5296115,
"Lincoln County,CO",39.0457549,-103.3587288,
"Gilpin County,CO",39.8770159,-105.4536718,
"Polk County,NE",41.1526688,-97.56805949999999,
"Scott County,IL",39.6094934,-90.4879916,
"Thayer County,NE",40.1460895,-97.5247243,
"Cook County,MN",47.6051056,-90.49317669999999,
"Morrill County,NE",41.6552418,-102.989615,
"Furnas County,NE",40.12139699999999,-99.99122539999999,
"Hamilton County,NY",43.4764406,-74.4056612,
"Washington County,CO",40.063745,-102.989615,
"Dewey County,OK",36.017265,-98.92453429999999,
"Bath County,VA",38.111733,-79.6502105,
"Ouray County,CO",38.2016133,-107.763621,
"Storey County,NV",39.4089847,-119.5571677,
"Kimball County,NE",41.1856601,-103.6362715,
"Nance County,NE",41.3995947,-98.04651849999999,
"Harlan County,NE",40.1665848,-99.456155,
"Franklin County,NE",40.20898570000001,-98.92453429999999,
"Quitman County,GA",31.8485969,-84.981754,
"Gosper County,NE",40.4604851,-99.8124935,
